Titulo,URL,Cuerpo,Fecha,Autor,Pais,Medio
Migración y la orden presidencial,https://www.elheraldo.co/cartas-de-los-lectores/2026/09/02/migracion-y-la-orden-presidencial/,"Lo anterior me trae a la memoria dentro de tantas tesis el cómo fue la migración hacia América, dentro de ellas la migración qué vino desde el continente Asiático hasta el Americano, por el estrecho de Bering, este es un estrecho de 82 kilómetros, siendo este un brazo del mar que une a Rusia con Alaska, incluso se predica que en época de invierno se forma una capa no muy sólida que impidió qué pasarán animales grandes a América, además de los rasgos orientales qué tienen nuestros aborígenes, es importante entender que el concepto básico es Migrante, y los derivados desde el sitio de donde se mire.
Inmigrante: La misma persona vista desde el país de llegada (el que entra) Emigrantes: La misma persona vista desde su país de origen (el que sale) Desde el punto de vista de los derechos humanos, en el artículo 13 de la Declaración de los derechos humanos se enseña y garantiza “la libertad de circulación, de movimiento y de residencia dentro y fuera de un país ”
Lo anterior no indica que no se pueda regular esta estadía tal como Colombia lo hizo con los nacionales venezolanos, mediante el Decreto 216 del año 2021 (Estatuto temporal de protección para migrante venezolanos) mediante el cual se le otorgan derechos por 10 años, en salud, trabajo y estudio. Según datos ya están regularizados 2.300.000 y todavía faltando 500 mil aproximadamente. Es bueno aclarar que ser migrante no esta tipificado como delito, ser migrante no es delito, es una irregularidad administrativa. Cosa diferente podría ser si este migrante ante la resolución de deportación y por estar Venezuela tan cerca (diferente a los Estados Unidos) este al volver es posible que este concurriendo ante el delito de “Fraude Procesal ” y aquí sí podría estar en una conducta penal, de todas maneras, se tendría que mirar el caso concreto.
Resumen: El ser migrante no es delito, Tiene amparo en el artículo 13 en la declaración de los derechos humanos, los países tienen la potestad de regular su estadía entre ellos juzgar a los que cometan delitos dentro de su territorio, así como deportar a los que estén de manera irregular.",2026-09-02T05:00:00Z,Redacción ELHERALDO.CO,Colombia,El Heraldo
Orden sin estigma,https://www.elheraldo.co/columnas-de-opinion/2026/08/27/orden-sin-estigma/,"La diáspora venezolana merece revisión aparte. Por persecución política o razones económicas y sociales, Colombia se convirtió en uno de sus principales destinos, entre otros factores, por la extensa frontera terrestre, los históricos vínculos familiares y la facilidad de desplazamiento entre ambos países.
De casi 8 millones de venezolanos que han salido de su país, Migración Colombia registró, a agosto de 2025, 2.831.561 en Colombia. El 83% en condición migratoria regular y el 17% irregular. Aunque existe un margen de subregistro, para junio de 2026 el país había expedido 2.320.356 Permisos por Protección Temporal (PPT). Por tanto, la imagen de que los venezolanos en Colombia son ilegales es incorrecta. La gran mayoría de la población registrada ha accedido a mecanismos de regularización.
El asunto más complejo se circunscribe a quienes continúan incumplimiento las reglas. Un sector puede aprovechar esa condición para cometer delitos y contribuir a la inseguridad. Otros simplemente no accedieron a la formalización en los plazos establecidos, ingresaron después irregularmente o perdieron su permanencia legal y hoy encuentran cerrado el acceso general al PPT para nuevos migrantes adultos.
Conviene no confundir las cosas. Estar irregularmente en Colombia no equivale a ser delincuente. Una cosa es infringir las normas migratorias y otra, cometer un delito. La primera genera consecuencias administrativas. La segunda exige actuación de la justicia.
Esta distinción deja entender por qué no se puede simplemente deportar de manera indiscriminada a quienes se encuentran en situación irregular. Cada persona tiene derecho al debido proceso y pueden existir circunstancias que impidan su devolución. La Corte Constitucional ha reiterado el principio de no devolución cuando el retorno pueda poner en riesgo derechos fundamentales y ha exigido identificar necesidades de protección internacional.
Poner la casa en orden y combatir la delincuencia es un propósito legítimo. Hacerlo respetando la dignidad humana también debe serlo. A los delincuentes, todo el peso de la ley. A quienes simplemente enfrentan una situación migratoria irregular, la aplicación de las normas, el debido proceso y un trato digno.
Y frente a una realidad que no desaparecerá por decreto, Colombia debería considerar un nuevo camino de regularización, general o focalizado, para quienes quedaron por fuera de los mecanismos existentes. Ordenar la migración también significa ofrecer alternativas legales para salir de la irregularidad.
Someter a soldados y policías a las presiones de los candidatos en medio de un conflicto es una irresponsabilidad. Como lo es abrir la puerta para que el presidente de turno intente cooptar el voto de los uniformados usando su poder de Comandante Supremo.
El Código Penal contempla delitos como daño en bien ajeno, perturbación del transporte, obstrucción de vías, violencia contra servidor público y asonada. Y cuando concurran rigurosamente sus elementos, también terrorismo.
Para Venezuela y los venezolanos, el acuerdo ni siquiera puede celebrarse como un triunfo de reactivación económica mientras los recursos derivados de esa reactivación petrolera sigan bajo el control de un régimen que ha empobrecido al país y violado sistemáticamente los derechos humanos de sus ciudadanos.",2026-08-27T05:00:00Z,Rodney Castro Gullo,Colombia,El Heraldo
Organización Venezolanos en Barranquilla pide al Gobierno fortalecer la regularización migratoria ante nuevas medidas de control,https://www.elheraldo.co/colombia/2026/08/25/organizacion-venezolanos-en-barranquilla-pide-al-gobierno-fortalecer-la-regularizacion-migratoria-ante-nuevas-medidas-de-control/,"La organización Venezolanos en Barranquilla hizo un llamado al Gobierno nacional para que las nuevas acciones de control migratorio anunciadas por el presidente de la República, Abelardo De la Espriella, y la estrategia piloto que se implementará en Barranquilla, estén acompañadas de mayores oportunidades de regularización y garantías para la población migrante.
En un comunicado divulgado este 24 de agosto, la organización reconoció la facultad del Estado para hacer cumplir las leyes, proteger las fronteras y garantizar la seguridad. También respaldó que quienes cometan delitos respondan ante la justicia, sin importar su nacionalidad, siempre bajo el debido proceso y el derecho a la defensa.
Según la organización, Colombia ha desarrollado durante cerca de una década mecanismos de protección y regularización que permitieron a millones de venezolanos estudiar, trabajar, emprender y acceder a servicios.
El comunicado señala que actualmente más de 2,8 millones de venezolanos residen en Colombia y que más de 2,3 millones de Permisos por Protección Temporal (PPT) han sido otorgados desde la entrada en vigor del Estatuto Temporal de Protección.
La organización puso como ejemplo a padres y cuidadores cuyos hijos están escolarizados y documentados en Colombia, pero que no necesariamente cuentan con una ruta vigente para regularizar su situación.
Otro de los puntos centrales del pronunciamiento está relacionado con eventuales deportaciones o expulsiones. La organización pidió que estos procedimientos tengan en cuenta las condiciones particulares de cada persona y las circunstancias que podrían enfrentar al regresar a Venezuela.
En particular, llamó la atención sobre solicitantes del reconocimiento de la condición de refugiado que permanecen a la espera de una decisión y sobre personas que manifiestan tener temores fundados frente a un eventual retorno.
La organización también defendió el impacto económico y social de la población migrante. Señaló que los venezolanos residentes en el país trabajan, emprenden, generan empleo, pagan impuestos, estudian y participan en el desarrollo de las comunidades donde viven.
En ese sentido, solicitó al Gobierno explicar con claridad a quiénes estarán dirigidos los procedimientos, cuáles serán sus etapas y garantías, cómo se protegerá la unidad familiar y qué ocurrirá con las personas que tengan trámites o solicitudes pendientes .
Ante la posibilidad de que Barranquilla sea utilizada como ciudad piloto para la estrategia migratoria, Venezolanos en Barranquilla propuso que la capital del Atlántico también se convierta en un escenario de buenas prácticas.
La organización planteó crear una mesa de trabajo con el Gobierno nacional, la Cancillería y Migración Colombia , con el acompañamiento de la Defensoría del Pueblo y la participación de organizaciones de la sociedad civil y defensores de los derechos de refugiados y migrantes.",2026-08-25T15:29:15Z,Redacción ELHERALDO.CO,Colombia,El Heraldo
Chile permite la salida de migrantes venezolanos con pasaportes vencidos tras doble sismo,https://www.elheraldo.co/mundo/2026/06/30/chile-permite-la-salida-de-migrantes-venezolanos-con-pasaportes-vencidos-tras-doble-sismo/,"Chile facilitará la salida “por razones humanitarias” de los ciudadanos venezolanos que tengan sus pasaportes vencidos y quieran volver a Venezuela para ayudar en las labores de reconstrucción tras el doble terremoto o rencontrarse con sus seres queridos, informó este martes el Gobierno chileno.
“Muchos ciudadanos venezolanos que viven en nuestro país se encuentran en una situación de profundo estrés emocional ante la pérdida de familiares o bien tienen la intención y el deseo de colaborar con la reconstrucción de su país”, explicó el director del Servicio Nacional de Migraciones, Frank Sauerbaum.
Los ciudadanos venezolanos que quieran acogerse a este plan tendrán que ir al la sede de la Policía de Investigaciones de Chile (PDI) ubicada en el Aeropuerto Internacional Arturo Merino Benítez, el principal de Santiago, y rellenar un “simple” documento antes de subirse al avión que los lleve de vuelta a Venezuela, agregó Sauerbaum.
Miles de personas trabajan contrarreloj para hallar a más sobrevivientes a casi una semana de los terremotos de magnitud 7,2 y 7,5 que sacudieron el Caribe venezolano y han dejado hasta la fecha al menos 1.943 personas y 10.571 heridos, según el último conteo del Gobierno venezolano.
La relaciones diplomáticas entre Chile y Venezuela están suspendidas desde el 24 de julio de 2024, cuando el entonces presidente de Venezuela, Nicolás Maduro, ordenó el retiro de todo el personal diplomático en el país austral, en respuesta a las acusaciones de fraude electoral emitidas por exmandatario Gabriel Boric y gran parte de la comunidad internacional.
El cierre del consulado y la embajada venezolanas en Chile hace dos años dejó a gran parte de los 700.000 venezolanos radicados en el país en un limbo burocrático, sin posibilidad de hacer ningún trámite consular presencial.
Aunque el Gobierno venezolano habilitó recientemente una plataforma digital para hacer trámites online y permitió a terceros retirar pasaportes en Caracas, la realidad es que muchos venezolanos se sienten atrapados en Chile.
El Gobierno de José Antonio Kast ha mostrado su voluntad de restablecer relaciones consulares con Caracas y el mandatario ultraderechista, en un gesto inédito en años, conversó el jueves por teléfono con la presidenta encargada de Venezuela, Delcy Rodríguez, para mostrarle su solidaridad e informarle del envío de ayuda humanitaria y de rescate.
Paralelamente a los salvoconductos anunciados este martes, el Ejecutivo chileno está elaborando un plan para facilitar el regreso voluntario a sus países de origen a los más de 330.000 migrantes irregulares que viven en Chile -en su mayoría venezolanos-, que fue una de las principales promesas de campaña del líder ultraconservador.",2026-06-30T23:47:07Z,Agencia EFE,Colombia,El Heraldo
Migración Colombia e ICBF afirman que se ha regularizado al 90% de niños migrantes venezolanos en el país,https://www.elheraldo.co/colombia/2025/10/30/migracion-colombia-e-icbf-afirman-que-se-ha-regularizado-al-90-de-ninos-migrantes-venezolanos-en-el-pais/,"A través del primer boletín oficial sobre los menores de edad migrantes venezolanos en el país, Migración Colombia y el ICBF reportaron que se ha regularizado al 90% de las niñas, niños y adolescentes migrantes venezolanos en Colombia.
“De los casi 2,8 millones de personas población migrante venezolana en Colombia (a corte mayo) el 28,41% son niños, niñas y adolescentes”, explicó el Gobierno, indica do además que “la población migrante venezolana menor de edad tendrá los preregistros habilitados hasta el año 2031, en el marco de la garantía y prevalencia de esta población”.
A mayo de 2025, se estima que en Colombia hay cerca de 800.000 menores de edad migrantes venezolanos, de los cuales casi el 90% ya se encuentran regularizados por Migración Colombia en el marco del Estatuto Temporal de Protección para Venezolanos, ETPV.
“En septiembre de 2025, Migración Colombia puso en marcha el PEP-Tutor, un nuevo mecanismo que permite a los representantes o custodios de niñas, niños y adolescentes venezolanos regularizar su permanencia en el país. Esta medida, amparada en el Decreto 1209 de 2024, busca garantizar que los adultos responsables puedan acceder a servicios, empleo y educación formal, fortaleciendo así la protección integral de los menores a su cargo. Según el Observatorio de Migraciones de Migración Colombia, el programa tiene un potencial de cobertura de más de 270.000 niñas, niños y adolescentes venezolanos con Permiso por Protección Temporal (PPT), cuyos cuidadores ahora pueden tramitar su regularización ante el Estado colombiano”, se lee.
No obstante, el boletín advierte un incremento en los casos de violencias reportadas contra la niñez migrante, que aumentaron en más de un 58,78% entre 2019 y 2024, según datos oficiales del Sistema Nacional de Bienestar Familiar . Esta situación se relaciona con los riesgos de movilidad irregular, las rutas no seguras y la falta de acompañamiento familiar durante los desplazamientos. Las autoridades insisten en que estas cifras deben verse como un llamado urgente a fortalecer los mecanismos de protección y prevención en las zonas de frontera.
Y el apartado de Protección integral a la niñez migrante concluye que, solo en 2024, el ICBF atendió a más de 61.000 Niñas, Niños y Adolescentes (NNA) migrantes en servicios de prevención y protección, la mayoría en programas de primera infancia.
“En los más recientes dos años, oficiales de Migración Colombia identificaron cerca de 400 casos de falsificación de documentos para la salida de Niños, Niñas y Adolescentes y, gracias a la articulación con agencias homólogas internacionales, se prohibió el ingreso al país de 133 ciudadanos extranjeros (la mayoría estadounidenses), identificados como posibles agresores sexuales de menores de edad. Este año son cerca de 40 inadmitidos o expulsados por la autoridad migratoria”, finaliza el documento.",2025-10-30T17:53:48Z,Redacción País,Colombia,El Heraldo
Migrantes venezolanos radicados en San Onofre logran regular su estatus,https://www.elheraldo.co/colombia/2026/08/17/migrantes-venezolanos-radicados-en-san-onofre-logran-regular-su-estatus/,"La jornada, llena de esperanzas, se desarrolló con apoyo de la alcaldía de San Onofre  en la sede de la Casa de la Cultura.
Setenta y dos niños, niñas y jóvenes venezolanos que residen en el municipio de San Onofre, al norte del departamento de Sucre, avanzan en su proceso de formalización de migrantes.
Migración Colombia y la Defensoría del Pueblo con la coordinación de la alcaldía municipal hicieron posible la realización de una jornada de atención institucional para tal fin.
Durante este evento las familias participantes presentaron los certificados de estudio de los menores para darle paso al inicio del trámite del Registro Único de Migrantes Venezolanos (RUMV) y la inscripción para la obtención del Permiso por Protección Temporal (PPT).
La formalización de estos documentos busca asegurar el acceso de la población estudiantil migrante al sistema educativo, a la red de salud pública y a la oferta de programas sociales del Estado.
“En San Onofre queremos que ningún niño se quede sin estudiar por su nacionalidad. Seguimos trabajando para garantizar el goce efectivo de todos sus derechos”, dijo la administración que lidera Marta Cantillo Martínez.
EL HERALDO S.A. Prohibida la reproducción y utilización, total o parcial, de los contenidos en cualquier forma o modalidad, sin previa, expresa y escrita autorización, incluyendo su mera reproducción y/o puesta a disposición con fines comerciales, directa o indirectamente lucrativos. 2000 - 2024 ©
PBX: (57) (5) 3715000 Línea de atención: (57) (5) 3855050 / 018000 512200 Calle 53B N° 46 - 25, Barranquilla - Atlántico Bogotá: 3204982967",2026-08-17T00:24:02Z,Maria Victoria Bustamante Fernandez,Colombia,El Heraldo
"Integración de migrantes, tema central en diálogo que liderará Venezolanos en Barranquilla durante Foro Mundial sobre Migración",https://www.elheraldo.co/colombia/2025/08/31/integracion-de-migrantes-tema-central-en-dialogo-que-liderara-venezolanos-en-barranquilla-durante-foro-mundial-sobre-migracion/,"En el marco del Foro Mundial sobre Migración y Desarrollo que se adelantará en la ciudad de Riohacha la próxima semana, la organización Venezolanos en Barranquilla liderará el evento paralelo ‘Construyendo rutas de integración: desafíos y oportunidades para la población venezolana en América Latina’.
El evento reunirá a actores clave del Gobierno colombiano , organismos internacionales, banca multilateral y sociedad civil, con el propósito de reflexionar y avanzar en soluciones efectivas, sostenibles y coordinadas para la inclusión de la población migrante y refugiada venezolana en Colombia y la región.
El evento contará con la participación de Migración Colombia , la Organización Internacional para las Migraciones (OIM), el Banco Interamericano de Desarrollo (BID), Fundación Comparte y Veneactiva, quienes dialogarán sobre las rutas de integración , la movilidad laboral, la cooperación internacional y el rol de la sociedad civil en este proceso.
“Esta es una oportunidad estratégica para avanzar en soluciones concretas que respondan a las necesidades de las personas en movilidad humana y de las comunidades de acogida. Nuestra organización ha trabajado desde lo local, nacional e internacional promoviendo la apertura de espacios de diálogo y construcción colectiva, y este foro nos permite fortalecer la articulación y coordinación entre todos los actores involucrados”, indicó Juan Carlos Viloria Doria, vicepresidente de Venezolanos en Barranquilla.
De acuerdo a datos de la Plataforma de Coordinación Interagencial para Refugiados y Migrantes (R4V), en de América Latina y el Caribe, que ya concentra más del 85 % de los casi 7,9 millones de personas refugiadas y migrantes originarias de Venezuela, la presión sobre los sistemas de acogida es inmensa.
Colombia, como principal país receptor, acoge a más de 2,8 millones de venezolanos, mientras convive con una crisis humanitaria interna de más de 7 millones de desplazados, según cifras de ACNUR . “Estas cifras evidencian con claridad la urgencia, vigencia y pertinencia de este evento paralelo como plataforma para promover soluciones integrales, sostenibles y coordinadas”.",2025-08-31T15:19:23Z,Redacción ELHERALDO.CO,Colombia,El Heraldo
Venezolanos en Barranquilla participarán en Foro de Migración para impulsar mejores respuestas a las necesidades de esta población,https://www.elheraldo.co/atlantico/2025/08/31/venezolanos-en-barranquilla-participaran-en-foro-de-migracion-para-impulsar-mejores-respuestas-a-las-necesidades-de-esta-poblacion/,"El próximo miércoles 3 de septiembre, Venezolanos en Barranquilla participarán como panelistas en la decimoquinta edición del Foro Mundial sobre Migración y Desarrollo . La asociación liderará un evento paralelo llamado ‘Construyendo rutas de integración: desafíos y oportunidades para la población venezolana en América Latina’ en la Biblioteca Virtual Héctor Salah Zuleta, en Riohacha (La Guajira), de 12:00 m. a 1:15 p. m.
En el panel abordarán experiencias de integración socioeconómica , movilidad laboral, combate a la trata de personas y tráfico de migrantes. Asimismo, intercambiarán aprendizajes de distintos países y mostrarán el apoyo que el BID ha dado, mediante fondos, a la implementación de acciones de integración en beneficio de la comunidad migrante y comunidades de acogida.
“Este espacio es importante porque demuestra la capacidad que tenemos como sociedad civil de ser copartícipes y corresponsables en la implementación de respuestas a problemas que ya son muy bien conocidos por toda la comunidad”, explicó a EL HERALDO el vicepresidente de la organización, Juan Carlos Viloria .
El encargado informó que en este panel participarán expertos de talla internacional, tales María Narcisa Chavera, subdirectora de Extranjería de Migración Colombia; Fernando Medina, jefe de misión de la Organización Internacional para las Migraciones (OIM) en Colombia, y Francisco Zegarra, especialista de servicios de la unidad de migración del Banco Interamericano de Desarrollo (BID).
Además, participarán representantes de organizaciones de sociedad civil de Colombia y de Perú: Lala Lovera, directora de la Fundación Comparte, y Paulo Méndez, desde Lima, coordinador de integración socioeconómica de la organización VeneActiva.
“Estos foros permiten visibilizar el potencial que tiene la sociedad civil de ser aliada del Gobierno, del sector privado y de las organizaciones de cooperación. Así, las acciones de estas entidades —que finalmente son quienes toman las decisiones— pueden ser mucho más efectivas frente a las necesidades, que día a día aumentan, mientras que los recursos disponibles son cada vez más escasos”, aseveró Viloria.
Asimismo, el vicepresidente puso de presente que son cruciales estas acciones coordinadas , ya que permiten reflejar el potencial de la organización y buscar alianzas con entidades locales e internacionales.
Cabe recordar que Venezolanos en Barranquilla es una organización de sociedad civil integrada por profesionales de diversas áreas. Esta entidad hace parte de más de 30 espacios de articulación y coordinación a nivel internacional y nacional y tiene alianzas con 19 organizaciones de nueve países.
Colombia, como principal país receptor, acoge a más de 2,8 millones de venezolanos , mientras convive con una crisis humanitaria interna de más de 7 millones de desplazados (Acnur, 2025). El departamento del Atlántico alberga al menos 220.000 personas de esta población, y Barranquilla, como capital, concentra a 163.000 ciudadanos de Venezuela.
“Barranquilla ha sido una ciudad históricamente abierta a las migraciones de distintos continentes y, en los últimos años, ha recibido un fuerte impacto en los sistemas de salud, educación y empleo debido a la llegada de población proveniente de Venezuela. La respuesta de Barranquilla ha sido generosa y solidaria; hemos visto la disposición de las autoridades locales y de las diferentes secretarías para proveer servicios y garantizar derechos a esta población. Sin embargo, las capacidades institucionales son limitadas”, señaló Viloria.
Por otro lado, a nivel global, la crisis del desplazamiento forzado alcanza niveles sin precedentes: hacia fines de 2024, más de 123 millones de personas estaban desplazadas debido a conflicto, violencia y persecución, lo que equivale a una de cada 67 personas en el mundo (Acnur, 2024).
En la región de América Latina y el Caribe, que ya concentra más del 85 % de los casi 7,9 millones de personas refugiadas y migrantes originarias de Venezuela (Plataforma R4V, 2025), la presión sobre los sistemas de acogida es inmensa.",2025-08-31T18:56:13Z,Redacción Locales,Colombia,El Heraldo
Migración reporta normalidad en el flujo migratorio de la frontera entre Colombia y Venezuela,https://www.elheraldo.co/colombia/2026/01/07/migracion-reporta-normalidad-en-el-flujo-migratorio-de-la-frontera-entre-colombia-y-venezuela/,"Migración Colombia reportó este miércoles completa normalidad en los flujos migratorios de la frontera con Venezuela. Esto en medio de la situación originada en el vecino país por los bombardeos a zonas militares y civiles y la captura del presidente del régimen de Caracas, Nicolás Maduro , en un operativo realizado en la madrugada del pasado sábado por parte de los Estados Unidos.
“Los flujos migratorios regulares de ciudadanos venezolanos en diciembre de 2025 y comienzos de enero de 2026 se mantuvieron dentro de los patrones normales de la temporada festiva”, i ndicó la entidad.
Informó en este sentido que del 1 al 6 de enero se registraron 45.126 entradas y 44.722 salidas, y en La Guajira concretamente hubo 1.212 entradas y 1.079 salidas. Entre tanto, en 2025 hubo 73.596 entradas y 73.388 salidas.
El pasado martes Migración indicó que entre el 5 de diciembre de 2025 y el 4 de enero de 2026 se registraron 83.308 ingresos y 77.976 salidas de ciudadanos venezolanos a nivel nacional, lo que representa un 6,8 % más de entradas que de salidas, comportamiento que fue calificado como normal y consistente con la dinámica observada a lo largo de 2025.
El reporte explica que el monitoreo distingue entre flujos migratorios regulares, que corresponden a movimientos realizados cumpliendo los requisitos legales por los puestos de control migratorio, y flujos migratorios pendulares, asociados a cruces frecuentes en zonas de frontera por motivos laborales, comerciales o familiares. Para ambos tipos de flujo se establecen rangos que permiten identificar escenarios de normalidad, contingencia o situación crítica, en articulación con los planes de coordinación interinstitucional liderados por el Gobierno nacional.
En cuanto a los primeros días de enero de 2026, el análisis muestra que entre el 1 y el 4 de este mes se registraron 6.117 entradas y 5.390 salidas, lo que equivale a 727 registros más de entrada que de salida, comportamiento que el documento señala como acorde con las dinámicas propias de la temporada festiva de fin de año.
Por puestos de control migratorio en frontera con Venezuela, el informe detalla que los mayores volúmenes de flujo regular se concentran en la Regional Oriente, particularmente en los pasos del Puente Francisco de Paula Santander, el Puente Internacional Simón Bolívar y el Puente de la Unidad, mientras que en la Regional La Guajira el principal punto de monitoreo es el puesto migratorio de Paraguachón, y en la Regional Orinoquía el Puente Internacional Páez y el puesto fluvial de Puerto Carreño.
Finalmente, el reporte de Migración Colombia señala que el análisis comparativo de las entradas registradas en enero de 2026 frente al histórico de enero de 2025 evidencia una tendencia similar e incluso inferior en algunos momentos, y que el comportamiento de los flujos pendulares entre el 1 y el 4 de enero no muestra incrementos súbitos o anormales que indiquen cambios en el patrón habitual de la dinámica migratoria en la frontera colombo-venezolana.",2026-01-07T19:26:49Z,Redacción País,Colombia,El Heraldo
Migrantes venezolanos inyectan unos 3.000 millones de dólares anuales a través del consumo en Colombia,https://www.elheraldo.co/internacional/2025/12/17/migrantes-venezolanos-inyectan-unos-3000-millones-de-dolares-anuales-a-traves-del-consumo-en-colombia/,"Un informe lanzado este miércoles por la Organización Internacional para las Migraciones (OIM) , previo al Día Internacional del Migrante , expone cómo los millones de migrantes venezolanos establecidos en Latinoamérica y el Caribe aportan significativamente a las comunidades de acogida, con un consumo acumulado de más de 10.600 millones de dólares anuales en ocho países analizados.
También su impacto en la economía real es amplio: inyectan unos 3.000 millones de dólares anuales a través del consumo, una cifra comparable a más de la mitad de los ingresos de grandes conglomerados nacionales.
Además, si se eliminaran las barreras para la inserción laboral formal y se aprovechara plenamente el capital humano -considerando que el 74 % está empleado pero con alta informalidad- , el aporte fiscal podría escalar hasta los 804,3 millones de dólares (un 2,90 % de los ingresos fiscales), con un incremento potencial de más del 50 %.
En Perú la contribución fiscal real se situó en 526,9 millones de dólares en 2024, equivalentes al 1,35 % de la recaudación total o al 0,23 % del PIB nacional. El consumo estimado de los migrantes en el país alcanza los 2.400 millones de dólares, un monto que equipara al 80 % del presupuesto anual del Ministerio del Interior.
Sin embargo, Perú presenta una de las mayores brechas de oportunidad debido a la “degradación de habilidades”, ya que menos del 10 % de los profesionales venezolanos ejercen su carrera. Si se avanzara en la convalidación de títulos y la formalización, el ingreso fiscal podría aumentar un 51,3 %, alcanzando un potencial de 797,7 millones de dólares.
La integración laboral en Chile destaca por su alta tasa de empleo (89 %) y formalidad en comparación con sus vecinos, lo que se traduce en una recaudación fiscal real de 409,7 millones de dólares, representando el 1,03 % de los ingresos fiscales totales.
El escenario potencial en Chile proyecta una recaudación de 510,1 millones de dólares si se optimiza la inclusión de estos trabajadores. La migración ha sido clave para contrarrestar el envejecimiento poblacional local, aportando una fuerza laboral joven (promedio de 36 años) y activa.
Panamá registra el impacto relativo más alto de la región. La contribución fiscal de los migrantes venezolanos es de 203,2 millones de dólares, lo que constituye un notable 4,18 % de los ingresos fiscales totales del país y un 0,33 % del PIB.
Si se redujeran los costos de regularización y se facilitara el acceso al empleo formal, el aporte fiscal potencial de Panamá podría dispararse a 283,2 millones de dólares, elevando su peso al 5,83 % de la recaudación nacional.
A pesar de las barreras de regularización, la población venezolana en Ecuador aportó 46,9 millones de dólares al fisco (0,25 % de la recaudación total). El consumo local se estima en 876,2 millones de dólares, con un gasto focalizado en vivienda y alimentación.
El estudio destaca que el aporte per cápita ha crecido considerablemente en los últimos años, pasando de 84 dólares a 243 dólares, demostrando una mayor capacidad contributiva a medida que la población se asienta. En un escenario de plena integración, el aporte fiscal potencial ascendería a 55,9 millones de dólares.
La migración venezolana en República Dominicana se caracteriza por un fuerte perfil emprendedor y de inversión. Su aporte fiscal real es de 39,9 millones de dólares. Destaca la inversión de capital venezolano, que ha movilizado cerca de 180 millones de dólares y generado más de 2.500 empleos directos a través de más de 50 empresas registradas.
En Costa Rica, la contribución fiscal actual es de 40,2 millones de dólares (0,32 % de los ingresos totales). El consumo de esta población inyecta unos 261,3 millones de dólares a la economía costarricense, con un alto porcentaje destinado a educación y salud, lo que denota una inversión en capital humano a largo plazo.
El aporte potencial se calcula en 47,5 millones de dólares. Un dato relevante es el alto nivel educativo de los migrantes en el país (más del 40 % cuenta con educación universitaria), lo que representa un capital humano subutilizado por las barreras legales de contratación.
Aunque las cifras absolutas son menores por el tamaño de la isla, el impacto relativo es el más alto en términos de PIB. La contribución fiscal real es de 27,2 millones de dólares, lo que equivale al 0,75 % del PIB de la isla. El consumo local asciende a 113,5 millones de dólares, vital para su economía basada en servicios y turismo.",2025-12-17T23:14:35Z,Agencia EFE,Colombia,El Heraldo
"“La esperanza existe, pero el retorno no será inmediato”:  migrantes venezolanos",https://www.elheraldo.co/atlantico/2026/01/11/la-esperanza-existe-pero-el-retorno-no-sera-inmediato-migrantes-venezolanos/,"Tras la captura de Nicolás Maduro en la madrugada del 3 de enero, por orden del presidente de Estados Unidos, Donald Trump, se reactivó entre los migrantes venezolanos el deseo de regresar a su país. Sin embargo, aunque el anuncio generó entusiasmo inicial, líderes de la comunidad de migrantes en Barranquilla coinciden en que aún no existen condiciones reales para un retorno masivo.
Algunos llevan más de una década en Colombia, tienen empleo estable, sus hijos están en el sistema educativo y tienen acceso a servicios de salud, condiciones que hoy, en el vecino país, no están garantizadas.
Así lo explicó Juan Viloria, vicepresidente de Venezolanos en Barranquilla y presidente de la Alianza Global por los Derechos Humanos. “La intención de volver existe, pero solo si hay seguridad jurídica, institucional y garantías reales”, indicó.
Cabe recordar que desde la llegada de Hugo Chávez al poder, hace casi 30 años, se han registrado múltiples oleadas migratorias. Colombia, por su cercanía, fue el principal destino de esa diáspora que se asentó en distintas regiones del país.
Esos flujos migratorios han estado motivados por episodios políticos, económicos y sociales. Viloria recordó que muchos de estos ocurrieron con el golpe de Estado de 2002, elecciones presidenciales, protestas reprimidas, el cierre de fronteras en 2016, la crisis humanitaria entre 2017 y 2019 y la pandemia.
Para este líder y sus connacionales, lamentablemente su país no cuenta en este momento con la infraestructura necesaria para recibir un retorno masivo. “El sistema eléctrico, la red hospitalaria, las vías y los servicios públicos no soportarían el regreso de millones de personas”.
Reiteró, que, por ahora, el mensaje es claro: la esperanza existe, pero el retorno no será inmediato ni automático. Para muchos migrantes, volver a casa dependerá no solo de un cambio político, s ino de que Venezuela recupere las condiciones mínimas para garantizar una vida digna.
“Estamos de acuerdo en que se dé esta primera fase de estabilización. No hay capacidad inmediata de los factores de la oposición para ejercer control; es necesario depurar las fuerzas armadas y las instituciones, y eso pasa por desocupar el aparato del Estado”, afirmó Viloria.
De acuerdo con Viloria, si las condiciones comienzan a mejorar, la primera ola de retorno estaría conformada por los sectores más vulnerables de la población venezolana, aquellos que tuvieron mayores dificultades para establecerse fuera del país.
Posteriormente, señaló, podrían regresar parejas jóvenes y profesionales, especialmente aquellos que trabajan de manera remota y podrían hacerlo desde Venezuela bajo esquemas de trabajo nómada digital.
Viloria es médico de profesión, estudió en Barranquilla, y tanto para él como para otros migrantes, el regreso no significará una ruptura total con la vida construida en Colombia u otros países, sino una relación más flexible con su país de origen.
“Yo quiero regresar a Venezuela, pero regresar como turista: revisar mi apartamento, ver a mi gente, disfrutar mi tierra y volver. Mucha gente ya tiene su vida hecha afuera y va a mantener ese modelo”, afirmó.
Así coincide Gustavo Arias, un ingeniero mecánico y empresario que llegó a Barranquilla hace ocho años, desde Barcelona, en el oriente de Venezuela, en busca de nuevas oportunidades. Hoy es propietario de una ferretería industrial. Su decisión de salir del país se dio cuando la crisis económica y social hizo inviable cualquier posibilidad de desarrollo profesional.
Con nostalgia narró que en Venezuela no existían las condiciones mínimas para crecer o emprender, especialmente para la población joven. “La mayoría de quienes migramos éramos personas menores de 40 años. En Venezuela no había ninguna manera de desarrollarse”, señaló.
Aunque reconoce el arraigo que sienten los venezolanos por su tierra, Arias no contempla un retorno en el corto plazo. “Uno siempre tiene la ilusión de que las cosas mejoren, pero personalmente no tengo planes de regresar por ahora”,
Así como estos dos profesionales, muchos migrantes que se dedican en esta ciudad a oficios como el arreglo de uñas, estilistas, vendedores de tinto y trabajos técnicos, no todos contemplan regresar, no por ahora.
En el caso de Lisbeth Rivera, quien llegó a Barranquilla en 2016, desde Valencia, y después de mucho batallar en diferentes oficios, logró en la venta del tinto encontrar la estabilidad económica que no había podido tener en su país.
Sin embargo, fue enfática en afirmar en que ella sí regresará a su país, dejando a un lado el cariño que tiene por la gente de Barranquilla, piensa en la casa que dejó en Valencia y confía que con los anuncios por parte de E.E. UU. las cosas van a mejorar.
Moreno tiene nueve años de haber llegado a Barranquilla, y con su permiso permanente ha logrado tener un trabajo estable, se casó con una colombiana y está a la espera de la entrega de su casa; es por esta razón que sus planes no son regresar.
“Me gustaría quedarme e intentar invertir aquí en algo distinto a lo que hago ahora. Barranquilla y Maracaibo son muy parecidas: el clima, la gente, el ambiente. Por eso me siento cómodo y no descarto seguir construyendo mi vida aquí”, afirmó.
Ante el riesgo de un nuevo flujo migratorio desde Venezuela, la Asociación Colombiana de Ciudades Capitales (Asocapitales) lideró la primera reunión de la Red de Ciudades para la Acogida, la Inclusión y el Desarrollo, para evaluar su capacidad de respuesta y mitigar impactos humanitarios, sociales y económicos.
Durante el encuentro, en el que participaron representantes de las alcaldías de Bogotá, Barranquilla, Cartagena, Cali, Bucaramanga, Medellín, Santa Marta y Necoclí, se advirtió que, en un escenario crítico, hasta 560.000 migrantes venezolanos podrían ingresar a Colombia.
En el marco del inicio del año escolar 2026 en todo el territorio nacional, el Ministerio de Educación Nacional activó un plan de choque del sector educativo para garantizar el acceso, la permanencia y la continuidad en el sistema educativo de niñas, niños y jóvenes migrantes venezolanos.
Esta estrategia hace parte de las acciones prioritarias del Gobierno nacional para asegurar el derecho fundamental a la educación, con especial énfasis en zonas de frontera y territorios que enfrentan mayores desafíos derivados de la migración y contextos de conflictividad.
El plan contempla acompañamiento técnico, presencia institucional y trabajo articulado con las entidades territoriales certificadas en educación, con el fin de fortalecer la capacidad de respuesta del sistema educativo oficial.",2026-01-11T03:00:00Z,Claudia Sarmiento Rojas,Colombia,El Heraldo
Migración Colombia hace un llamado por posibles fraudes en Valledupar,https://www.elheraldo.co/colombia/2026/01/15/migracion-colombia-hace-un-llamado-por-posibles-fraudes-en-valledupar/,"Migración Colombia hace un llamado a los extranjeros domiciliados en Valledupar y en todo el territorio nacional para que no se dejen engañar por personas inescrupulosas que, a través de redes sociales, ofrecen de manera fraudulenta trámites relacionados con el Permiso por Protección Temporal (PPT) y otros servicios migratorios.
Este pronunciamiento se realiza luego de que un ciudadano de nacionalidad venezolana denunciara haber sido víctima de una estafa, tras contactar un perfil falso en la red social TikTok , en el cual la persona responsable se hacía pasar por un directivo de Migración Colombia, ofreciendo la supuesta expedición del PPT en un plazo de 24 horas, a cambio del pago de 160 mil pesos .
El ciudadano acudió de manera libre y voluntaria al Centro Facilitador de Servicios Migratorios de Valledupar, donde se verificó que el trámite ofrecido era completamente falso. Migración Colombia reiteró que el PPT es un trámite gratuito , que actualmente no se encuentra habilitada su expedición para personas adultas, y que ningún trámite ante la entidad requiere intermediarios ni pagos a terceros.
La entidad advierte sobre la proliferación de perfiles falsos en redes sociales que buscan aprovecharse de la necesidad y el desconocimiento de la población migrante, por lo que invita a los extranjeros a informarse únicamente a través de los canales oficiales y a denunciar cualquier intento de fraude en la página oficial www.migracioncolombia.gov.co o en redes sociales como @migracioncol.",2026-01-15T22:09:37Z,Milagro Sanchez Florez,Colombia,El Heraldo
Gobierno Trump revoca el Estatus de Protección Temporal para cerca de 250.000 venezolanos,https://www.elheraldo.co/mundo/2025/09/04/gobierno-trump-revoca-el-estatus-de-proteccion-temporal-para-cerca-de-250000-venezolanos/,"El Gobierno del presidente de Estados Unidos , Donald Trump, decidió revocar este miércoles el Estatus de Protección Temporal (TPS) otorgado a los venezolanos en 2021, lo que deja al borde de la deportación a un cuarto de millón de inmigrantes de ese país.
La secretaria de Seguridad Nacional (DHS, en inglés), Kristi Noem, anunció oficialmente que no extenderá la protección otorgada por el Gobierno del presidente Joe Biden (2021-2025) a cerca de 250.000 venezolanos y que expira el próximo 10 de septiembre.
Matthew Tragesser, portavoz del Servicio de Inmigración y Ciudadanía (USCIS), explicó en un comunicado que se decidió no extender el amparo dado el “importante papel” de Venezuela en el impulso de la migración irregular y el claro efecto imán creado por el TPS.
“Mantener o ampliar el TPS para los ciudadanos venezolanos socava directamente los esfuerzos de la Administración Trump para asegurar nuestra frontera sur y gestionar la migración de manera eficaz”, agregó.
La decisión se da después que el Tribunal del Noveno Circuito de Apelaciones de Estados Unidos ratificó el viernes pasado el fallo de un juez federal que concluyó que el fin del TPS para aproximadamente 600.000 venezolanos, incluidos los afectados por la decisión de hoy, es ilegal.
La querella legal busca proteger a dos grupos de venezolanos amparados por el TPS otorgado por el expresidente Biden, los de 2021, unos 250.000, y los beneficiarios de la extensión de 2023, unos 350.000.
El panel de tres jueces de apelación respaldó de forma unánime al juez Edward Chen del Tribunal de Distrito Norte de California, que examina una demanda entablada por la Alianza Nacional TPS y siete inmigrantes venezolanos afectados por la cancelación del amparo ordenada por el Departamento de Seguridad Nacional (DHS) en febrero pasado y que en ese momento afectó directamente a 350.000 venezolanos a los que se les terminó el amparo en abril pasado.
El fallo del Noveno Circuito reconoció además que los venezolanos afectados por la cancelación del TPS enfrentan graves perjuicios como la pérdida de empleo, la separación familiar, la detención y la deportación, según la Unión Estadounidense de Libertades Civiles (ACLU), que representa a los demandantes.",2025-09-04T04:57:12Z,Agencia EFE,Colombia,El Heraldo
Organizaciones exigen a Colombia investigar el atentado contra dos activistas venezolanos,https://www.elheraldo.co/colombia/2025/10/13/organizaciones-exigen-a-colombia-investigar-el-atentado-contra-dos-activistas-venezolanos/,"Diversas organizaciones de Venezuela exigieron este lunes al Gobierno de Colombia una investigación sobre el atentado contra dos activistas venezolanos en Bogotá , quienes resultaron heridos de bala, un hecho denunciado por la Defensoría del Pueblo colombiana.
En la red social X, la ONG Acceso a la Justicia condenó el atentado, ocurrido en el barrio bogotano de Cedritos, y solicitó al Gobierno del presidente colombiano, Gustavo Petro , la apertura de “investigaciones pertinentes para identificar” a “los responsables de este hecho”.
En ese sentido, la organización no gubernamental Provea exigió “una respuesta del Gobierno de Petro” y una “protección urgente a los defensores venezolanos en riesgo, muchos de ellos -señaló- atrapados en un limbo migratorio por trabas institucionales” de Migración Colombia.
“El Estado colombiano tiene la obligación de garantizar protección efectiva a personas defensoras, solicitantes de refugio y en condición de especial vulnerabilidad”, dijo Provea, que también pidió a la Fiscalía de ese país “llevar a cabo una investigación que permita esclarecer lo ocurrido y brindar medidas urgentes de protección a las víctimas”.
El Sindicato Nacional de Trabajadores de la Prensa (SNTP) igualmente condenó “enérgicamente” lo que calificó como “atroz atentado a tiros” contra “dos venezolanos hostigados y amenazados por hacer su trabajo en Venezuela y que se vieron obligados a salir del país para resguardar su integridad”.
“Ambos tienen procesos migratorios abiertos en Colombia, en donde han solicitado protección internacional ante la persecución de la que han sido víctimas. Esperamos que ambos se recuperen y exigimos a las autoridades colombianas una investigación transparente, exhaustiva y expedita que conduzca a castigar a los responsables”, escribió en X.
En la misma red social, la organización Caleidoscopio Humano expresó que ambos “fueron víctimas de violencia que el Estado colombiano es incapaz de controlar”, por lo que exhortó a Petro a pronunciarse y dar “seguridad a solicitantes de refugio”.
Según la Policía Nacional de Colombia, se trató de un “ataque sicarial” tras el que ambos fueron trasladados a una clínica, donde se encuentran fuera de peligro, aunque Velásquez tuvo que ser sometido a una cirugía.
La Defensoría del Pueblo de Colombia indicó que Velásquez había acudido a la entidad para solicitar acompañamiento en su trámite de protección internacional, tras huir de Venezuela por “persecución derivada de su labor en defensa de los derechos humanos”.",2025-10-13T22:10:13Z,Agencia EFE,Colombia,El Heraldo
"Estas son las hipótesis del atentado contra activistas venezolanos, heridos a bala en Bogotá",https://www.elheraldo.co/colombia/2025/10/14/estas-son-las-hipotesis-del-atentado-contra-activistas-venezolanos-heridos-a-bala-en-bogota/,"Las víctimas fueron identificadas como Yendri Velásquez, quien es defensor de derechos humanos, activista LGBTIQ+ y solicitante de refugio en Colombia, según denunció la Defensoría del Pueblo; y Luis Alejandro Peche Arteaga , consultor político venezolano.
De acuerdo con la Policía Nacional, se trató de un “ataque sicarial” en contra de ambos ciudadanos extranjeros. Asimismo, una de las hipótesis principales señala que el ataque buscó intimidar a los activistas para silenciar su labor en Colombia.
Según fuentes citadas por El Tiempo, los investigadores también indicaron que podría tratarse de una estrategia violenta para obligarlos al exilio forzado , y que bajo esta presión abandonen el territorio nacional.
La Fiscalía y la Policía evalúan varias evidencias para esclarecer los hechos, entre ellas el uso de armas traumáticas y la cercanía entre las víctimas y los atacantes. De igual manera, el carro abandonado en Suba , donde se desplazaron los atacantes, ya que adentro del vehículo las autoridades no hallaron armas de fuego convencionales.
De acuerdo al medio antes citado, este hallazgo sugiere que el objetivo no era ejecutar un asesinato sino “dejar un mensaje” contundente. “El caso no corresponde al patrón habitual de sicariato” , detalló una fuente vinculada a la investigación.
El Tiempo también señaló que los investigadores descubrieron que los presuntos responsables del ataque armado vivían en el mismo edificio de las víctimas, ocupando el apartamento 204; y los activistas venezolanos residían en el 504.",2025-10-14T11:20:15Z,Redacción ELHERALDO.CO,Colombia,El Heraldo
"Detienen en Panamá a un migrante venezolano, presunto miembro de la banda Tren de Aragua",https://www.elheraldo.co/internacional/2025/09/01/detienen-en-panama-a-un-migrante-venezolano-presunto-miembro-de-la-banda-tren-de-aragua/,"Un migrante venezolano, presunto miembro de la banda transnacional Tren de Aragua y que mantenía una alerta emitida por Estados Unidos, fue detenido en Panamá por la policía fronteriza cuando intentaba regresar de manera voluntaria a su país de origen, según informaron este lunes las autoridades panameñas.
El venezolano de 28 años “fue aprehendido por unidades del Tercer Batallón Pacífico del Servicio Nacional de Fronteras en conjunto con personal del Servicio Nacional de Migración, durante un proceso de verificación a través del sistema de registro biométrico”, señaló el Servicio Nacional de Fronteras (Senafront/ Policía fronteriza).
Fue detenido cuando intentaba regresar a Venezuela, en el marco del flujo migratorio hacia el sur, en la remota comunidad de Jaqué, en provincia de Darién, la frontera natural con Colombia usada hasta el año pasado como ruta desde Sudamérica para llegar hasta Estados Unidos, según confirmó a EFE una fuente oficial.
El migrante “se encontraba de manera irregular en territorio panameño y, tras la verificación, se confirmó que mantenía una alerta emitida por el Gobierno de los Estados Unidos, por su presunta vinculación como miembro del grupo criminal conocido como el Tren de Aragua”.
Las autoridades señalaron que “se dirigía hacia su país de origen en retorno voluntario” pero que, “al momento de su verificación, mantenía en su poder los siguientes indicios: un teléfono celular, dos envoltorios con posible sustancia ilícita ( presuntamente marihuana ), una pipa para fumar y un encendedor”.
El 3er BATPAC en seguimiento a la Operación Falange IV, aprehendió a un ciudadano venezolano con alerta internacional por presunta vinculación al grupo criminal Tren de Aragua. Se le incautó presuntas sustancias ilícitas y quedó a disposición de las autoridades. #PlanFirmeza 🇵🇦 pic.twitter.com/NGJmCoYAms
El Tren de Aragua es una banda transnacional con origen en Venezuela, país que recientemente mantiene tensión con Estados Unidos ante el nutrido despliegue militar estadounidense en el Caribe para combatir el tráfico de drogas.
Más de 13.200 migrantes irregulares han ingresado a Panamá en lo que va de año, en su tránsito de regreso hacia el sur del continente, tras haber visto frustrado su intento de llegar a Estados Unidos, según las autoridades de Panamá.
Las Defensorías del Pueblo de Costa Rica, Panamá y Colombia cifran en más 14.000 las personas retornadas desde México y Estados Unidos en lo que va de 2025, lo que, según alertan, sería una crisis humanitaria creciente en la región por el aumento de la migración inversa.
Sin embargo, una batería de políticas implantadas por el Gobierno de José Raúl Mulino para frenar ese flujo, como el cierre de pasos no autorizados y vuelos de retorno, sumado a las duras medidas del nuevo presidente estadounidense, Donald Trump , redujeron drásticamente ese paso de migrantes por el Darién.
En total, en lo que va de año, 2.934 cruzaron la selva del Darién, la mayoría en enero, 2.229, mientras que el pasado julio lo hicieron solo siete personas, frente a los 302.000 que cruzaron en 2024 o los más de 520.000 en 2023.",2025-09-01T18:51:44Z,Agencia EFE,Colombia,El Heraldo
Migración Colombia realizará jornadas especiales en Barranquilla,https://www.elheraldo.co/atlantico/2025/04/05/el-permiso-de-proteccion-temporal-es-una-llave-para-acceder-a-servicios-martha-hernandez/,"En aras de promover la protección, el acceso a los derechos y la integración socioeconómica de la población migrante venezolana en el país, un grupo de Migración Colombia se desplazará a Barranquilla para entregar Permisos de Protección Temporal (PPT) a esta población.
La jornada se cumplirá entre los días 7 y 9 de abril en el Estadio Édgar Rentería , desde las 8:00 a. m., hasta las 3:00 p. m. Además, dentro de las actividades se encuentra una feria de servicios destinadas a aquellos migrantes que ya cuentan con PPT o están en proceso para obtenerlo.
Cabe destacar que las jornadas se realizarán dentro del proyecto ‘Acciones comunitarias para garantizar la protección, la inserción sociolaboral y la efectividad de derechos de la población migrante venezolana en Colombia’.
Martha Hernández, directora general (e) de Migración Colombia, le contó a EL HERALDO los beneficios esenciales a los que accederá esta población una vez obtengan sus permisos. Asimismo, detalló acerca del panorama de los migrantes venezolanos en el territorio colombiano.
El Permiso de Protección Temporal obedece a la implementación del Estatuto de Protección Temporal que el Gobierno nacional estableció para la población migrante venezolana. Este Gobierno está trabajando fuertemente en su política migratoria integral para no solo continuar con el proceso de regularización de la población inmigrante venezolana, sino también lograr una integración efectiva en el sistema de educación, salud, empleo y bancarización. Se busca que estos servicios garanticen los derechos de la población inmigrante venezolana y sean una realidad.
Con el reciente decreto del presidente se ha creado el PEP Tutor , dirigido a aquellos adultos responsables de niños, niñas y adolescentes que, al 31 de diciembre del 2023, realizaron el trámite de PPT o ya cuentan con el documento. Esto permite que los padres, tutores y representantes legales de estos menores también puedan acceder al sistema.
Sí, cualquier venezolano puede asistir. Sin embargo, solo los que tengan los Permisos de Protección Temporal podrán asistir a la feria de servicios. Aun así, quienes no tengan documentos pueden acudir para ser caracterizados por Migración Colombia y evaluar si existe alguna alternativa para regularizar su situación.
El migrante debe llevar un documento de identificación, ya que Migración Colombia cuenta con su información y le hará entrega del Permiso de Protección Temporal. Sin embargo, es necesario presentar un pasaporte válido o una cédula para verificar su identidad y hacer el proceso más rápido y efectivo.
Estarán presentes entidades como el Sena, el Ministerio de Salud , la Secretaría de Salud de Barranquilla, la Secretaría de Educación y representantes del sistema bancario. Esta feria busca garantizar el acceso a los servicios para quienes ya están regularizados o en proceso de regularización. Cabe resaltar que cuenta con financiamiento de la Agencia Española de Cooperación Internacional para el Desarrollo (AECID) y será liderada por la Gobernación del Atlántico y la Alcaldía de Barranquilla.
Actualmente, en Colombia hay aproximadamente 2.8 millones de inmigrantes venezolanos. De ellos, más de 2 millones están regularizados, incluyendo unos 61.000 que tienen cédula de extranjería. Más de 1.9 millones han obtenido el Permiso de Protección Temporal, lo que les permite acceder al sistema de salud, educación, bancarización y oferta laboral. Además, más de 300.000 ciudadanos venezolanos están en proceso de regularización y recibirán su permiso en jornadas como la que se llevará a cabo en el estadio de béisbol de Barranquilla. Actualmente, hay cerca de 450.000 ciudadanos venezolanos en situación irregular en Colombia, una proporción relativamente baja.
Situación irregular es cuando ciudadanos venezolanos que ingresaron al país no se reportan en el sistema. Aunque tenemos información parcial de algunos de ellos, no accedieron al sistema de manera oportuna o no han sido beneficiarios del Permiso Especial de Permanencia .
Esperamos que aproximadamente 180.000 personas asistan a la feria de servicios, la mayoría de ellas residentes en Barranquilla. Actualmente, 129.000 personas en el Atlántico ya tienen su Permiso de Protección Temporal , y queremos que se acerquen a la feria para acceder a oportunidades laborales, bancarización, salud y educación. También buscamos que, quienes aún no tienen su permiso, lo reclamen, ya que es la llave para acceder a estos servicios.",2025-04-05T03:00:00Z,Linda Donado,Colombia,El Heraldo
“Estábamos listos para entregar soluciones reales a los migrantes en Barranquilla”: asociaciones venezolanas,https://www.elheraldo.co/atlantico/2025/04/11/estabamos-listos-para-entregar-soluciones-reales-a-los-migrantes-en-barranquilla-asociaciones-venezolanas/,"La decisión del presidente Gustavo Petro de quitarle a Barranquilla la sede del Foro Global sobre Migración y Desarrollo (FMMD) ha generado un ambiente preocupante en distintos sectores que tenían una participación activa y estrecha con el evento que se tenía previsto para el 11 al 13 de junio de 2025.
Faltando cerca de dos meses, el jefe de Estado asignó a Riohacha como el epicentro que reunirá a cancilleres, extranjeros, y expertos para dialogar y cooperar sobre políticas y prácticas que vinculen la migración con el desarrollo. Pero más allá de cambiar un lugar, con esta decisión inició un efecto dominó que cayó sobre las asociaciones de venezolanos que hacen parte del comité local del magno foro.
Dentro de las asociaciones que están detrás de la organización del evento, se encuentran Venezolanos en Barranquilla, Fundación de Panas Que Sí, Fundación Empodérame, Corporación Cleo, Red de Mujeres, Identidad Diversas, Sembrando Saberes para la Paz, Entralazadas Machis, Rostro Caribe y Susana de León, representante de la Oficina de Migración de la Gobernación del Atlántico.
Esta casa editorial consultó a 4 agrupaciones encargadas, y sus representantes manifestaron rechazo y preocupación por la decisión del presidente. Una iniciativa que muchos coincidieron en catalogarla como apresurada, improvisada e irrespetuosa para con los extensos meses de trabajo que ya habían adelantado.
Pilin León, presidenta de Venezolanos en Barranquilla , una organización conformada por refugiados e inmigrantes venezolanos, expresó preocupación por el traslado del Foro, ya que considera que afecta seriamente la planificación, especialmente en términos de transporte, alojamiento y coordinación de actividades.
“Lo que nos llama poderosamente la atención es el aspecto logístico: ¿cómo no tienen en cuenta las facilidades que ofrece una ciudad como Barranquilla para recibir dignamente a tantas personas que vienen del exterior? (...) Sé que desde la organización central aún no se habían emitido todas las invitaciones ni los pasajes, pero deben estar ahora reorganizando todo el tema de conexiones de vuelos, transporte terrestre, y demás. Todo eso se ve seriamente afectado”, puntualizó la encargada.
La representante manifestó que ya estaban organizando las ponencias de la sociedad civil, se encontraban recibiendo solicitudes de participación en el foro, enviando invitaciones, y estudiando las voces que representarían las distintas problemáticas que enfrentan migrantes y refugiados en el mundo
Y añadió: “Si el foro se realiza, por supuesto que vamos a tener voz allí. La sociedad civil va a hablar, y con mucho gusto vamos a colaborar con las demás diásporas que participen. Pero, personalmente, me parece una decisión al menos apresurada”.
Por otra parte, el delegado de la Fundación Empodérame , Andrés Soto, calificó esta decisión como una improvisación y “una falta de respeto”, puesto que habían hecho construcciones de propuestas con enfoque territorial en Barranquilla.
“Muchas organizaciones de la sociedad civil estaban listas para entregar soluciones reales y concretas a las personas que viven en Barranquilla. Y eso es lo que debe buscar un foro como este: impactar directamente a quienes más lo necesitan, en su propio territorio. Ahora, con el cambio de sede, habría que empezar de nuevo a estudiar la situación de los migrantes en Riohacha, porque no es lo mismo”, dijo Soto.
Asimismo, advirtió que el cambio afecta la eficacia del foro, al perderse el impacto directo en los territorios que han trabajado por meses para este evento, especialmente aquellos con una alta población migrante como Barranquilla.
A propósito, Thailer Fiorillo, director de la Fundación De Panas Que Sí , señaló que esta decisión afecta la visibilidad del trabajo que realizan organizaciones como la suya en favor de la población migrante, especialmente venezolana y colombiana retornada.
Y confesó que  el cambio limita su participación debido a la falta de recursos para trasladarse, por lo que pierde una oportunidad clave para mostrar avances, necesidades y desafíos ante la cooperación internacional.
Fiorillo considera que esta situación se agrava aún más teniendo en cuenta la disminución del apoyo de la cooperación internacional, por lo que observa este veredicto con preocupación, ya que, en definitiva, “está afectando visiblemente a todas las organizaciones que formamos parte del evento”, destacó.
“Mi análisis es que este foro coincide con el cierre del ciclo de presidencia de Colombia en esta cumbre. Y siento que, como estamos al final del ciclo, no se le está dando la prioridad que merece. Cuando un país inicia su presidencia, la actitud es distinta. Pero ahora, lamentablemente, se le está restando importancia a un espacio clave, donde podrían lograrse acuerdos e impulsar debates necesarios”, finalizó la directora.",2025-04-11T18:22:04Z,Linda Donado,Colombia,El Heraldo
Desde Valledupar sale ayuda humanitaria a Venezuela,https://www.elheraldo.co/cesar/2026/06/26/desde-valledupar-sale-ayuda-humanitaria-a-venezuela/,"Desde que se conoció a nivel mundial el terremoto que sacudió la capital y centro de Venezuela , con movimientos telúricos mayores a 7.2 en la escala de la intensidad, se iniciaron campañas para recolectar donaciones de alimentos no perecederos, pañales para niños y adultos , ropa en buen estado, y cualquier otro elemento que sea de ayuda y trasladar hasta donde se encuentran los afectados.
Por ello desde Valledupar, en el departamento del Cesar, donde habitan un promedio de 40.000 migrantes venezolanos, según Migración Colombia, se inició una actividad para la recolección de dichas ayudas, trasladarlas en un principio a Maicao, luego la frontera, Maracaibo y así hasta llegar a los centros de acopio que ha dispuesto el Gobierno venezolano, recordando que la zona más afectada es el estado de La Guaira, ubicado a 26 kilómetros de Caracas.
El centro de acopio y la iniciativa de las donaciones fueron organizados por la Panadería y Restaurante Los Chamos, que está ubicada en la calle 16, frente al Éxito de Las Flores, de Valledupar, desde las 9:00 de la mañana hasta las 9:00 de la noche. Para ello están necesitando voluntarios para logística y organizar todo lo recibido y sea trasladado a Venezuela.
Mientras todas las donaciones se organizan en el mundo, en Caracas y La Guaira sigue la búsqueda de sobrevivientes. Hasta la tarde de este viernes 26 de junio el reporte oficial era de 920 fallecidos y 3.360 heridos. Más de 4.000 damnificados. 383 edificios con daños severos o destruidos. 1.423 obras de infraestructuras afectadas. De todo este panorama las zonas más afectadas son Caraballeda, Macuto, Los Corales, Catia La Mar y Playa Grande; todo esto en La Guaira.
Entre estos miles de heridos y damnificados se encuentra la médico pediatra Rosangela Gudiño Contreras, de 38 años, quien logró ser sacada desde los escombros del edificio Gradisca, en Macuto. La información que se conoce al momento es que cuerpos de socorro la rescataron y fue trasladada a un hospital en Caracas; aún falta por rescatar a su esposo Rancés Araújo y su hijo Matías, de 5 años.
Con el avance de los rescates y la ayuda internacional los venezolanos siguen con la esperanza de que el número de sobrevivientes aumente y el de fallecidos se mantenga. El Gobierno venezolano también ha indicado que desde el momento del sismo se han registrado 302 réplicas. La emergencia humanitaria continúa.",2026-06-26T20:59:13Z,Milagro Sanchez Florez,Colombia,El Heraldo
Alcaldía de Barranquilla habilita centro de ayudas para afectados por terremoto en Venezuela,https://www.elheraldo.co/atlantico/2026/06/25/alcaldia-de-barranquilla-habilita-centro-de-ayudas-para-afectados-por-terremoto-en-venezuela/,"Frente a la crisis humanitaria que atraviesa Venezuela por el doblete sísmico que afectó al país, la Alcaldía de Barranquilla habilitó un centro de acopio en la ciudad para brindar ayudas a los habitantes del vecino país.
“Venezuela, Barranquilla nunca te olvida. Hoy nuestros corazones están con ustedes. Les pedimos a todos los barranquilleros que nos unamos para apoyar a las familias venezolanas”, expresó el máximo mandatario del Distrito.
Venezuela, Barranquilla nunca te olvida. Hoy nuestros corazones están con ustedes. Les pedimos a todos los barranquilleros que nos unamos para apoyar a las familias venezolanas, llevando agua, alimentos no perecederos, insumos médicos, ropa, abrigos y colchonetas al centro de… pic.twitter.com/QQYtydf2oC
En ese sentido, el centro de acopio está ubicado en la carrera 43 #6-120, en Barranquillita , a donde pueden llegar las donaciones de los barranquilleros, organizaciones y fundaciones desde las 8:00 a.m. hasta las 4:00 p.m. a partir de mañana viernes 26 de junio.
Las labores de recolección de ayudas, lideradas por la Alcaldía de Barranquilla, cuentan con el apoyo de Organizaciones de la Sociedad Civil como la Asociación de Venezolanos en Barranquilla, Fundación De Pana Que Sí, Agencia Cultural 7-80, Corporación Rostro Caribe, Corporación Identidades Diversas, Fundación Renacer y entidades como Migración Colombia, Centro Intégrate y otros.",2026-06-25T16:40:37Z,Redacción Locales,Colombia,El Heraldo
Entregarán Permisos de Protección Temporal a migrantes venezolanos en Barranquilla,https://www.elheraldo.co/atlantico/2025/04/03/entregaran-permisos-de-proteccion-temporal-a-migrantes-venezolanos-en-barranquilla/,"En aras de promover la protección, el acceso a los derechos y la integración socioeconómica de la población migrante venezolana en Colombia, el despacho de Migración se desplazará a la capital del Atlántico para entregar Permisos de Protección Temporal (PPT) a esta población.
Estos documentos se otorgarán este 7, 8 y 9 de abril en el Estadio Édgar Rentería , desde las 08:00 a. m., hasta las 3:00 p. m. Las jornadas se realizan dentro del proyecto ‘Acciones comunitarias para garantizar la protección, la inserción sociolaboral y la efectividad de derechos de la población migrante venezolana en Colombia’.
Los PPT permiten a los migrantes acceder a servicios esenciales como salud, educación, bancarización, Sistema de Identificación de Potenciales Beneficiarios de Programas Sociales (Sisbén) y empleabilidad. Estos documentos, además, obedecen a la implementación del Estatuto de Protección Temporal, que el Gobierno estableció para esta población.
“Se busca que estos servicios garanticen los derechos de la población migrante venezolana y sean una realidad. En ese sentido, Migración Colombia , como autoridad migratoria, debe desarrollar estas políticas establecidas en nuestro Plan Nacional de Desarrollo y garantizar su cumplimiento”, manifestó a EL HERALDO la directora de Migración Colombia, Martha Hernández.
De acuerdo con la encargada, en Colombia hay aproximadamente 2.8 millones de migrantes venezolanos . De ellos, más de 2 millones están regularizados. A su vez, más de 1.9 millones han obtenido un PPT, lo que les ha permitido acceder a los beneficios mencionados.
Adicionalmente, 300.000 ciudadanos venezolanos están en proceso de regularización , y hay cerca de 450.000 en situación irregular, es decir, que no están registrados en el sistema de Migración Colombia.
“Actualmente, 129.000 personas en el Atlántico ya tienen su Permiso de Protección Temporal, y queremos que se acerquen a la feria para acceder a estas oportunidades. También buscamos que quienes aún no tienen su permiso lo reclamen, ya que es la llave para acceder a estos servicios. Este esfuerzo es un trabajo conjunto con la Alcaldía de Barranquilla, la Gobernación del Atlántico y la cooperación internacional”, expresó la directora.
Esta invitación va destinada tanto a los venezolanos que recibieron un correo electrónico o llamada de Migración, como a los que no, ya que se fomentan estos espacios para evaluar alternativas para regularizar la situación de los que no están registrados.
En caso de que asista, deberá llevar un documento de identificación , pasaporte válido (incluso si está vencido) o una cédula que valide su identidad, para agilizar el proceso de entrega del Permiso de Protección Temporal.
Finalmente, estas actividades cuentan con el apoyo financiero de la Agencia Española de Cooperación Internacional para el Desarrollo (Aecid) . Por otro lado, las personas que ya tengan su documento podrán participar en una feria de servicios, la cual se realizará con el apoyo de la Alcaldía de Barranquilla y la Gobernación del Atlántico.",2025-04-03T16:44:25Z,Redacción Locales,Colombia,El Heraldo
Entregarán permisos de protección temporal a migrantes venezolanos en Barranquilla,https://www.elheraldo.co/atlantico/2025/04/07/entregaran-permisos-de-proteccion-temporal-a-migrantes-venezolanos-en-barranquilla/,"La distribución tendrá lugar en las instalaciones del Estadio Édgar Rentería , en un horario comprendido entre las 8:00 de la mañana y las 3:00 de la tarde. Paralelamente, se llevará a cabo una feria de servicios destinada a quienes ya poseen el PPT.
Esta iniciativa hace parte del programa denominado “Acciones comunitarias para garantizar la protección, la inserción sociolaboral y la efectividad de derechos de la población migrante venezolana en Colombia”, que busca mejorar las condiciones de vida de esta comunidad.
Los PPT permiten a los migrantes acceder a servicios esenciales como salud, educación, bancarización, Sistema de Identificación de Potenciales Beneficiarios de Programas Sociales (Sisbén) y empleabilidad.
“Se busca que estos servicios garanticen los derechos de la población migrante venezolana. En ese sentido, Migración Colombia, como autoridad migratoria, debe desarrollar estas políticas establecidas en nuestro Plan Nacional de Desarrollo y garantizar su cumplimiento”, manifestó a EL HERALDO la directora de Migración Colombia, Martha Hernández.
La invitación a la feria va destinada a los venezolanos que recibieron un correo electrónico o llamada de Migración; sin embargo, los que aún no cuentan con los PPT, en este espacio podrán evaluar si existe alguna alternativa para regularizar su situación.
“En esta feria de servicios, que cuenta con financiamiento de la Agencia Española de Cooperación Internacional para el Desarrollo (Aecid) , podrán participar quienes ya tengan el permiso o estén en proceso de recibirlo. Además, estarán presentes entidades como el Sena, el Ministerio de Salud, la Secretaría de Salud de Barranquilla, la Secretaría de Educación y representantes del sistema bancario”, explicó la funcionaria.
De acuerdo con la encargada, en Colombia hay aproximadamente 2.8 millones de migrantes venezolanos. De ellos, más de 2 millones están regularizados. A su vez, más de 1.9 millones han obtenido un PPT, lo que les ha permitido acceder a los beneficios mencionados.
Adicionalmente, 300.000 ciudadanos venezolanos están en proceso de regularización, y hay cerca de 450.000 en situación irregular, es decir, que no están registrados en el sistema de Migración Colombia.
“Situación irregular se refiere a ciudadanos venezolanos que ingresaron al país y no se reportaron en el sistema. Aunque tenemos información parcial de algunos de ellos, no accedieron al sistema de manera oportuna o no han sido beneficiarios del Permiso Especial de Permanencia”, amplió la directora.",2025-04-07T03:00:00Z,Linda Donado,Colombia,El Heraldo
Requisitos para acceder a permisos de protección temporal a migrantes venezolanos en Barranquilla,https://www.elheraldo.co/barranquilla/2025/04/08/requisitos-para-acceder-a-permisos-de-proteccion-temporal-a-migrantes-venezolanos-en-barranquilla/,"Desde el pasado lunes 7 de abril Migración Colombia empezó a entregar decenas de permisos de protección temporal (PPT) a migrantes venezolanos en Barranquilla. Durante la jornada se pudieron observar largas filas a las afueras del estadio Edgar Rentería, las cuales se extendían hasta la vía 40, diagonal al puente de La María.
En el recinto deportivo no solo estaban personas interesadas en acceder por primera vez a su PPT o renovarlo, sino también todos aquellos ciudadanos que deseaban acceder a los beneficios que este certificado les brinda. Entre ellos se encuentran el acceso a salud, educación, bancarización, Sistema de Identificación de Potenciales Beneficiarios de Programas Sociales (Sisbén) y empleabilidad.
“Se busca que estos servicios garanticen los derechos de la población migrante venezolana. En ese sentido, Migración Colombia, como autoridad migratoria, debe desarrollar estas políticas establecidas en nuestro Plan Nacional de Desarrollo y garantizar su cumplimiento”, manifestó a EL HERALDO la directora de Migración Colombia, Martha Hernández.
Esta iniciativa está dirigida a los venezolanos que recibieron un correo electrónico o llamada de Migración; sin embargo, los que aún no cuentan con los PPT, en este espacio podrán evaluar si existe alguna alternativa para regularizar su situación.
“En esta feria de servicios, que cuenta con financiamiento de la Agencia Española de Cooperación Internacional para el Desarrollo (Aecid), podrán participar quienes ya tengan el permiso o estén en proceso de recibirlo. Además, estarán presentes entidades como el Sena, el Ministerio de Salud, la Secretaría de Salud de Barranquilla, la Secretaría de Educación y representantes del sistema bancario”, explicó la funcionaria.
De acuerdo con la encargada, en Colombia hay aproximadamente 2.8 millones de migrantes venezolanos. De ellos, más de 2 millones están regularizados. A su vez, más de 1.9 millones han obtenido un PPT, lo que les ha permitido acceder a los beneficios mencionados.
Adicionalmente, 300.000 ciudadanos venezolanos están en proceso de regularización, y hay cerca de 450.000 en situación irregular, es decir, que no están registrados en el sistema de Migración Colombia.
“Situación irregular se refiere a ciudadanos venezolanos que ingresaron al país y no se reportaron en el sistema. Aunque tenemos información parcial de algunos de ellos, no accedieron al sistema de manera oportuna o no han sido beneficiarios del Permiso Especial de Permanencia”, amplió la directora.",2025-04-08T12:12:45Z,Redacción ELHERALDO.CO,Colombia,El Heraldo
Suspenden contratos de trabajadores de Migración Colombia tras decisión de EE. UU.,https://www.elheraldo.co/colombia/2025/02/04/suspenden-contratos-de-trabajadores-de-migracion-colombia-tras-decision-de-ee-uu/,"La suspensión de la asistencia extranjera por 90 días, ordenada por el presidente de Estados Unidos, Donald Trump, ha tenido repercusiones en Colombia. Como resultado, 186 contratos de trabajadores de Migración Colombia fueron suspendidos debido a la falta de financiación de un programa de atención a migrantes venezolanos.
El programa Visibles, administrado en Colombia por la Organización Internacional para las Migraciones ( OIM ), quedó paralizado el pasado 20 de enero tras la orden ejecutiva firmada por Trump , que detuvo la cooperación internacional con excepción de Israel y Egipto.
La OIM tenía un contrato con Migración Colombia para ejecutar este programa, cuya finalidad era la asistencia a la población migrante venezolana . Según cifras oficiales, a finales del año pasado se registraban más de 2.800.000 venezolanos en el país.
Con la suspensión del financiamiento, los contratos de los 186 funcionarios que trabajaban en distintos puntos del país quedaron en el aire. De este grupo, más de 56 se encontraban en Bogotá. La interrupción del programa generó inquietud en la Alcaldía de la capital, que denunció el cierre de las oficinas del programa en los SuperCADE sin una notificación previa.",2025-02-04T00:39:44Z,Redacción ELHERALDO.CO,Colombia,El Heraldo
Venezuela confirma “deportación” de Alex Saab por “estar incurso en delitos” en Estados Unidos,https://www.elheraldo.co/internacional/2026/05/16/alex-saab-seria-extraditado-a-una-carcel-de-miami-estados-unidos-segun-medios-venezolanos/,"Luego de que medios venezolanos informaran que en las próximas horas Alex Saab será extraditado a una cárcel de Miami, el Servicio Administrativo de Identificación, Migración y Extranjería (Saime) de Venezuela confirmó a través de un comunicado la “deportación” del señalado testaferro de Nicolás Maduro.
En la información, divulgada por canales oficiales de la entidad, se refieren a Saab como un “ciudadano colombiano”, por lo que aseguran que se trata de un proceso de deportación y recuerdan que el polémico empresario, nacido en Barranquilla y de origen libanés, “se encuentra incurso en la comisión de diversos delitos en los Estados Unidos”.
“El Gobierno de la República Bolivariana de Venezuela informa la deportación del ciudadano de nacionalidad colombiana Alex Naim Saab Morán, llevada a cabo este 16 de mayo de 2026 en cumplimiento de las disposiciones normativas de la legislación migratoria venezolana”, se lee.
La entidad venezolana añade que “la medida de deportación fue adoptada tomando en consideración que el referido ciudadano colombiano se encuentra incurso en la comisión de diversos delitos en los Estados Unidos de América, tal como es público, notorio y comunicacional”.
Durante años, Alex Saab fue señalado por la justicia estadounidense como uno de los principales operadores financieros del gobierno de Nicolás Maduro y acusado de conspiración para lavar dinero y participar en esquemas de corrupción.
Sin embargo, fue liberado en diciembre de 2023 durante el gobierno de Joe Biden (2021-2025) como parte de un intercambio por diez presos en Venezuela y regresó a su país, donde fue nombrado ministro de Industrias y Producción Nacional.",2026-05-16T22:04:31Z,Redacción ELHERALDO.CO,Colombia,El Heraldo
"Terremoto político con la caída de Saab, el hombre señalado de mover los millones del chavismo",https://www.elheraldo.co/mundo/2026/05/17/alex-saab-aterriza-en-miami-tras-ser-deportado-por-el-gobierno-de-venezuela-a-estados-unidos/,"El empresario colombiano Alex Saab aterrizó este sábado en un aeropuerto de Miami tras haber sido deportado por el Gobierno de Venezuela a Estados Unidos por la presunta comisión de delitos en el país norteamericano, según informó el venezolano Servicio Administrativo de Identificación, Migración y Extranjería (SAIME).
“La medida de deportación fue adoptada tomando en consideración que el referido ciudadano colombiano se encuentra incurso en la comisión de diversos delitos en los Estados Unidos de América, tal como es público, notorio y comunicacional”, señaló el SAIME en un comunicado publicado en Instagram.
En octubre de 2024, Saab fue designado ministro de Industria y Producción Nacional, cargo del que fue destituido por la presidenta encargada Delcy Rodríguez , dos semanas después del ataque estadounidense a Caracas, que terminó con la captura del hasta ese momento mandatario venezolano Nicolás Maduro.
Saab, de 54 años y amigo personal de Maduro , lleva años acusado en Estados Unidos de haberse enriquecido de forma ilícita mediante contratos gubernamentales y de haber actuado como testaferro del líder chavista.
Detrás de Saab se encontraba, según las investigaciones, uno de los principales articuladores financieros de una red que habría movido millones de dólares mediante contratos estatales, exportaciones privilegiadas y operaciones ligadas al petróleo y al oro venezolano. La posibilidad de que entregue información a cambio de beneficios judiciales mantiene bajo presión a antiguos aliados políticos. En este sentido, podría tener impacto en Colombia si se llega a comprobar alguna ilegalidad con operadores políticos. Cabe recordar que en su momento el nombre de Saab apareció mencionado en procesos judiciales relacionados con la fallecida exsenadora Piedad Córdoba. Dentro de las investigaciones por presunto enriquecimiento ilícito contra Córdoba, el exasesor Andrés Vásquez declaró ante la Corte que Saab habría tenido participación en movimientos de dinero vinculados con empresarios venezolanos.",2026-05-17T02:30:27Z,Agencia EFE,Colombia,El Heraldo
Migrantes venezolanos hacen frente a una nueva era llena de incertidumbre,https://www.elheraldo.co/atlantico/2025/01/19/migrantes-venezolanos-hacen-frente-a-una-nueva-era-llena-de-incertidumbre/,"Entre la espada y la pared. Así se sienten muchos miembros de la comunidad venezolana que se encuentra radicada en Barranquilla. La posesión de Nicolás Maduro como presidente de su país para los próximos 6 años y la victoria de Donald Trump en Estados Unidos supone una difícil situación para ellos y sus familias.
A pesar de que muchos han logrado estabilizarse e integrarse a las dinámicas de la ciudad, en lo más profundo de su corazón guardaban la esperanza de que se diera un cambio en su tierra natal para volver a ver a aquellos que siguieron en el país.
En ese sentido, la continuidad del régimen supone un panorama complejo, que se vuelve más oscuro con la presencia de Trump en la Casa Blanca y la latente posibilidad de que aquellos que migraron hacia el país del norte en busca de un mejor futuro sean devueltos en cualquier momento.
Durante los últimos días, Andrew Morán, uno de los cerca de 140 mil venezolanos que residen en la capital del Atlántico, estuvo reflexionando sobre lo que vendrá para el futuro y llegó a la conclusión de que quiere quedarse a vivir en Colombia.
“La situación siempre ha sido complicada, si bien han pasado cuatro años desde que estoy acá, no es fácil ser venezolano y vivir en otro país ; algunas personas te juzgan y te encasillan en un rol, pero toca salir adelante y sacar adelante todo. En Barranquilla nos ha ido bien, la gente es más abierta y nos da la oportunidad de trabajar, por eso he pensado en quedarme acá, ya que mi mamá está aquí, así que todo es más fácil”, comentó el hombre de 20 años.
“Pasé por varios empleos, desde trabajar en un supermercado, limpiar cosas y ahora como barbero, que es donde me ha ido mejor. De hecho, acá en la barbería donde estoy actualmente he logrado tener un buen sustento económico y mantenerme tanto a mí como a mí familia y los gastos del hogar. Es curioso porque creo que la barbería es el negocio que más venezolanos emplea, pero no a todos les ha ido bien. Creo que un factor determinante es que yo lo veo como un estilo de vida, y lo he aceptado como mi realidad, puedo vivir de esto un tiempo y luego estudiar, soy joven todavía y tengo el mundo por delante”, dijo.
Uno de sus sueños era ir hacia Estados Unidos, pero el triunfo de Donald Trump llena de incertidumbre su futuro: “Aunque su elección era necesaria para restablecer el orden en un país como Estados Unidos, pero como migrante es incierto el panorama porque no se sabe que tiene él pensando con los migrantes que siguen entrando al país”.
Las barreras han disminuido y las necesidades de muchas familias venezolanas en Barranquilla y el Atlántico han sido solventadas por las autoridades. De tal manera que algunos consideran que la población actual está en una fase de estabilización, y que muy pronto se podrá pensar en el desarrollo económico y sostenibilidad a largo plazo.
“La integración de la mayoría ha sido favorable por las acciones de la administración distrital, aunque todavía se percibe en la población una intención de invisibilizar la migración venezolana estamos estables y saliendo de la asistencia humanitaria que nos prestan para brindar oportunidades de crecimiento y desarrollo a las familias”, comentó.
Del mismo modo, González espera que haya una nueva ola migratoria hacia el país: “Esperemos que la situación tras la posesión de Maduro no genere pánico, pero es probable que sí hayan algunos que migren, en dado caso lo harán hacia países del norte. Colombia y otros países de Latinoamérica ya no son opciones para el migrante venezolano”.
“Los mecanismos de regularización no contemplan a las personas que recién llegan al país con planes de quedarse y hacer vida en Colombia , y esa es una de las barreras para quienes deseen radicarse en Colombia.  El venezolano que se encuentra estable actualmente, puede tener los recursos para cubrir gastos de traslados, estadía, alimentación, pero no un sostenimiento a largo plazo”, dijo.
En esa misma línea, Zuneyka González, líder de la Fundación Mujeres Sin Fronteras Colombovenezolanas, mencionó que una de las dificultades que enfrentan las mujeres venezolanas que se radican en Barranquilla es la falta de redes de apoyo.
“Las mujeres pueden ser más vulnerables a la violencia de género, explotación laboral, trata de persona y abuso sexual. La falta de redes de apoyo, como familiares o comunidades migrantes, puede hacer que la experiencia de migración sea más aislante y difícil para las mujeres. La presencia o ausencia de estas redes puede influir significativamente en su capacidad para adaptarse y prosperar en un nuevo entorno”, explicó.
Por su parte, Juan Viloria, vicepresidente de la organización Venezolanos en Barranquilla , indicó que la reciente posesión de Maduro traerá una escalada de violencia en el país a causa de la represión del régimen.
“La crisis sostenida en la que Venezuela ha venido decayendo en los últimos 25 años va a acrecentar la migración de alguna manera, ya son muchos los que han venido a Barranquilla y no hay capacidad para brindar ayuda a todos, de hecho, puede haber un efecto adverso si vienen más venezolanos, porque los trámites de regularización se demorarán más por tanta gente que lo solicita y los procesos tendrían más problemas”, detalló.
“La ola migratoria ya la hemos vivido antes, tenemos que atender a todos los migrantes que vengan, no tenemos problema con esto. Vamos a preparar nuestros hospitales y nuestras escuelas para toda esa nueva ola que va a llegar”, comentó el gobernador Eduardo Verano.
“Hay una población especial de Zulia que llega siempre al sur del departamento, que es un grupo transitorio que va y viene, por eso se nos facilita a veces la labor de atender a la población”, sostuvo.
Entre las acciones que la administración departamental prepara para los nuevos migrantes se encuentran las diversas jornadas de atención para regularizar sus estatus y los equipos para atender las necesidades de la población vulnerable.
Seguidamente, la administración departamental señaló que el plan de acción del Ministerio del Interior está activo en el territorio y que las autoridades y organismos se preparan para una respuesta rápida y efectiva a la situación en un futuro.
Según cifras de la asociación Venezolanos en Barranquilla, que corresponde a la base de datos de Migración Colombia, hay cerca de 1.8 millones de venezolanos en todo el país, pero de este grupo al menos 200 mil viven en el departamento del Atlántico y más de 140 mil en toda Barranquilla.
Sin embargo, el ingreso de muchos venezolanos de manera irregular, evitando los puntos fronterizos controlados por Migración Colombia ha complicado la caracterización y registro de los recién llegados, quienes en muchos casos ingresan sin sellar sus pasaportes.",2025-01-19T03:56:40Z,Redacción Locales,Colombia,El Heraldo
“Recibió el tratamiento propio de cualquier aeronave civil”: Aeronáutica Civil sobre jet venezolano en Bogotá,https://www.elheraldo.co/colombia/2025/01/11/recibio-el-tratamiento-propio-de-cualquier-aeronave-civil-aeronautica-civil-sobre-jet-venezolano-en-bogota/,"La Aeronáutica Civil respondió este viernes a través de un comunicado a los cuestionamientos que surgieron desde sectores de la oposición por el aterrizaje de una aeronave de matrícula oficial venezolana en Bogotá , previo a la posesión presidencial en el país vecino.
El representante Hernán Darío Cadavid Márquez, del Centro Democrático, presentó un derecho de petición con el propósito de que la Aerocivil explicara las razones de la presencia de la aeronave venezolana en territorio colombiano.
“Las autoridades colombianas tienen que explicar qué hacía un avión del gobierno venezolano a horas de darse lo que debería ser la transición del poder en Venezuela”, dijo Cadavid, según recoge ‘Caracol Radio’.
En la noche del viernes 10 de enero, mismo día en que Maduro juró como presidente de Venezuela sin ser reconocido por la mayoría de la comunidad internacional, la Aeronáutica Civil emitió un comunicado en el que señaló que “los cielos de Colombia están abiertos a la operación de aeronaves civiles de cualquiera de los 193 países miembros del Convenio de Chicago sobre aviación civil internacional”.
“Los Reglamentos Aeronáuticos de Colombia establecen que las aeronaves extranjeras de aviación general ‘podrán sobrevolar el territorio nacional y podrán aterrizar siendo admitidas temporalmente en él, sin necesidad de autorización especial hasta por un término de 48 horas, siempre que ingresen al país y salgan de él a través del mismo aeropuerto internacional, sin tocar ningún otro aeropuerto colombiano’”, sostuvo la Aerocivil.
Afirmó que la aeronave de matrícula civil venezolana, así como la de cualquier nacionalidad que ingrese o salga, hacia o desde un aeropuerto internacional en territorio de cualquier país, quedó sujeta “a los controles de policía, migración, aduanas y sanitarios que correspondan, brindados por las autoridades competentes”.
Una vez en el aeropuerto El Dorado, en Bogotá, el jet venezolano “recibió el tratamiento propio de cualquier aeronave civil, siendo atendida por la empresa Aerosupport, titular de un permiso de operación que la autoriza para ofrecer servicios de escala en aeropuerto a aeronaves colombianas o extranjeras procedentes de cualquier parte del mundo, conforme a sus capacidades”, explicó la entidad.
Añadió que la aeronave se estacionó y fue atendida en la plataforma de dicha organización aeronáutica, “donde las autoridades competentes pudieron efectuar los controles de ingreso y salida correspondientes”.",2025-01-11T14:09:10Z,Redacción ELHERALDO.CO,Colombia,El Heraldo
Estos son los cargos que tiene Alex Saab en Estados Unidos: ¿qué sigue para su caso?,https://www.elheraldo.co/mundo/2026/05/19/estos-son-los-cargos-que-tiene-alex-saab-en-estados-unidos-que-sigue-para-su-caso/,"El Servicio Administrativo de Identificación, Migración y Extranjería ( SAIME ) de Venezuela confirmó a través de un comunicado, el 16 de mayo, la “deportación” del señalado testaferro de Nicolás Maduro, Alex Saab , reconocido empresario barranquillero , quien fue funcionario del gobierno venezolano, además amigo personal del presidente depuesto de ese país.
Saab, de 54 años y quien ya había sido procesado penalmente en Estados Unidos , fue acusado por el Distrito Sur de Florida de lavado de activos y conspiración para realizar transacciones financieras, así como de ocultar y disfrazar el origen de fondos.
Cabe recordar que el empresario colombiano, quien llegó a la Corte vestido con un overol marrón, ya había sido acusado previamente en Estados Unidos de haberse enriquecido ilícitamente mediante contratos gubernamentales y de actuar como presunto testaferro del líder chavista.
La reciente acusación , también difundida por el Departamento de Justicia de EE. UU., señala que, entre octubre de 2015 y enero de 2026 , Saab y otras personas también acusadas —a quienes no menciona— presuntamente participaron en un esquema para enriquecerse a través del Comité Local de Abastecimiento y Producción ( CLAP ), un programa social del Gobierno de Venezuela.
“Los conspiradores pagaron sobornos a funcionarios públicos de Venezuela y fueron recompensados por el Gobierno de Venezuela con lucrativos contratos del CLAP para importar alimentos con falsas intenciones”, señala el documento.
El Departamento de Justicia indica además: “En vez de cumplir con esos contratos, los conspiradores usaron compañías falsas , facturas falsas , registros de embarque falsos y otros documentos fraudulentos, así como sobornos y contragolpes, para obtener cientos de millones de dólares para ellos que debían ser empleados para comprar comida para venezolanos necesitados. Algunas de esas ganancias ilegales fueron gastadas u ocultadas de las autoridades a través de transferencias de bienes ilícitos hacia y por medio de cuentas en Estados Unidos”.
Información difundida por CNN señala además que desde 2019 , cuando se intensificaron las sanciones de Estados Unidos a Venezuela, los acusados usaron su influencia en el Gobierno venezolano para tener acceso al petróleo de la empresa estatal Petróleos de Venezuela ( PDVSA ), venderlo y conseguir ganancias.",2026-05-19T13:07:09Z,Redacción ELHERALDO.CO,Colombia,El Heraldo
Afectaciones en el Aeropuerto El Dorado por “plan tortuga” de sindicatos de Migración Colombia,https://www.elheraldo.co/colombia/2024/12/04/afectaciones-en-el-aeropuerto-el-dorado-por-plan-tortuga-de-sindicatos-e-migracion-colombia/,"Desde las 6 de la tarde de este martes los sindicatos de empleados de Migración Colombia empezaron un “plan tortuga” en diferentes aeropuertos del país, lo que ha producido retra sos en varias terminales aéreas, principalmente en El Dorado, en Bogotá.
Aerolíneas como Latam y Avianca alertaron sobre demoras en el proceso de registro para los vuelos internacionales. También advirtieron a los pasajeros para que revisaran el estado de los vuelos en las páginas web de las aerolíneas, además de recomendar llegar con tiempo de antelación a los aeropuertos.
Las razones de la protesta, según un comunicado de la Unión Nacional Sindical de Empleados de Migración Colombia y Ministerio de Relaciones Exteriores (Unasemig) y la Organización Sindical de Empleados de Migración Colombia (Osemco), son las “precarias condiciones salariales y laborales, así como la falta de diligencia” por parte del Gobierno nacional para mejorar la situación de dichos trabajadores.
Los sindicatos advirtieron que llevan meses en diálogos “sin que representantes del Gobierno de Gustavo Petro definan un mecanismo para la mejora salarial” de los empleados de la máxima autoridad migratoria.
Yeison Mesa , oficial de Migración y presidente del sindicato Osemco, anunció que a las 11:30 de la mañana se realizará una reunión con representantes del Ministerio de Relaciones Exteriores. En esta junta se presentarán pliego de peticiones para esperar respuesta por parte del Gobierno nacional.",2024-12-04T12:02:42Z,Redacción ELHERALDO.CO,Colombia,El Heraldo
Gustavo Petro dice que el pueblo venezolano ‘ya no quiere’ al chavismo en el poder,https://www.elheraldo.co/colombia/2024/12/04/gustavo-petro-dice-que-el-pueblo-venezolano-ya-no-quiere-al-chavismo-en-el-poder/,"Petro se refirió a la situación de Venezuela al intervenir en el IV Foro Abierto de Ciencias de América Latina y el Caribe (CILAC) 2024, realizado en la isla de San Andrés, donde dijo que el expresidente venezolano Hugo Chávez no entendió que había que hacer una transición del petróleo hacia energías limpias para enfrentar el cambio climático.
“Se burlan del presidente que dice en Colombia , dejemos el petróleo y el carbón , porque es el camino de la desigualdad social y de la muerte; Chávez no me lo entendió muy bien y miren lo que le pasa a Venezuela, que ya no saben si es democracia, ya no saben si es revolución, ya el pueblo no los quiere”, afirmó Petro.
“¿Por qué tienen ellos un mejor nivel escolar? Porque ese Gobierno dedicó el dinero del petróleo a la universidad, al saber, a la universidad para el pueblo y no se equivocó, en cambio aquí cerramos las universidades, las dejamos sin presupuesto”, manifestó.
Las declaraciones de Petro sobre la situación política de Venezuela se producen luego de que el canciller Luis Gilberto Murillo asegurara la semana pasada que el Gobierno responderá “en su debido momento” a la invitación que recibió el mandatario para asistir a la posesión de Nicolás Maduro como presidente de Venezuela el próximo 10 de enero.
“Vamos a responder a la invitación en su debido momento”, dijo en esa ocasión a periodistas el ministro de Relaciones Exteriores, quien recalcó que ante el cuestionado resultado de las elecciones presidenciales del pasado 28 de julio, que dieron el triunfo a Maduro, “la posición de Colombia siempre ha sido muy clara: si no hay actas, no hay reconocimiento”.",2024-12-04T04:35:50Z,Agencia EFE,Colombia,El Heraldo
ELHERALDO.CO,https://www.elheraldo.co/columnas-de-opinion/2017/03/04/impacto-de-la-migracion-a-colombia-caso-venezuela/,"EL HERALDO habló con analistas políticos, económicos y de seguridad para revisar cómo han estado viendo el gobierno del presidente Abelardo De la Espriella durante sus primeros 30 días en el poder.
Varios locales comerciales se vieron obligados a cerrar sus puertas en la noche del sábado por amenazas de motorizados.
El Congreso está en mora de resolver un pleito desgastado por la política: los límites se definen con ley y criterios técnicos, no con proclamas públicas.
El técnico uruguayo analizó el empate 3-3 ante Jaguares, en su estreno, reconoció los errores de su equipo y destacó la actitud mostrada por sus jugadores en sus primeros tres días de trabajo.
El mediocampista rojiblanco hizo una fuerte autocrítica tras el empate 3-3 ante Jaguares y reconoció que el equipo debe corregir cuanto antes esas desatenciones que le están costando muchos puntos.
El gobierno de Abelardo De la Espriella tiene una oportunidad que no puede desperdiciar para demostrar que cambiar no significa sustituir unas prácticas por otras para que, al final, todo siga igual. Colombia necesita reencontrar el rumbo y convertir el llamado “País Milagro” en una realidad.
EL HERALDO S.A. Prohibida la reproducción y utilización, total o parcial, de los contenidos en cualquier forma o modalidad, sin previa, expresa y escrita autorización, incluyendo su mera reproducción y/o puesta a disposición con fines comerciales, directa o indirectamente lucrativos. 2000 - 2024 ©
PBX: (57) (5) 3715000 Línea de atención: (57) (5) 3855050 / 018000 512200 Calle 53B N° 46 - 25, Barranquilla - Atlántico Bogotá: 3204982967",,ELHERALDO.CO,Colombia,El Heraldo
Rosa Villavicencio y el canciller venezolano Yván Gil se reunieron en Caracas antes del encuentro entre Petro y Delcy Rodríguez,https://www.elheraldo.co/colombia/2026/04/23/rosa-villavicencio-y-el-canciller-venezolano-yvan-gil-se-reunieron-en-caracas-antes-del-encuentro-entre-petro-y-delcy-rodriguez/,"El canciller de Venezuela, Yván Gil , y su homóloga de Colombia, Rosa Yolanda Villavicencio , instalaron este jueves en Caracas la tercera reunión de la Comisión de Vecindad e Integración para abordar asuntos de seguridad y defensa, frontera, migración, comercio, cooperación técnica y otros temas, un día antes del encuentro entre los presidentes de ambos países.
La comisión se reunirá durante dos días en la capital venezolana, donde también está prevista este viernes una cita entre la presidenta encargada, Delcy Rodríguez y su homólogo colombiano, Gustavo Petro , quien tiene previsto visitar el país el viernes.
“Nosotros debemos ser un ejemplo del mundo, no un ejemplo de disolución, no un ejemplo de diferencia, de confrontación, sino todo lo contrario. Así que quiero (...) agradecer al Gobierno del presidente Gustavo Petro, quien sabemos es un defensor de la unión entre Colombia y Venezuela, de la defensa del proyecto de la Gran Colombia”, dijo Gil, citado en la nota de prensa.
A través del “trabajo conjunto, del diálogo permanente y de la cooperación efectiva, podremos construir caminos reales de bienestar, desarrollo e integración para nuestras poblaciones , en especial en aquellas que habitan nuestras zonas de frontera, donde la integración no es un concepto abstracto, sino una realidad cotidiana”, aseguró Villavicencio de acuerdo con la Cancillería venezolana.
La canciller colombiana llegó durante la mañana de este jueves a la capital venezolana y está acompañada de una delegación de funcionarios y el gobernador del departamento colombiano del Norte de Santander, William Villamizar Laguado, fronterizo con Venezuela.
La clausura de este encuentro, pautado en principio en la ciudad de Maracaibo (estado Zulia), fronteriza con Colombia, está previsto para el viernes, justo cuando llega Petro para una visita de un día.
Colombia y Venezuela comparten una frontera de 2.219 kilómetros, que se extiende desde el mar Caribe hasta la Amazonía y donde proliferan los grupos armados ilegales, desde la guerrilla del Ejército de Liberación Nacional (ELN) hasta bandas de narcotraficantes y de contrabandistas.
Por eso, Petro dijo el martes en un consejo de ministros que en su visita de un día a Caracas estará acompañado por una delegación “más bien militar, policial” para tratar con Rodríguez el tema de la seguridad fronteriza, principalmente en el Catatumbo, una región selvática del Norte de Santander que tiene la segunda mayor extensión de cultivos de coca del país y es uno de los mayores focos de violencia del conflicto armado colombiano.",2026-04-23T22:21:56Z,Agencia EFE,Colombia,El Heraldo
Gobierno revelará Conpes para atender migración venezolana,https://www.elheraldo.co/colombia/2018/11/23/gobierno-revelara-conpes-para-atender-migracion-venezolana-569620/,"El presidente de la República, Iván Duque, anunció que en el fin de semana dará a conocer cuál será el alcance que tendrá el documento Conpes con el cual se dará atención integral del Estado a la crisis de los venezolanos que están migrando al país por la situación que se vive en esa nación.
'Desde que llegamos a la Presidencia, le anunciamos al país que el tema de la migración de venezolanos era un reto nacional e internacional. Justamente mañana (el sábado) le estaré anunciando al país el documento Conpes, que hemos venido discutiendo, donde está toda la articulación de las entidades del Estado', indicó Duque en Barranquilla, en donde explicó que el anuncio será en el Taller Construyendo País en Cúcuta, capital de Norte de Santander.
El mandatario además explicó los retos que debe afrontar su gobierno en esa situación. 'Primero, hay que tener una respuesta migratoria para hacer registro y normalización ordenadamente. Segundo, el reto social, atención para los más vulnerables. Tercero, un reto de formalización. Y cuarto, un reto de transición para que el paso entre ser un migrante vulnerable y aportarle a la economía y al desarrollo del país sea un proceso acelerado', afirmó el Presidente.
Insistió en que esa atención estatal debe ir de la mano de una agenda de gestión internacional ante la banca multilateral para acceder a fondos en mejores condiciones, tanto en plazos como en tasa, y coordinar con otros países la atención de protección temporal migratoria.
Sostuvo también que 'esta es una respuesta del Estado colombiano en su conjunto. Adicionalmente, necesitamos con otros países, establecer el estatus de protección temporal migratoria, para que Colombia no sea el único país que absorba el flujo y tener más recursos para la atención migratoria base'.",2018-11-24T04:47:00Z,Colprensa,Colombia,El Heraldo
"Expulsan del país a alias Kata, buscada en Venezuela por trata de personas: fue capturada en Medellín",https://www.elheraldo.co/colombia/2026/03/12/expulsan-del-pais-a-alias-kata-buscada-en-venezuela-por-trata-de-personas-fue-capturada-en-medellin/,"Migración Colombia reportó la captura en Medellín y expulsión del país de una ciudadana extranjera, conocida con los alias de Kata o Katherine , que era requerida por la justicia venezolana por el delito de trata de personas .
De acuerdo con la investigación, la mujer -de nacionalidad venezolana- se movía en Medellín principalmente entre las discotecas del Parque Lleras , reconocida por “conectar a locales y extranjeros con servicios de prostitución y venta de drogas en las principales zonas de rumba de la ciudad”.
“Estaría ejerciendo actividades relacionadas con trabajo sexual y consumo de estupefacientes, ubicándose en las horas de la tarde y noche en el Parque Lleras”, dice el reporte del Centro Operativo Anti Trata de Personas (COAT) del Ministerio del Interior.
Además, registra un proceso judicial con sentencia ejecutoriada en firme en Venezuela por el delito de trata de personas, lo que representó un serio indicio de las actividades que estaría desarrollando en Colombia pese a no tener antecedentes delictivos en el país.
‘Kata’ residía desde 2023 en Colombia, valiéndose incluso de documentos obtenidos de manera fraudulenta, según las autoridades. Mientras que en Venezuela era una prófuga de la justicia, ya que fue sentenciada a nueve años de prisión por trata de personas por un Juzgado de Primera Instancia del Área Metropolitana de Caracas.
El Consulado General de Venezuela confirmó la autenticidad de la información sobre la condena de la ciudadana en su país de origen y movilizó unidades de Interpol para su recepción en un vuelo de traslado en el que fue enviada en calidad de expulsada por parte de Migración Colombia.
“Oficiales de Migración Colombia, en cumplimiento de sus funciones y competencias, desarrollaron un operativo articulado con las autoridades para ubicar a la acusada, verificar su estatus migratorio e identificación de antecedentes, y determinar solicitudes ante autoridades internacionales, encontrando delitos pendientes con la justicia venezolana, durante la ejecución de una orden de allanamiento en una reconocida discoteca del barrio El Poblado en Medellín”, afirmó Paola Salazar, directora de la Regional Antioquia-Chocó de Migración Colombia.
El vicepresidente José Manuel Restrepo y el ministro del Interior recorrieron las zonas más golpeadas por la emergencia para verificar daños, escuchar a las comunidades y coordinar la atención humanitaria junto a las autoridades locales.",2026-03-12T15:12:37Z,Redacción Tendencias,Colombia,El Heraldo
De migrante venezolana a emprendedora: una cocina que hoy apoya a mujeres en Colombia,https://www.elheraldo.co/colombia/2026/03/12/del-sueno-culinario-de-una-migrante-venezolana-a-una-red-de-apoyo-para-mujeres-en-colombia/,"María Félix Herrera narra su historia sin prisa y reconstruye paso a paso el camino que la trajo de Venezuela a Colombia en 2018, u na travesía marcada por la crisis, una enfermedad y la creación de Sabores Corepan, un emprendimiento gastronómico que hoy se ha convertido en una red de apoyo para mujeres de bajos recursos.
Colombia es el principal destino migratorio venezolano en el mundo, con unos 2,8 millones de personas, según cifras oficiales. En total, más de 7,7 millones de venezolanos abandonaron su país en la última década por la crisis.
“Decidí migrar por la situación política del país, por la inseguridad, por la salud y porque allí ya no había oportunidades para seguir creciendo”, dice Herrera a EFE mientras rememora un apagón nacional que dejó a los venezolanos sin luz durante cinco días y que fue el detonante que la llevó a tomar la decisión de partir.
Antes de migrar, trabajó once años como docente y acababa de graduarse como fisioterapeuta, pero en medio de ese proceso le diagnosticaron una enfermedad autoinmune que también padecía su padre y que puso de manifiesto las limitaciones del sistema de salud en su país.
“No conseguía la medicina que necesitábamos y para poder recibirla tenía que tener un carnet del gobierno y estar adscrita al partido, y yo siempre he sido opositora”, explica Herrera, quien no puede contener las lágrimas al recordar las veces en que su padre y ella debatían quién debía tomar el medicamento disponible.
La venezolana pasó por distintos trabajos informales hasta que logró una breve estabilidad trabajando en un puesto ambulante, que fue interrumpida en 2020 por la pandemia y que la llevó a aceptar turnos que podían extenderse hasta 24 horas.
Fue en medio de ese caos de trabajo que la nostalgia por los sabores de su país comenzó a surgir con fuerza. Así se planteó la idea de abrir un restaurante, pero un empeoramiento de su enfermedad junto con un embarazo inesperado la obligaron a reducir la carga laboral.
Cuenta Herrera que en esa época pasó por una depresión, pero que logró recuperarse y transformar ese sentimiento en el impulso creativo que necesitaba para lanzarse a cocinar y crear Sabores Corepan, el emprendimiento que hoy sostiene a su familia.
Según un informe de la Organización Internacional para las Migraciones (OIM) publicado a finales del año pasado, el emprendimiento se ha consolidado como una vía clave de integración socioeconómica de la población migrante venezolana en América Latina, donde el empresariado migrante genera empleo directo e indirecto y fomenta la innovación.
Con el tiempo decidió formalizar su negocio y se inscribió en la Cámara de Comercio; y destaca que el acompañamiento de organizaciones sociales como OIM o ADN Dignidad fue clave para formarse en modelos de negocio y abrir su primer local en el barrio bogotano de Las Ferias, con el que comenzó a generar empleo y a consolidar su proyecto.
“Comencé a darme cuenta que la gente compraba, pero resulta que tenía una dificultad: era que a mí me daba mucha pena (vergüenza) vender”, explica, pero al descubrir que había tantas mamás que se encontraban en su misma situación, comenzó a ofrecerles que revendieran sus productos, que les entregaba a un precio económico con financiamiento.
Al cabo de un tiempo, con hasta 15 personas revendiendo, el cansancio la llevó a pensar en abandonar el negocio, y se lo comunicó a un par de madres que colaboraban con ella, que le rogaron que no lo hiciera. “Pero si yo pago de ahí la luz, ¿cómo se te ocurre? El agua, yo me ayudo con eso”, le dijo una.
Fue entonces cuando comprendió su impacto social: “Este negocio ya no es solo mío. Ya hay mucha gente que depende de mí”, pensó, por lo que decidió continuar, entusiasmada con la posibilidad de convertirse “en un referente que inspira”.",2026-03-12T14:59:45Z,Agencia EFE,Colombia,El Heraldo
Del sueño culinario de una migrante venezolana a una red de apoyo para mujeres en Colombia,https://www.elheraldo.co/sociedad/2026/03/12/del-sueno-culinario-de-una-migrante-venezolana-a-una-red-de-apoyo-para-mujeres-en-colombia/,"María Félix Herrera narra su historia sin prisa y reconstruye paso a paso el camino que la trajo de Venezuela a Colombia en 2018, una travesía marcada por la crisis, una enfermedad y la creación de Sabores Corepan, un emprendimiento gastronómico que hoy se ha convertido en una red de apoyo para mujeres de bajos recursos.
Colombia es el principal destino migratorio venezolano en el mundo, con unos 2,8 millones de personas, según cifras oficiales . En total, más de 7,7 millones de venezolanos abandonaron su país en la última década por la crisis.
“Decidí migrar por la situación política del país, por la inseguridad, por la salud y porque allí ya no había oportunidades para seguir creciendo”, dice Herrera a EFE mientras rememora un apagón nacional que dejó a los venezolanos sin luz durante cinco días y que fue el detonante que la llevó a tomar la decisión de partir.
Antes de migrar, trabajó once años como docente y acababa de graduarse como fisioterapeuta , pero en medio de ese proceso le diagnosticaron una enfermedad autoinmune que también padecía su padre y que puso de manifiesto las limitaciones del sistema de salud en su país.
“No conseguía la medicina que necesitábamos y para poder recibirla tenía que tener un carnet del gobierno y estar adscrita al partido, y yo siempre he sido opositora”, explica Herrera, quien no puede contener las lágrimas al recordar las veces en que su padre y ella debatían quién debía tomar el medicamento disponible.
La venezolana pasó por distintos trabajos informales hasta que logró una breve estabilidad trabajando en un puesto ambulante, que fue interrumpida en 2020 por la pandemia y que la llevó a aceptar turnos que podían extenderse hasta 24 horas.
Fue en medio de esa vorágine de trabajo que la nostalgia por los sabores de su país comenzó a surgir con fuerza. Así se planteó la idea de abrir un restaurante, pero un empeoramiento de su enfermedad junto con un embarazo inesperado la obligaron a reducir la carga laboral.
Cuenta Herrera que en esa época pasó por una depresión, pero que logró recuperarse y transformar ese sentimiento en el impulso creativo que necesitaba para lanzarse a cocinar y crear Sabores Corepan , el emprendimiento que hoy sostiene a su familia.
Según un informe de la Organización Internacional para las Migraciones (OIM) publicado a finales del año pasado, el emprendimiento se ha consolidado como una vía clave de integración socioeconómica de la población migrante venezolana en América Latina, donde el empresariado migrante genera empleo directo e indirecto y fomenta la innovación.
Con el tiempo decidió formalizar su negocio y se inscribió en la Cámara de Comercio; y destaca que el acompañamiento de organizaciones sociales como OIM o ADN Dignidad fue clave para formarse en modelos de negocio y abrir su primer local en el barrio bogotano de Las Ferias, con el que comenzó a generar empleo y a consolidar su proyecto.
“Comencé a darme cuenta que la gente compraba, pero resulta que tenía una dificultad: era que a mí me daba mucha pena ( vergüenza ) vender”, explica, pero al descubrir que había tantas mamás que se encontraban en su misma situación, comenzó a ofrecerles que revendieran sus productos, que les entregaba a un precio económico con financiamiento.
Al cabo de un tiempo, con hasta 15 personas revendiendo, el cansancio la llevó a pensar en abandonar el negocio, y se lo comunicó a un par de madres que colaboraban con ella, que le rogaron que no lo hiciera. “Pero si yo pago de ahí la luz, ¿cómo se te ocurre? El agua, yo me ayudo con eso”, le dijo una.
Fue entonces cuando comprendió su impacto social: “Este negocio ya no es solo mío. Ya hay mucha gente que depende de mí”, pensó, por lo que decidió continuar, entusiasmada con la posibilidad de convertirse “en un referente que inspira”.",2026-03-12T20:49:36Z,Agencia EFE,Colombia,El Heraldo
"El puente Atanasio Girardot, vacío tras suspensión de reunión entre el presidente Petro y Delcy Rodríguez",https://www.elheraldo.co/colombia/2026/03/13/el-puente-atanasio-girardot-vacio-tras-suspension-de-reunion-entre-el-presidente-petro-y-delcy-rodriguez/,"El puente internacional Atanasio Girardot , en la frontera colombo-venezolana, ya estaba listo para recibir este viernes a los presidentes Gustavo Petro y Delcy Rodríguez , pero la suspensión intempestiva de la reunión llevó al retiro de toda la infraestructura y dejó vacío el paso fronterizo.
“El presidente de Colombia, Gustavo Petro Urrego, mantiene su invitación a la señora presidenta encargada de Venezuela, Delcy Rodríguez Gómez, para llevar a cabo el encuentro presidencial”, agregó la información.
El Atanasio Girardot es en la actualidad el más utilizado de los cuatro puentes que comunican al departamento de Norte de Santander con el estado venezolano de Táchira , en donde hasta esta tarde trabajadores preparaban la tarima para el encuentro.
Por esa razón en el paso fronterizo, que fue cerrado desde las 18:00 horas del miércoles por los preparativos de la reunión, había solo un puñado de gente quitando mesas, sillas y otros objetos que iban a ser utilizados por los centenares de asistentes al evento, entre los que había miembros de ambos gobiernos, trabajadores de logística y periodistas, entre otros.
La tarima principal de la reunión, ubicada en el lado colombiano de la frontera , fue desarmada y en el ocaso de este jueves solo quedaban en la zona los trabajadores estatales colombianos que esperaban a que llegara la hora de terminar su turno para volver a casa.
En línea que separa a los dos países sobre el puente, hasta donde EFE pudo llegar, se veía cómo de lado venezolano también había trabajadores que estaban desarmando una tarima instalada frente a una caseta de peaje , así como una inusual tranquilidad en el que, desde su inauguración en 2023, se convirtió en el principal paso fronterizo entre ambos países.
Una trabajadora estatal colombiana, que pidió que su nombre no fuera publicado, aseguró a EFE que fueron informados de la cancelación de la reunión a las 15:30 hora local (20:30 GMT) y que de un momento a otro llegaron las personas de logística a retirar la infraestructura que ya había sido instalada.
La mujer afirmó que ya todo estaba preparado, incluso un edificio de Migración Colombia que iba a servir como sala de prensa para los centenares de periodistas que iban a cubrir el encuentro y que habían recibido su acreditación minutos antes de que se confirmara la cancelación de la reunión.
Con la reunión suspendida y con la infraestructura recogida, el puente Atanasio Girardot estaba vacío a las 18:00 hora local (23:00 GMT), un horario en el que normalmente este paso fronterizo suele tener un alto flujo de tráfico hasta su cierre a la medianoche.
El encuentro había sido confirmado la semana pasada por el Gobierno colombiano, que esta tarde alcanzó a entregar en la ciudad fronteriza de Cúcuta , capital de Norte de Santander, las acreditaciones para la prensa que cubriría mañana a Petro y Rodríguez.
La suspensión del encuentro se produjo poco después de que el Gobierno colombiano informara en su cuenta de X de una llamada telefónica entre Petro y el presidente estadounidense, Donald Trump , en la que “se tocaron temas energéticos, hidrocarburos, temas de seguridad, cultivos ilícitos, erradicación, trabajo en conjunto por la lucha contra el narcotráfico, la reactivación económica en la frontera y otros más”.",2026-03-13T12:13:54Z,Agencia EFE,Colombia,El Heraldo
Migración Colombia expulsó a siete ciudadanos extranjeros en Bucaramanga,https://www.elheraldo.co/colombia/2026/03/28/migracion-colombia-expulso-a-siete-ciudadanos-extranjeros-en-bucaramanga/,"Migración Colombia informó la expulsión a siete ciudadanos extranjeros en la ciudad de Bucaramanga. La entidad señaló que se trata de cinco personas de nacionalidad venezolana señalados de representar un riesgo para la seguridad por sus repetidas conductas e infracciones migratorias.
Ante esto, Mauricio Jiménez , Coordinador del Centro Facilitador de Servicios Migratorios en Bucaramanga, manifestó que estas expulsiones se lograron en medio de los operativos de seguridad y control migratorio adelantados en la ciudad para esta Semana Santa.
“Se fortalecerán los operativos de verificación migratoria en sitios turísticos y se reforzará el control en los principales puntos de entrada y salida de viajeros, garantizando la seguridad durante Semana Santa” dijo el funcionario.",2026-03-28T16:54:43Z,Redacción ELHERALDO.CO,Colombia,El Heraldo
Alex Saab “cumplía labores de espionaje” para Maduro; además de actividades relacionadas con lavado de activos: general (r) Buitrago,https://www.elheraldo.co/colombia/2026/05/18/alex-saab-cumplia-labores-de-espionaje-para-maduro-ademas-de-actividades-relacionadas-con-lavado-de-activos-general-buitrago/,"El Servicio Administrativo de Identificación, Migración y Extranjería ( SAIME ) de Venezuela confirmó a través de un comunicado, el 16 de mayo, la “deportación” del señalado testaferro de Nicolás Maduro, Alex Saab , reconocido empresario barranquillero , quien fue funcionario del gobierno venezolano, además amigo del presidente depuesto de ese país.
Tras el caso, el general (r) Juan Carlos Buitrago aseguró este lunes en entrevista con La FM que durante las investigaciones de contrainteligencia y operaciones de la Policía Fiscal y Aduanera se encontró información que vinculaba a Alex Saab con labores de espionaje para el régimen de Nicolás Maduro , mientras ocupó cargos en inteligencia.
Asimismo, el general Buitrago indicó que Saab está vinculado a actividades relacionadas con lavado de activos y manejo de empresas fachada en Colombia; además de mantener influencia en la política colombiana.
Según dijo, las indagaciones se realizaron junto con autoridades estadounidenses y permitieron identificar operaciones comerciales, movimientos financieros , y presuntos nexos políticos asociados con las cajas CLAP y otras estructuras.
Según las declaraciones del exdirector de la Policía Fiscal y Aduanera al medio antes citado, las investigaciones permitieron identificar “más de 46 empresas fachada ” utilizadas para ensamblar cajas CLAP en Barranquilla y Cartagena.",2026-05-18T16:54:01Z,Redacción ELHERALDO.CO,Colombia,El Heraldo
A través de la app de Migración han sido rescatadas 68 víctimas de la trata de personas en 2025,https://www.elheraldo.co/colombia/2025/12/29/a-traves-de-la-app-de-migracion-han-sido-rescatadas-68-victimas-de-la-trata-de-personas-en-2025/,"A través de la aplicación, creada para facilitar la denuncia y rescate de víctimas de trata de personas en cualquier lugar del mundo, hasta octubre de 2025, se han desarrollado operativos articulados con autoridades de diferentes países como México, China, Perú y Grecia, entre otros.
“La mayoría de las víctimas eran colombianas (51 casos), seguidas por personas de nacionalidad venezolana (15), ecuatoriana (1) y panameña (1). Las principales finalidades asociadas al delito fueron la explotación sexual (56 casos), el trabajo forzado (10), la servidumbre (1) y la violencia psicológica (1)”, se lee.
Señala Migración Colombia que la divulgación de estos casos es fundamental para alertar a la ciudadanía sobre las nuevas modalidades utilizadas por redes de trata de personas, que hoy operan mediante ofertas laborales y académicas falsas, redes sociales, entre otros , para dar a conocer cómo actúan estas organizaciones, y así prevenir que más personas caigan en manos de explotadores.
“Durante el 2025, varios casos pusieron en evidencia las nuevas tácticas empleadas por las organizaciones criminales. En Brasil, una colombiana fue sometida a trabajo forzado tras caer en una oferta laboral fraudulenta; su rescate fue posible gracias al reporte del caso por LibertApp. En Argentina, una menor que viajó engañada con la falsa promesa de ingresar a un equipo de fútbol fue ubicada y liberada por autoridades locales, tras una coordinación permanente con Migración Colombia. En Camboya, ocho connacionales y un ciudadano ecuatoriano fueron repatriados después de ser obligados a realizar llamadas con fines de estafa financiera; se estima que podría haber más de 40 víctimas y su rescate está en curso. Y en Irak, una colombiana fue engañada por un joven iraquí que la invitó a ese país para posteriormente ser retenida por un grupo de hombres, fue localizada luego de activar el botón de pánico desde su celular”, indica el comunicado.
La adopción de LibertApp continúa en aumento. La aplicación móvil registra más de 9.000 descargas de las cuales más de 5.000 han sido realizadas por mujeres (55 %) y 4.028 por hombres (45 %), 153 activaciones del botón de pánico, 319 reportes de caso y 505 llamadas dirigidas a la Línea Gratuita Nacional Anti Trata de Personas.
Finalmente, indica Migración Colombia que asistió cerca de 400 víctimas de trata de personas entre enero de 2024 y octubre de 2025, principalmente mujeres (336) de nacionalidad colombiana (más de 200 casos) y venezolana, ecuatoriana, cubana, argentina y otras. Durante la vigencia 2024 a septiembre 2025, la entidad activó la ruta de prevención de 92 posibles víctimas de trata de personas que pretendían salir del país, y adelantó cerca de 1.200 jornadas de socialización con un alcance de cerca de 40.000 personas participantes.",2025-12-29T14:42:55Z,Redacción País,Colombia,El Heraldo
Barranquilleros expresan expectativa y optimismo frente a la captura de Nicolás Maduro,https://www.elheraldo.co/atlantico/2026/01/03/barranquilleros-expresan-expectativa-y-optimismo-frente-a-la-captura-de-nicolas-maduro/,"Durante más de 10 años, entre las calles de Barranquilla la presencia de la cultura, lenguaje e identidad de Venezuela ha sido más notoria debido a la migración de aquellos ciudadanos que han buscado en la ciudad ‘Puerta de Oro, que da bienvenida a propios y visitantes, un refugio ante la eventual crisis política del país vecino.
Buscando el pan de cada día, muchos de ellos recurrieron al trabajo informal desde las ventanas limpias de los retrovisores, la bolsa de chicles surtidos a $500 pesos el par y las vueltas que da la ciudad andando en motocicleta, haciendo de la ciudad su segundo hogar y una esperanza para sobrevivir.
Por su parte, sus compatriotas Barranquilleros asumieron que la coyuntura sería un episodio prolongado, similar al de otros regímenes que parecían no ceder y con el paso del tiempo la convivencia entre distintas nacionalidades sería más que necesaria.
Sin embargo, esa dinámica pareciera cambiar tras conocerse, a tan solo tres días de haber iniciado el 2026, la captura del presidente del gobierno Venezolano Nicolás Maduro, en un operativo militar por parte de EE.UU .
Desde la Arenosa, ciudad estrechamente ligada a dicha población migratoria, EL HERALDO salió a las calles para conocer las opiniones de los ciudadanos Barranquilleros que reflejan un abanico de percepciones que van desde el optimismo y la satisfacción, hasta la prudencia y la preocupación por las consecuencias que puedan derivarse de este nuevo escenario político.
Entre la gente que transita por la calle, Julio Barros crítica a voz alta lo que considera la caída del mandatario presidencial: “Oiga, ese tipo tenía al pueblo oprimido. Y si él se cayó, es porque la maldad lo mató.”
Barros considera que el proceso no terminará con una sola captura y augura nuevas caídas en el escenario político internacional incluyendo el homólogo colombiano Gustavo Petro. “Yo digo que van a dialogar con él (Maduro), para que caigan los demás, que faltan. Entre ellos, Petro. Petro está calladito porque él sabe lo que le espera. Él tiene que estar metido en un cuento, eso no lo dudo”, sostiene
Para Harold Coronado, la captura de Maduro representa un acto justificado por parte del gobierno estadounidense, frente al ‘sufrimiento del pueblo venezolano’. “Yo digo que sí está bien hecho lo que hizo el presidente Trump. Porque Venezuela tanto sufre mucho, la gente no lo ayuda, los beneficios. Eso está bien. Me alegro que lo cogieran y que le dieran explicaciones por qué hizo eso con Venezuela”, ratificó.
Ana Torres coincidió en que el hecho puede representar un beneficio para Venezuela, aunque expresó reservas frente al uso de la fuerza. “Si es para beneficio de Venezuela, pues muy bien dada. Lo que no me parece es llegar a esos términos donde haya guerra, eso no. Yo opino que ante todo sería el diálogo, es lo mejor.”
“Si las cosas se normalizan en Venezuela como muchos años atrás, pues yo creería de que ellos retornen a su ciudad natal, porque la verdad es que Colombia también tiene bastante desempleo y ellos aquí más que todo que yo veo niños en los semáforos pidiendo, y la mayoría son niños venezolanos sin estudios, sin educación y a veces los papás también los usan es para eso. Entonces, yo digo que si es para beneficio del país, pues están bien dadas las cosas. Lo que no estoy de acuerdo es con la forma en que se está dando.”
Dagoberto Beltrán consideró que la acción internacional llegó tarde, pero valoró positivamente su ejecución. “Me parece magnífico. Antes creo que se demoraron mucho, demasiado. Dejaron de destruir mucho ese país. Tenía que haber llegado un tipo como Donald Trump, un presidente fuerte que le pusiera coto definitivo a eso”, afirmó.
“Hay muchos venezolanos acá que me imagino que ahorita deben estar saliendo de Venezuela rumbo a las ciudades más cercanas. Esperemos que todo se normalice en Venezuela para que así ellos puedan retornar a su tierra natal.”
“La invasión que se le hizo al hermano país de Venezuela, duramos casi 26 años con esa dictadura en la cual nos ha bajado la moral y la economía venezolana también estuvo precaria, la cual todos tuvimos que emigrar, aunque yo soy colombiano- venezolano. Me duele lo que está pasando allá hoy en día y sí estoy de acuerdo con esa invasión. Esa invasión tenía que hacerse antes de que fueran las elecciones el 28 de julio del año pasado, recalcó.
“Retornar nuevamente y comenzar de nuevo, para que todos retornen a su país, ya que muchos venezolanos emigraron por la situación de allá y la dictadura que se estaba cometiendo. Pero falta todavía Diosdado, porque Diosdado es la cabeza visible de esa dictadura. Nicolás Maduro era un títere, pero lo que manejaba en el Gobierno era la señora Cilia Flores y Diosdado Cabello.
Las voces de los habitantes evidencian que, en la capital del Atlántico, la situación de Venezuela no se percibe como un hecho distante. Entre la esperanza, y la crítica, el sentir comunitario refleja una expectativa frente a un posible reordenamiento político y social en el vecino país, cuyas consecuencias —positivas o no— inevitablemente tocarán la vida de quienes comparten ciudadanía en esta orilla del Caribe.
Las cocinas ahora cuentan con la certificación en temas sanitarios, la cual las avala para llegar a grandes cadenas en todo el país. El proceso se cumplió de la mano de la Alcaldía, que extiende la invitación a más butifarreros del municipio.
Hace más de 30 años, esta familia fue desplazada de los Montes de María. Hoy, en una vivienda a punto de colapsar en Juan Mina, la Asocomunal de Galapa lucha por darle un hogar digno a Luisa, una niña de seis años que acaba de ser operada.",2026-01-03T20:44:46Z,Alejandra Isabel González,Colombia,El Heraldo
“Colombia no tiene ningún interés en cerrar la frontera”: vicecanciller Mauricio Jaramillo,https://www.elheraldo.co/colombia/2026/01/04/colombia-no-tiene-ningun-interes-en-cerrar-la-frontera-vicecanciller-mauricio-jaramillo/,"El Gobierno de Colombia confirmó que no está sobre la mesa el cierre de la frontera con Venezuela, aun en medio del nuevo escenario de tensión regional tras la detención de Nicolás Maduro . Así lo dio a conocer el vicecanciller Mauricio Jaramillo Jassir en entrevista con La W, quien reiteró que es “indispensable” mantener abiertos los pasos fronterizos es una prioridad nacional.
De acuerdo con el funcionario, luego de una reunión del Puesto de Mando Unificado (PMU) realizada en Cúcuta, las autoridades evaluaron los posibles efectos de la coyuntura venezolana y concluyeron que no existe ninguna directriz orientada a restringir el tránsito fronterizo.
Asimismo, Jaramillo enfatizó que la frontera colombo-venezolana, con una extensión superior a los 2.200 kilómetros, cumple un papel clave para miles de personas que dependen del intercambio comercial, la movilidad laboral y la migración diaria. En ese contexto, advirtió que un eventual cierre afectaría de forma directa a comerciantes, trabajadores y comunidades que viven a ambos lados de la línea limítrofe.
Además, el vicecanciller explicó que, aunque se activaron mecanismos de seguimiento y monitoreo permanente junto con autoridades locales y nacionales, estas acciones buscan anticipar escenarios y no implican restricciones a la movilidad. Insistió en que “es vital que estas zonas de frontera sigan siendo lugares de integración” .
Esta postura, añadió, ha sido respaldada por el Ministerio de Defensa, Pedro Sánchez, mientras que Migración Colombia mantiene vigilancia constante sobre los flujos de personas, especialmente ante la posibilidad de un aumento en los movimientos migratorios, sin contemplar cierres temporales ni definitivos.
En el plano internacional, Jaramillo señaló que Colombia está promoviendo una respuesta diplomática y multilateral frente a la crisis venezolana. Confirmó que el país impulsó la convocatoria del Consejo de Seguridad de las Naciones Unidas, al considerar que se trata del escenario legítimo para abordar situaciones que ponen en riesgo la paz regional.
El vicecanciller sostuvo que “Colombia tiene una trayectoria histórica de apego a la multilateralidad y al derecho internacional. Resultaría inexplicable que, dadas las circunstancias, no convocáramos una reunión del Consejo de Seguridad”, y consideró necesario que la comunidad internacional se pronuncie frente a lo que calificó como una vulneración de la soberanía venezolana.
Asimismo, fue enfático en señalar que el futuro de Venezuela debe ser decidido exclusivamente por los venezolanos, y reiteró el rechazo del Gobierno colombiano a cualquier salida militar o intervención extranjera, independientemente de los argumentos que se utilicen para justificarla. “Sea bajo el pretexto del narcotráfico o de imponer una transición democrática por la fuerza”.
Sobre la posibilidad de bloqueos diplomáticos en el Consejo de Seguridad, Jaramillo recordó las consecuencias de intervenciones pasadas en otras regiones del mundo como Irak, Afganistán y Libia. “ ¿Qué nos quedó de esas intervenciones? Hoy regiones enteras, como el Sahel, viven las consecuencias del vacío que dejaron”.
Finalmente, se refirió a los ciudadanos colombianos detenidos en Venezuela, asegurando que el Gobierno mantiene contacto con sus familias y continúa gestionando, por vía diplomática, el respeto a sus garantías legales. Reiteró que Colombia seguirá apostando por soluciones pacíficas, el fortalecimiento del sistema internacional y el respeto a los mecanismos multilaterales como camino para enfrentar la crisis regional.",2026-01-04T16:04:14Z,Redacción ELHERALDO.CO,Colombia,El Heraldo
El fin de un régimen dictatorial,https://www.elheraldo.co/cartas-de-lectores/2026/01/08/el-fin-de-un-regimen-dictatorial/,"Sobre el comentario editorial “el final de Maduro acerca a Venezuela a su renacer democrático” publicado en el periódico “EL HERALDO” , en la la edición del día domingo 4 de enero, en el mundo y más aún por parte de venezolanos y los nacionales colombianos esperamos, como lo expone el medio periodístico de Barranquillla, una transición pacífica y hacia la democracia.
Es que la captura, derrocamiento y detención de Nicolás Maduro representa para la mayoría de los países del mundo el fin de un régimen dictatorial y para otros es la más flagrante intervención de los Estados Unidos en los asuntos internos y destinos de otras naciones.
A Colombia la situación política, social y económica de Venezuela la está afectando mucho; en forma primordial por la migración de venezolanos a muchas ciudades. Según cálculos extraoficiales se estima que a Colombia han emigrado más de 3 millones. Muchos de ellos se dedican a toda clase de actividades delincuenciales; claro que son muchos los venezolanos que han llegado para desempeñarse en ocupaciones diversas y lo han hecho en forma honesta; ellos se han beneficiado y también Colombia. Las ciudades más afectadas por la migración son Bogotá, Medellín, Barranquilla, Maicao, Ocaña, Cúcuta y Bucaramanga; también regiones de la extensa frontera entre las 2 naciones.
Con la decisión del gobierno de los Estados Unidos. que preside Donald Trump, concluyó un sistema dictatorial por parte de Nicolás Maduro quien se encontraba “embrujado” por el poder económico de Venezuela que tiene las mayores reservas probadas de petróleo del mundo; al derrocado se le acusa por el saqueo económico y la presunta cooperación con el tráfico de cocaina a los Estados Unidos y naciones de Europa.",2026-01-08T05:00:00Z,Redacción ELHERALDO.CO,Colombia,El Heraldo
María Corina  Machado dice que Venezuela puede financiar su recuperación económica y abrir oportunidades,https://www.elheraldo.co/mundo/2026/01/31/maria-corina-machado-dice-que-venezuela-puede-financiar-su-recuperacion-economica-y-abrir-oportunidades/,"La líder opositora venezolana María Corina Machado afirmó este viernes que Venezuela tiene la capacidad de financiar su propia recuperación económica y convertirse en un país de oportunidades, condicionada al desmantelamiento de estructuras criminales.
“Nosotros podemos financiar y abordar los costos que implica una reconstrucción”, afirmó Machado durante su intervención vía teleconferencia en la charla ‘Hablemos de Venezuela’ con el periodista Michael Scott, en el Hay Festival de Cartagena de Indias, en el norte de Colombia.
“Lo que va a llevar a la liberación de Venezuela es la actuación decisiva con aplicación de la fuerza de la ley, que incluye un requisito fundamental: cortar los flujos de fondos ilegales criminales”, afirmó.
Machado indicó que esos recursos provienen, entre otros, del narcotráfico, el contrabando de oro y el tráfico de personas, y advirtió que mientras esas economías ilícitas sigan operando no será posible una recuperación económica sostenible.
La declaración de la premio Nobel de Paz 2025 se produce a pocos días de cumplirse el primer mes de los ataques del 3 de enero en Caracas, que reconfiguraron el escenario político y económico de Venezuela luego que fuerzas de Estados Unidos capturaran a Nicolás Maduro y a su esposa, Cilia Flores, quienes fueron trasladados a Nueva York para enfrentar cargos por narcotráfico ante la Justicia estadounidense.
Tras esos hechos, Delcy Rodríguez asumió como presidenta encargada y ha impulsado una agenda de medidas orientadas a reactivar la economía, entre ellas la reforma de la Ley de Hidrocarburos para atraer inversión privada y extranjera, el anuncio de reapertura de las conexiones aéreas y gestiones con Estados Unidos para avanzar en el alivio de sanciones vinculadas al sector energético.
Machado destacó además el papel de la migración venezolana como un activo para el futuro económico del país y de la región, en particular en relación con Colombia, país que acoge a más de 2,8 millones de migrantes venezolanos.",2026-01-31T04:56:29Z,Agencia EFE,Colombia,El Heraldo
Venezuela tilda de “robo descarado” la confiscación de buque petrolero por parte de EE. UU.,https://www.elheraldo.co/mundo/2025/12/11/venezuela-tilda-de-robo-descarado-la-confiscacion-de-buque-petrolero-por-parte-de-ee-uu/,"El Gobierno de Venezuela calificó este miércoles como un “robo descarado” la confiscación por parte de Estados Unidos de un buque petrolero frente a las costas del país suramericano y advirtió que acudirá a instancias internacionales para denunciar “este grave crimen internacional”.
“Este nuevo acto criminal se suma al robo de Citgo, importante activo del patrimonio estratégico de todos los venezolanos, arrebatado mediante mecanismos judiciales fraudulentos y al margen de cualquier norma”, señaló la Cancillería en un comunicado publicado en Telegram, en alusión a la filial de la estatal Pdvsa en territorio estadounidense, cuya venta fue aprobada por un juez en ese país en una subasta organizada por el tribunal para pagar a los acreedores del país suramericano.
Este miércoles, el presidente de Estados Unidos, Donald Trum p, había anunciado que su país interceptó y confiscó un petrolero frente a las cosas venezolanas, elevando la tensión entre Washington y Caracas.
“Acabamos de incautar un petrolero en la costa de Venezuela, un petrolero grande, muy grande, el más grande jamás incautado, en realidad”, declaró el mandatario al iniciar una mesa redonda con empresarios en la Casa Blanca.
Según The New York Times, el petrolero, de nombre Skipper y que navegaba con falsa bandera, fue incautado por orden de un juez estadounidense por sus vínculos previos con el contrabando de petróleo iraní, sancionado por Washington, aunque en esta ocasión transportaba crudo venezolano.
“No es la migración, no es el narcotráfico, no es la democracia, no son los derechos humanos, siempre se trató de nuestras riquezas naturales, de nuestro petróleo , de nuestra energía, de los recursos que pertenecen exclusivamente al pueblo venezolano”, apuntó.
Para el despacho de Exteriores, este “acto de piratería” busca distraer la atención y “tapar el fracaso rotundo” del que calificó como “show político montado hoy en Oslo” , donde se celebró la ceremonia de entrega del Premio Nobel de la Paz a la líder opositora venezolana María Corina Machado, ausente del acto y representada por su hija, Ana Corina Sosa .
“Venezuela hace un llamado a todo el pueblo venezolano a mantenerse firme en defensa de la patria y exhorta a la comunidad internacional a rechazar esta agresión vandálica, ilegal y sin precedentes que se pretende normalizar como herramienta de presión y saqueo”, añadió.
En ese contexto, el Gobierno venezolano advirtió que acudirá a “todas” las instancias internacionales para denunciar este hecho y, sostuvo, defenderá con “determinación absoluta” su soberanía, recursos naturales y dignidad nacional.",2025-12-11T00:46:23Z,Agencia EFE,Colombia,El Heraldo
"Venezolanos en Barranquilla, con la esperanza de retornar pronto a su patria",https://www.elheraldo.co/atlantico/2026/01/04/venezolanos-en-barranquilla-con-la-esperanza-de-retornar-pronto-a-su-patria/,"Muchos venezolanos llegaron a pensar que la dictadura en Venezuela sería como la que atraviesa Cuba: de muchos años. Sin embargo, el pasado sábado 3 de enero este pensamiento cambió en un santiamén luego de que el presidente de Estados Unidos, Donald Trump, anunciara la captura del presidente Nicolás Maduro y de su esposa, Cilia Flores.
Desde la madrugada del tercer día del 2026, un sentir de libertad y esperanza invadió no solo a los venezolanos que residen en su país natal, sino también a aquellos que hace tiempo decidieron emigrar a otras latitudes en busca de hacer una vida alejados de la dictadura.
El venezolano Edgardo Alfonso De la Vega corrió con euforia las calles del barrio Las Palmas mientras alzaba por lo alto la bandera de su país, luego de enterarse de la noticia. En este sector de la ciudad es el domiciliario de una de las tiendas. Un oficio distinto al que ejercía en Venezuela, pues allí era diseñador gráfico para un canal de televisión.
“Para llegar a mi casa tenía que caminar una hora, porque no existía transporte, ya que había escasez de llantas y gasolina. Estaba también cansado de las cinco horas de cola para comprar un solo pollo o pan. Todo eso lo viví yo”, indicó a EL HERALDO.
Pilín León, presidenta de Venezolanos en Barranquilla, calificó este suceso como la oportunidad de tener un nuevo aliento: “No solamente era la esperanza, sino el aliento, que a veces se desinfla, y otra vez volvimos a respirar y a tomar este aliento para salir, no solamente de Maduro, sino de todos los demás, porque eso es importante”.
“La gente va a esperar las próximas acciones y, una vez que vean consolidada una acción verdadera de salida y de anulación de los cuerpos de seguridad del narcorrégimen, va a haber un regreso, sobre todo de la población más vulnerable, que va a buscar su casa y las poquitas cosas que dejaron en el país”, informó.
Es de recordar que Barranquilla ha sido una de las principales ciudades de destino de migrantes venezolanos. No obstante, de acuerdo con un informe de Barranquilla Cómo Vamos, el número de migrantes en el Distrito, entre 2022 y 2024, presentó una disminución superior a los 10.000 migrantes.
Es de anotar que para 2022 se contabilizaban cerca de 149 mil venezolanos en la ciudad, siendo el registro más alto de los últimos años. Sin embargo, para 2024 se contaba con cerca de 137 mil, de acuerdo con Migración Colombia y la Secretaría distrital de Gobierno.
Asimismo, se conoció que el 48% de la población migrante venezolana en la ciudad se ubica entre los 5 y los 29 años; y que durante el 2023 y 2024 se presentó un aumento de 4.430 migrantes venezolanos afiliados al sistema de salud, pero también una disminución de 1.269 migrantes atendidos en el Programa de Alimentación Escolar.
Pilín informó a esta casa editorial que, hasta el momento, están desplegando un apoyo a la comunidad venezolana en Barranquilla a través de desmantelar información falsa. Con su programa ‘Con pie derecho’, han compartido información veraz, verídica, auténtica y verificada sobre la coyuntura.
“Estamos articulando no solamente con los generadores de opinión, sino con los medios de comunicación legítimos y veraces, para que lo que se difunda por redes sociales —que es muy susceptible a fake news, a inundación de bots por parte de quienes buscan generar desinformación— pueda ser contrarrestado con información veraz. Este es nuestro primer paso”, aclaró.
Puso de presente que, una vez se conozcan las próximas acciones, se reunirá con su equipo para definir el siguiente paso. De esta manera, reiteró su llamado a la prudencia, puesto que les preocupa que los órganos de represión venezolanos estén activos y se genere una persecución, capturas masivas, detenciones, arbitrariedades y torturas para buscar a los líderes de la oposición al régimen dictatorial.
“Vamos, por lo pronto, a estar muy unidos, tratando de orientar a la gente para ver las próximas disposiciones que pudiera sugerir María Corina Machado, que es la líder luego del presidente. Esperamos ver qué directrices hay para, de una u otra manera, hacerlo de forma pacífica, recordando que nosotros no somos políticos ni nada de eso, pero estamos del lado de la democracia, del lado de los venezolanos, del lado de la humanidad”, sentenció Thailer Fiorillo, presidente de la fundación.
Por su parte, los barranquilleros también asumieron que la coyuntura sería un episodio prolongado, similar al de otros regímenes que parecían no ceder, y con el paso del tiempo la convivencia entre distintas nacionalidades sería más que necesaria.
En La Arenosa, ciudad estrechamente ligada a olas migratorias, EL HERALDO salió a las calles para conocer las opiniones de los ciudadanos que reflejan un abanico de percepciones que van desde el optimismo y la satisfacción hasta la prudencia y la preocupación por las consecuencias que puedan derivarse de este nuevo escenario político.
“Si es para beneficio de Venezuela, pues muy bien dada su salida. Lo que no me parece es llegar a esos términos donde haya guerra, eso no. Yo opino que ante todo sería el diálogo, es lo mejor”, agregó.
Y al analizar el impacto migratorio en Barranquilla añadió: “Si las cosas se normalizan en Venezuela, que vuelva a ser como muchos años atrás, yo creería que ellos retornarán a su tierra natal, porque la verdad es que en Colombia también hay bastante desempleo y ellos aquí no tienen buenas condiciones; más que todo, yo veo niños en los semáforos pidiendo; la mayoría son niños venezolanos sin estudios, que sus padres los usan para la mendicidad”.
Álvaro Jiménez, ciudadano de origen colombo-venezolano, habló desde la experiencia del desarraigo: “Duramos casi 26 años con esa dictadura que nos ha bajado la moral y la economía venezolana también estuvo precaria, por lo cual todos tuvimos que emigrar, aunque yo soy colombo-venezolano”.
Y cerró con una expectativa de retorno: “Volver nuevamente y comenzar de nuevo, para que todos retornen a su país, ya que muchos venezolanos emigraron por la situación de allá y la dictadura que se estaba cometiendo. Pero falta todavía Diosdado, porque Diosdado es la cabeza visible de esa dictadura. Nicolás Maduro era un títere, pero lo que manejaba en el Gobierno era la señora Cilia Flores y Diosdado Cabello”.
Las opiniones recogidas evidencian que en la capital del Atlántico, la situación de Venezuela no se percibe como un hecho distante. Entre la esperanza y la crítica, el sentir ciudadano refleja una expectativa frente a un posible reordenamiento político y social en el país vecino, cuyas consecuencias —positivas o no— inevitablemente tocarán la vida de quienes comparten ciudadanía en esta orilla del Caribe.",2026-01-04T03:00:00Z,"Linda Donado, Alejandra Isabel González",Colombia,El Heraldo
"Francisco Palmieri, embajador de Estados Unidos en Colombia, le pidió a migrantes venezolanos no cruzar Tapón del Darién",https://www.elheraldo.co/colombia/2022/10/16/francisco-palmieri-embajador-de-estados-unidos-en-colombia-le-pidio-a-migrantes-venezolanos-no-cruzar-tapon-del-darien-946863/,"El embajador encargado de Estados Unidos en Colombia, Francisco Palmieri, aconsejó este sábado a los venezolanos que buscan cruzar el Tapón del Darién, en la frontera con Panamá, que no arriesguen su vida para llegar a EE.UU. , porque desde esta semana quienes intentan entrar de forma ilegal son deportados a México.
{""titulo"":""Estados Unidos anunció medidas para controlar la migración venezolana"",""enlace"":""https://www.elheraldo.co/mundo/estados-unidos-anuncio-medidas-para-controlar-la-migracion-venezolana-945943""}
'Conversé con migrantes venezolanos en Necoclí y les dejé un mensaje importante: conozcan la nueva forma legal de entrar a los EE.UU. no arriesguen sus vidas y las de sus familias. Venezolanos que intenten ingresar de forma ilega l serán expulsados a México ', expresó el diplomático en Twitter.
Palmieri vistió este sábado Necoclí, en el departamento de Antioquia, donde esta semana había unos 9.000 migrantes represados a la espera de conseguir un bote que los traslade hasta Acandí, en el Chocó, para arrancar su travesía por el Darién.
El embajador estuvo en esta población caribeña con la viceministra de Asuntos Multilaterales de Colombia, Laura Gil , porque, según dijo, todos los países tienen 'la responsabilidad de atender la crisis migratoria regional'.
Junto con el anuncio de la nueva realidad en la frontera, Estados Unidos también creó un nuevo programa de alivio migratorio para venezolanos con el que esperan 'desincentivar el movimiento' migratorio a través de diferentes países de la región, incluyendo Panamá y México.
El programa, que se asimila a un beneficio que EE. UU. ya da a las personas de Ucrania, tiene un límite de 24.000 solicitantes , un número muy inferior en comparación con el número de personas venezolanas que han sido arrestadas cruzando la frontera con México en los últimos meses.
La Defensoría del Pueblo de Colombia alertó esta semana sobre la agudización de la crisis humanitaria que se vive en la frontera con Panamá, donde actualmente hay unos 9.000 migrantes esperando para poder cruzar el Darién con destino a Norteamérica.
Este año 'la crisis migratoria es mucho más grave que la registrada el año pasado' y que 'la cantidad de personas en movilidad humana que han pasado hacia Panamá supera los 150.000, en comparación con los 134.000 migrantes en todo 2021 ', añadió el organismo.
Mientras en enero de este año cruzaron la frontera 4.415 migrantes , en agosto lo hicieron 31.055, lo que da una idea del aumento del número de personas que busca pasar hacia Panamá con el propósito de seguir su viaje por tierra hacia Estados Unidos.",2022-10-16T22:17:00Z,Agencia EFE,Colombia,El Heraldo
Migración impide ingreso de ofensores sexuales y refuerza protección infantil: 2.600 inadmisiones y 227 expulsiones,https://www.elheraldo.co/colombia/2025/11/04/migracion-impide-ingreso-de-ofensores-sexuales-y-refuerza-proteccion-infantil-2600-inadmisiones-y-227-expulsiones/,"Migración Colombia informó este martes en un comunicado que ha inadmitido a un total de 2.674 ciudadanos extranjeros entre enero y septiembre de 2025, mientras que en el mismo periodo se ejecutaron 227 expulsiones por incumplimiento de la normativa migratoria vigente.
“Como resultado de la cooperación internacional, en lo corrido del año han sido inadmitidos cerca de 50 ciudadanos extranjeros , la mayoría estadounidenses, así como, dos nigerianos, un británico, un dominicano, un venezolano, un salvadoreño, un mexicano y un canadiense que registraban notificación activa en Angel Watch , herramienta que permite identificar y monitorear a personas con antecedentes de delitos sexuales contra Niños, Niñas y Adolescentes”, se lee en el reporte.
Así mismo, indicó la entidad que en el marco de estas acciones en las últimas horas fueron inadmitidos en el Aeropuerto Internacional José María Córdova de Rionegro, Antioquia , cinco ciudadanos de nacionalidad estadounidense, “luego de que las diferentes verificaciones efectuadas por oficiales de Migración Colombia determinaran que su ingreso o permanencia en el territorio nacional representaba un alto riesgo para la seguridad y la convivencia ciudadana, por posible condición de ofensores sexuales. Los ciudadanos cumplieron la medida de inadmisión el mismo día”.
Informó en este sentido el Gobierno que las nacionalidades con mayor número de inadmisiones en 2025 son: Venezuela con 616 casos, República Dominicana con 266 y Estados Unidos con 346 . Completan la lista México 127, Haití 43, Cuba 154, Ecuador 111, India 47, China 119 y Perú 87, entre otros países que suman 788 casos.
“Durante 2025, las principales causas de inadmisión incluyen la falta de documentación exigida para el ingreso al territorio colombiano 786 casos, no presentar visa cuando es requerida 498, proporcionar información falsa a las autoridades 376, razones de soberanía o riesgo para la seguridad del Estado o la convivencia ciudadana 322 y carecer de tiquete de salida 164. También se registraron casos por agredir, amenazar o irrespetar a funcionarios, autoridades, personal de salud, aerolíneas 82, uso de documentación falsa 36 y contar con información de organismos de seguridad o de inteligencia 76, otras 334” , agrega el documento.
Y en materia de expulsiones, los ciudadanos venezolanos lideran la lista con 125 casos, seguidos por República Dominicana 41, Ecuador 12, Bolivia 7, Estados Unidos 7, Irán 4, México 4, España 3 y otros 24 casos de diversas nacionalidades: “Las medidas se aplicaron en los principales puestos de control migratorio del país, entre ellos, los aeropuertos El Dorado de Bogotá, José María Córdova de Rionegro, Rafael Núñez de Cartagena y Alfonso Bonilla Aragón de Cali. De igual forma, se ejecutaron en los puestos de control migratorio terrestres de Rumichaca en Ipiales, La Unidad (puente Atanasio Girardot) en Cúcuta , Simón Bolívar en Norte de Santander, Puente Páez en Arauca y Paraguachón en La Guajira, entre otros”.
“Las inadmisiones de estos 46 ofensores sexuales son resultado de una cooperación internacional efectiva y de una labor rigurosa de nuestros oficiales”, afirmó Gloria Esperanza Arriero López , directora general de Migración Colombia.",2025-11-04T13:12:44Z,Redacción País,Colombia,El Heraldo
"Luis Alejandro Peche, activista venezolano, exige claridad sobre atentado que sufrió en Bogotá",https://www.elheraldo.co/colombia/2025/11/25/luis-alejandro-peche-activista-venezolano-exige-claridad-sobre-atentado-que-sufrio-en-bogota/,"El activista venezolano Luis Alejandro Peche , refugiado en Colombia tras denunciar persecución política en Venezuela, exigió este lunes claridad sobre el atentado que sufrió junto a su compañero Yendry Velásquez hace seis semanas en Bogotá, donde recibieron catorce disparos.
“Hoy se cumplen seis semanas del atentado sufrido en Bogotá y seguimos sin conocer mayores avances del caso. No hay responsables materiales capturados, no hay responsables intelectuales identificados”, afirmó Peche en X.
En ese ataque, ocurrido el pasado 13 de octubre en el norte de la capital colombiana, ambos activistas resultaron heridos. Velásquez, miembro de Amnistía Internacional (AI), defensor de derechos humanos, activista LGBTIQ+ y solicitante de protección internacional, incluso tuvo que ser sometido a una intervención quirúrgica.
La semana pasada, la directora adjunta de Amnistía Internacional para Venezuela, Nastassja Rojas, explicó en una entrevista con EFE en Bogotá que este atentado “confirmó la vulnerabilidad extrema de quienes huyen y no encuentran protección adecuada al cruzar la frontera”.
“Lo que más nos preocupa es que en el último año esas expresiones de xenofobia y discriminación también están viniendo desde los gobiernos”, criticó Rojas, quien subrayó el aumento de la persecución a activistas, sindicalistas y periodistas venezolanos, especialmente desde las elecciones presidenciales de Venezuela de 2024.
La líder opositora venezolana María Corina Machado condenó el atentado y pidió al Gobierno del presidente colombiano, Gustavo Petro, “una investigación exhaustiva, transparente y urgente”, también a través de X.",2025-11-25T12:03:55Z,Agencia EFE,Colombia,El Heraldo
Precandidatos presidenciales piden proteger la frontera ante una posible crisis de migración tras captura de Maduro,https://www.elheraldo.co/politica/2026/01/03/precandidatos-presidenciales-piden-proteger-la-frontera-ante-una-posible-crisis-de-migracion-tras-captura-de-maduro/,"Tras la captura del presidente de Venezuela, Nicolás Maduro, en medio de una operación militar por parte del Gobierno de Estados Unidos, varios precandidatos presidenciales han hecho un llamado a garantizar la protección del pueblo colombiano y la frontera con el vecino país, ante una posible crisis de migración.
URGENTE CAPTURADO NICOLÁS MADURO. Cayó el régimen del Cartel de los Soles, cayó la dictadura. ¡Bendito sea Dios! LIBERTAD Y DEMOCRACIA en Venezuela. Estamos con ustedes hermanos venezolanos. pic.twitter.com/kiCPCeWQ7v
Para Sergio Fajardo, la caída del régimen se constituye en un “alivio” y enfatizó que la recuperación de la democracia en Venezuela es una “necesidad urgente” tras años de “una dictadura que sumió al país en una profunda crisis humanitaria, violó sistemáticamente los derechos humanos y convirtió su territorio en un paraíso del crimen organizado, afectando gravemente a Colombia”.
Enfatizó que “es urgente abrir canales de diálogo para que el país no desemboque en un conflicto tras la captura de Maduro y Colombia no termine seriamente perjudicada. Hoy hay que proteger nuestras fronteras con todas las capacidades de nuestras Fuerzas Militares”.
La caída del dictador Maduro es un alivio. La recuperación de la democracia en Venezuela es una necesidad urgente después de años de una dictadura que sumió al país en una profunda crisis humanitaria, violó sistemáticamente los derechos humanos y convirtió su territorio en un…
Sin embargo, cuestionó la ruptura del derecho internacional con la intervención militar de Estados Unidos, puesto que se vulneran los principios de la Carta de la ONU, “en los que Colombia siempre ha creído, y contribuye a la continuidad del quiebre de las Naciones Unidas, algo que debe preocuparnos a todos y frente a lo cual debemos trabajar para fortalecerla”.
“Colombia entiende la complejidad del momento, pero su prioridad es proteger a su gente y su frontera. La captura de Nicolás Maduro y la caída del régimen es una buena noticia para Venezuela y el mundo”, manifestó Lizcano.
Colombia entiende la complejidad del momento, pero su prioridad es proteger a su gente y su frontera. La captura de Nicolás Maduro y la eventual caída del régimen es una buena noticia para Venezuela y el mundo. Nunca una intervención militar extranjera será el camino, sin…
El precandidato presidencial del movimiento ‘Colombianisimo’ indicó que Colombia debe ser parte de la solución regional: “Es importante que Colombia esté atento a los sucesos y active todos los mecanismos humanitarios ante una posible inmigración”.
A lo que sumó: “El régimen de Nicolás Maduro y Hugo Chávez durante años destruyó la democracia y tenía al pueblo sufriendo y resistiendo incluso la separación de miles de familias. Oramos por el pueblo venezolano”.
Por su parte, Abelardo De la Espriella recordó que hace 8 años anunció durante una entrevista que “la única posibilidad que había de liberar a Venezuela del narcochavismo era a través de una incursión militar norteamericana que hoy, gracias a Dios, se ha concretado”.
A reglón seguido, expuso que “así es como deben terminar todos los tiranos: muertos o presos. Cuando lo escribí claramente en mi libro Muerte al Tirano, me tacharon de extremista y radical; hoy, el tiempo me da la razón”.
El líder del movimiento ‘Defensores de la Patria’ agregó: “Venezuela será libre y Colombia seguirá la misma senda. Lograremos el triunfo en las urnas para salvar del petrismo y del narcoterrorismo a nuestra nación, reconstruirla y llevarla al sitial de grandeza que se merece”.
Lo dije hace 8 años: la única posibilidad que había de liberar a Venezuela del narcochavismo era a través de una incursión militar norteamericana que hoy, gracias a Dios, se ha concretado. Así es como deben terminar todos los tiranos: muertos o presos. Cuando lo escribí… pic.twitter.com/5ffqeedXyt
Al tiempo, envió un mensaje de respaldo a la líder opositora María Corina Machado: “Mis respetos y apoyo total a María Corina Machado, la verdadera heroína y segunda libertadora de Venezuela. Mi profunda admiración para ella, una mujer sin par, comprometida con la democracia y la institucionalidad de su país”.
A lo que agregó: “Reconocimiento especial al secretario de Estado, Marco Rubio, cerebro de este triunfo, y a mis amigos congresistas de la Florida, que han estado siempre del lado de la libertad de Venezuela”.
Mientras que Claudia López aseguró que la prioridad debe ser la recuperación de la democracia en el vecino país, siendo enfática en que la mejor manera de proteger a Colombia es evitar respaldos al Gobierno de Maduro.
“En ningún caso el Gobierno colombiano debe prestarse para que se atrinchere el régimen dictatorial y criminal de Maduro, debe liderar una acción multilateral que asegure y estabilice la democracia con seguridad y desarrollo en Venezuela y en nuestra frontera”, dijo.
Recuperar la democracia en Venezuela es la prioridad de colombianos y venezolanos. En ningún caso el gobierno colombiano debe prestarse para que se atrinchere el régimen dictatorial y criminal de Maduro, debe liderar una acción multilateral que asegure y estabilice la democracia… pic.twitter.com/D3OkDURGlE
Y agregó que “Maduro, quien ha violado sistemáticamente los derechos del pueblo venezolano, robándose las elecciones, violando los derechos humanos de millones de sus ciudadanos y aliándose con el crimen organizado no puede ahora cínicamente pedir que el derecho lo proteja”.
“Cae el dictador, cae el jefe del Cartel de los Soles, cae uno de los responsables del narcotráfico, del crimen transnacional y violaciones masivas, sistemáticas de derechos humanos, cae el dictador que se robó las elecciones constitucionales de Venezuela”, dijo.
Cae el dictador, cae el jefe del Cartel de los Soles, cae uno de los responsables del narcotráfico, del crimen transnacional y violaciones masivas, sistemáticas de derechos humanos, cae el dictador que se robó las elecciones constitucionales de Velezuela. La impunidad no es…
A lo que sumó: “La impunidad no es eterna. Venezuela debe iniciar de inmediato su transición hacia la democracia y libertad. Maduro debe ante la justicia y la comunidad internacional denunciar todos los vínculos y alianzas que construyó durante años con países y gobiernos vecinos –incluyendo Colombia– y extra regionales. Llegó el momento de la verdad y la justicia”.
“Se trata de una grave y abierta agresión militar contra una nación soberana, una amenaza directa contra la paz regional, y contra los principios fundamentales del derecho público internacional. Rechazo de manera categórica esta agresión, que podría escalar y derivar en un conflicto armado trasnacional”, dijo.
ANTE LA AGRESIÓN DEL GOBIERNO DE EEUU EN VENEZUELA El presidente @petrogustavo ha anunciado que se presentan bombardeos de las Fuerzas Militares de EEUU en la ciudad de Caracas, Venezuela. También se informa que se presentan ataques militares en otros lugares del territorio…
En su mensaje también anotó: “Respaldo plenamente el llamado del presidente Petro a que se convoque de manera urgente el Consejo de Seguridad de la ONU. Y a que se activen todos los canales para detener esta agresión armada y a preservar la paz de la región”.",2026-01-03T14:09:38Z,Gabis Amaya,Colombia,El Heraldo
Mineducación activó ‘plan de choque’ para atender población migrante venezolana,https://www.elheraldo.co/atlantico/2026/01/06/mineducacion-activo-plan-de-choque-para-atender-poblacion-migrante-venezolana/,"El Ministerio de Educación Nacional anunció este martes que activó un plan de choque del sector educativo en todo el país, para garantizar el acceso, la permanencia y la continuidad en el sistema educativo de niñas, niños y jóvenes migrantes venezolanos , así como de la población colombiana, en el marco del inicio del año escolar 2026.
“ El plan contempla acompañamiento técnico, presencia institucional y trabajo articulado con las entidades territoriales certificadas en educación, con el fin de fortalecer la capacidad de respuesta del sistema educativo oficial”, señaló la cartera.
Se priorizan acciones en los departamentos de La Guajira, Arauca, Norte de Santander con énfasis en la región del Catatumbo, Vichada y Cesar, donde se reforzará la atención a las comunidades educativas.
El plan incluye la identificación y habilitación de cupos escolares, el acompañamiento a los procesos de matrícula y permanencia, y el apoyo directo a las secretarías de educación para garantizar la continuidad educativa.
Finalmente, el Ministerio de Educación Nacional invita a madres, padres y cuidadores, tanto de población colombiana como migrante, a matricular a sus hijas e hijos en las instituciones educativas oficiales y a acercarse a las secretarías de educación de sus territorios para recibir orientación sobre cupos disponibles y procesos de matrícula.",2026-01-06T21:41:27Z,Redacción Locales,Colombia,El Heraldo
"Venezuela Libre, Maduro en la cárcel",https://www.elheraldo.co/columnas-de-opinion/2026/01/10/venezuela-libre-maduro-en-la-carcel/,"Venezuela fue durante décadas un país próspero, con abundancia de recursos y una economía sólida. Sin embargo, todos sabemos que pasó hace más de 25 años, cuando Hugo Chávez llegó al poder y, con su continuación bajo Nicolás Maduro, el país entró en una espiral de violencia, empobrecimiento, escasez y vulneración sistemática de derechos humanos.
Desde entonces, la migración venezolana se ha convertido en uno de los movimientos humanos más grandes de nuestro tiempo. Gente talentosa, trabajadora, llena de sueños, cruzó fronteras buscando comida, salud, educación y, sobre todo, dignidad. Colombia fue una de las rutas principales de ese éxodo. Aquí vimos de primera mano la desesperación y el dolor de familias enteras que dejaron todo lo que tenían para comenzar de nuevo sin nada.
Pero el 2026 trajo una noticia que muchos esperaban, pero veían lejana: la captura de Nicolás Maduro y su esposa tras una operación en Venezuela, seguida de su traslado a Nueva York para enfrentar cargos en un tribunal federal de Manhattan. Se trata de un hecho histórico que no solo sorprendió al mundo, sino que volvió a encender la chispa de la esperanza en millones de venezolanos.
Los venezolanos celebraron esa determinación como el primer paso hacia la justicia después de años de dolor, y quienes vivimos de este lado de la frontera lo hicimos con ellos. Porque cuando un pueblo ha sufrido hambre, persecución, desplazamiento forzado y violaciones sistemáticas de derechos humanos, cualquier paso hacia la rendición de cuentas y la restauración de la democracia vale la pena celebrarlo.
No podemos ignorar que este proceso judicial será largo, complejo y lleno de debates jurídicos y políticos. Pero, lo que hoy importa no son los detalles técnicos del juicio, sino el significado humano de este momento: un pueblo que por años fue silenciado y castigado vuelve a sentir que su voz, finalmente, tiene un peso real.
Venezuela sigue siendo un país con heridas profundas y con desafíos enormes, pero también es un país que hoy observa, con un brillo renovado en los ojos, que la historia puede girar y cambiar a favor de la gente. Que la justicia, aunque tardía, puede llegar. Que la dignidad humana no es negociable, y que levantar la mirada después de tanto dolor es no solo legítimo, sino necesario.
Que esta noticia sea un punto de inflexión para Venezuela y para todo el continente. Que la memoria de quienes sufrieron no se olvide, y que las nuevas generaciones puedan, por fin, encontrar un camino hacia la democracia, la libertad y la reconstrucción de un país que siempre mereció mucho más.
Someter a soldados y policías a las presiones de los candidatos en medio de un conflicto es una irresponsabilidad. Como lo es abrir la puerta para que el presidente de turno intente cooptar el voto de los uniformados usando su poder de Comandante Supremo.
El Código Penal contempla delitos como daño en bien ajeno, perturbación del transporte, obstrucción de vías, violencia contra servidor público y asonada. Y cuando concurran rigurosamente sus elementos, también terrorismo.
Para Venezuela y los venezolanos, el acuerdo ni siquiera puede celebrarse como un triunfo de reactivación económica mientras los recursos derivados de esa reactivación petrolera sigan bajo el control de un régimen que ha empobrecido al país y violado sistemáticamente los derechos humanos de sus ciudadanos.",2026-01-10T05:00:00Z,Iván Cancino G.,Colombia,El Heraldo
Colombia impidió el ingreso a más de 2.000 extranjeros entre enero y septiembre de 2025,https://www.elheraldo.co/colombia/2025/11/05/colombia-impidio-el-ingreso-a-mas-de-2000-extranjeros-entre-enero-y-septiembre-de-2025/,"La Unidad Administrativa Especial de Migración Colombia informó este miércoles que no permitió el ingreso de 2.674 ciudadanos extranjeros entre enero y septiembre de este año, de los cuales más de 600 fueron venezolanos.
Entre los inadmitidos registraron a 46 ciudadanos extranjeros identificados como delincuentes sexuales contra niños y adolescentes, localizados por las autoridades migratorias colombianas gracias a la herramienta ‘Angel Watch’, que permite monitorear a personas con antecedentes de estos delitos.
En las últimas horas, las autoridades informaron además de la inadmisión de cinco ciudadanos estadounidenses en el Aeropuerto Internacional José María Córdova de Rionegro , en Antioquia (noreste), ya que su ingreso o permanencia en Colombia representaba “un alto riesgo para la seguridad y la convivencia ciudadana, por posible condición de ofensores sexuales”.
“Las inadmisiones de estos 46 ofensores sexuales son resultado de una cooperación internacional efectiva y de una labor rigurosa de nuestros oficiales”, afirmó la directora general de Migración Colombia, Gloria Esperanza Arriero, quien reafirmó el compromiso de la institución con la protección de la niñez.
A Venezuela lo siguen Estados Unidos (346), República Dominicana (266), Cuba (154), México (127), China (119), Ecuador (111), Perú (87), India (47) y Haití (43), entre otros países que suman otros 788 casos.
Las principales causas de inadmisión a lo largo de 2025 fueron la falta de documentación exigida para el ingreso al territorio colombiano (786 casos), no presentar la visa cuando es requerida (498) y proporcionar información falsa a las autoridades (376).",2025-11-05T23:29:29Z,Agencia EFE,Colombia,El Heraldo
Canciller (e) Rosa Villavicencio instaló el Foro Mundial sobre Migración en Riohacha: “Colombia es un referente internacional de gobernanza migratoria”,https://www.elheraldo.co/colombia/2025/09/02/canciller-e-rosa-villavicencio-instalo-el-foro-mundial-sobre-migracion-en-riohacha-colombia-es-un-referente-internacional-de-gobernanza-migratoria/,"Este martes la canciller Rosa Yolanda Villavicencio Mapy declaró instalada de la XV Cumbre del Foro Mundial sobre Migración y Desarrollo en la ciudad de Riohacha para poner en el centro de la agenda los derechos de los migrantes y sus contribuciones a los países que los acogen.
“El Gobierno de Colombia reitera su compromiso de continuar construyendo junto a la comunidad internacional , junto a los migrantes, un futuro de esperanza, dignidad y oportunidades compartidas, convencido de que la migración es de todo, una expresión de vida y de desarrollo humano”, aseguró la canciller durante su intervención.
La ministra sacó pecho de la política migratoria de Colombia de “puertas abiertas” con la llegada de más de dos millones de venezolanos a territorio nacional desde que se agudizó la crisis económica y política del vecino país. “Esta experiencia se ha convertido en un referente internacional de gobernanza migratoria basada en los derechos humanos, la solidaridad y la integración efectiva”.
Al tiempo, indicó que este espacio deber servir para “consolidar alianzas y proyectar compromisos hacia una gestión y corresponsable de las migraciones donde se reconozcan los aportes de las personas migrantes al desarrollo social, cultural y económico de nuestras naciones”.
Se mostró contenta por la elección de Riohacha , capital de La Guajira, como sede de este evento internacional que al reconocer un territorio que “ha unido pueblos”, refiriéndose a su cercanía con la frontera con Venezuela. “El pueblo wayuu nos une con nuestros e históricamente ha mantenido esta trayectoria migratoria. Creo que ese es uno de los elementos muy importantes en la decisión”.
Villavicencio Mapy también habló sobre el despligue militar de Estados Unidos muy cerca de costas venezolanos alegando un reforzamiento de la lucha contra el narcotráfico en la región que es la que abastece a ese país norteamericano de las drogas que consumen sus ciudadanos.
Expresó que la realización del foro no tiene nada que ver con eso y calificó el despliegue de los buques de “desproporcionada” frente a las tensiones que existen entre Venezuela y Estados Unidos que “nos llaman a advertir que una injerencia no es posible porque Colombia porque América Latina es tierra de paz . Esto es lo que hemos dicho claro y alto”.
La Cancillería confirmó la asistencia de representantes de más de 40 países, así como de organismos internacionales, sociedad civil y empresarios. Entre las delegaciones confirmadas están las de Canadá, España, Francia, México, Austria, Bélgica, Brasil, Ecuador, Perú, El Salvador, Paraguay, Cuba, India, Suiza, Madagascar, Bangladesh, Filipinas, Myanmar, China y Sudáfrica.
Los otros son los niños y jóvenes como innovadores para el desarrollo del mañana; la interacción de los medios de comunicación y la cultura para construir y deconstruir la realidad de la migración; el cambio climático y las rutas laborales; cooperación e integración regional, y nuevas tecnologías y digitalización para mejorar la gestión de la migración y las vías migratorias regulares.
El foro tendrá también un espacio de diálogo para alcaldes, empresarios y jóvenes con el fin de fomentar “la construcción de políticas públicas desde los territorios y reconociendo la importancia de la integración local en la gobernanza migratoria ”.",2025-09-02T17:29:11Z,"Redacción ELHERALDO.CO, Agencia EFE",Colombia,El Heraldo
El porqué la mitad de los colombianos decide no migrar,https://www.elheraldo.co/la-guajira/2025/10/20/el-arraigo-o-inmovilidad-la-otra-cara-de-la-migracion-la-lucha-de-los-que-se-quedan/,"La falta de ambición está fuertemente relacionada con las razones por las que las personas no emigran, pero en realidad se debe a una elección influida esencialmente por factores económicos y sociales , así como por falta de garantías legales, cuidado del núcleo familiar o el fracaso en el proceso migratorio.
El debate global de la migración humana se centró exclusivamente en quienes migran; sin embargo, durante la Cumbre XV del Foro Mundial de Migración y Desarrollo , realizada en Riohacha, La Guajira, se presentó un nuevo estudio que revela esta realidad poco explorada: la de millones de personas que permanecen en sus países de residencia o tránsito, incluso en condiciones adversas.
Colombia es un ejemplo vivo de la supervivencia de sus habitantes, siendo un Estado con políticas públicas precarias y un sistema migratorio débil, que lo sufren especialmente los departamentos históricamente relegados, como La Guajira.
La investigación, liderada por País Ayuda en Acción junto al Centro Internacional de Investigaciones para el Desarrollo (CIID) de Canadá y la Cátedra de Investigación sobre Desplazamiento Forzado del CIID de la Universidad del Pacífico de Perú, afirma que en algunas partes del país el 55 % de las personas encuestadas quiere permanecer, mientras que el 45 % desea migrar , pero no puede por pobreza, inseguridad, tareas de cuidado o falta de redes, lo que evidenció que quedarse no es una muestra de pasividad, sino una decisión compleja no anómala.
Al respecto, Diana Quimbay , directora País Ayuda en Acción Colombia, indicó: “A partir de nuestra investigación hemos determinado que la inmovilidad hace parte de nuestra realidad. Necesitamos construir políticas que hagan de la permanencia una elección digna y no una imposición de las circunstancias”.
De igual manera, Miguel González , coordinador general de la Cooperación Española en Colombia, comentó que “es crucial contar con este tipo de estudios porque nos dan luces de qué y a quién debemos financiar para poder tener el mayor impacto posible de cara a los retos que pretendemos resolver. De igual forma, estos estudios destacan y analizan posibles soluciones ante los desafíos y eso es fundamental para un donante”, finalizó.
El departamento cuenta con una población aproximada de más de 160 mil migrantes venezolanos , que en su mayoría no están regularizados, pero que, sin embargo, han llegado a estas tierras en búsqueda de una estabilidad económica, emocional y hasta amorosa que no consiguieron en su país de origen.
Ese es el caso del comerciante natural de Venezuela Ángel Betancourt , afectado en su momento por estos años de exilio involuntario, pero que encontró su lugar en el mundo en la capital de La Guajira, a la que llegó luego de deambular por Antioquia y ya cuenta con un negocio de venta de víveres propio y constituido en la ciudad. “Salí de mi país con un saco lleno de sueños y encontré en Riohacha, pese a las adversidades, vivir bien y tranquilo. Aquí me quiero quedar muchos años más”, aseveró.
Pero la otra cara de la moneda muestra que muchos refugiados y migrantes venezolanos en sectores del departamento enfrentan riesgos elevados de violencia basada en género, trata y tráfico de personas, reclutamiento, uso y utilización por la presencia de grupos irregulares. La falta de control en los pasos fronterizos y la inseguridad local incrementan su vulnerabilidad , afectando especialmente a mujeres y niños.
Para nadie es un secreto que La Guajira enfrenta una grave crisis humanitaria debido a las profundas brechas de desarrollo, la migración y las limitaciones en la garantía de derechos básicos, exacerbados por la violencia armada. Estas condiciones perpetúan la vulnerabilidad, la pobreza, la inseguridad alimentaria y el desplazamiento forzado, impactando especialmente a las comunidades étnicas y limitando el acceso a servicios esenciales y a oportunidades para un desarrollo sostenible.
Pese a estos factores negativos, Cristian Uribe , de 35 años de edad, al ser consultado sobre si prefería salir del país para buscar un mejor bienestar, respondió: “Prefiero quedarme en mi Riohacha. Aquí están mis puntos fuertes, tengo mi casa, un trabajo y lo más importante, mi familia. No he sentido la necesidad de irme. La gente sufre afuera, aunque aquí también, pero más por allá”, finalizó.
En Colombia y otros dos países de América Latina el estudio evidenció que muchas personas deciden quedarse para proteger y sostener a sus familias, tanto las mujeres , los adultos mayores o los migrantes que optan por regresar a su país de origen asumen diferentes responsabilidades en el hogar y deciden quedarse para permitir que los más jóvenes emigren y salgan adelante.
La población evidencia un agotamiento o rechazo a la movilidad producto de los intentos fallidos, la desconfianza hacia las instituciones gubernamentales y los sistemas migratorios, o el hecho de asumir una posición de resistencia frente a una mayor marginación en el país de destino.
En el marco del foro, Ayuda en Acción realizó su evento paralelo llamado “Inmovilidad en contextos de desplazamiento: evidencia para repensar políticas de migración y desarrollo”, centrado en el arraigo y sus impactos en el desarrollo humano y territorial.
Se discutieron las razones que obligan a miles de personas a no migrar incluso ante situaciones de violencia, pobreza extrema, inseguridad alimentaria o crisis políticas y ambientales. Además se resaltó que solo el 3,6 % de la población mundial es migrante, lo que contextualiza la magnitud de la inmovilidad/arraigo.
De igual manera hubo un llamado de urgencia a políticas públicas migratorias inclusivas y sistemas de protección social que reconozcan la permanencia como opción válida, con oportunidades reales de desarrollo y bienestar.
Finalmente, la participación en la cumbre promovió nuevos enfoques y alianzas internacionales, posicionando la inmovilidad/arraigo como dinámica activa que requiere mayor atención y apoyo para construir contextos más equitativos y dignos para quienes deciden quedarse.",2025-10-20T03:00:00Z,Julio César González,Colombia,El Heraldo
ELHERALDO.CO,https://www.elheraldo.co/editoriales/2019/03/31/migracion-y-empleo/,"EL HERALDO habló con analistas políticos, económicos y de seguridad para revisar cómo han estado viendo el gobierno del presidente Abelardo De la Espriella durante sus primeros 30 días en el poder.
Varios locales comerciales se vieron obligados a cerrar sus puertas en la noche del sábado por amenazas de motorizados.
El Congreso está en mora de resolver un pleito desgastado por la política: los límites se definen con ley y criterios técnicos, no con proclamas públicas.
El técnico uruguayo analizó el empate 3-3 ante Jaguares, en su estreno, reconoció los errores de su equipo y destacó la actitud mostrada por sus jugadores en sus primeros tres días de trabajo.
El mediocampista rojiblanco hizo una fuerte autocrítica tras el empate 3-3 ante Jaguares y reconoció que el equipo debe corregir cuanto antes esas desatenciones que le están costando muchos puntos.
El gobierno de Abelardo De la Espriella tiene una oportunidad que no puede desperdiciar para demostrar que cambiar no significa sustituir unas prácticas por otras para que, al final, todo siga igual. Colombia necesita reencontrar el rumbo y convertir el llamado “País Milagro” en una realidad.
EL HERALDO S.A. Prohibida la reproducción y utilización, total o parcial, de los contenidos en cualquier forma o modalidad, sin previa, expresa y escrita autorización, incluyendo su mera reproducción y/o puesta a disposición con fines comerciales, directa o indirectamente lucrativos. 2000 - 2024 ©
PBX: (57) (5) 3715000 Línea de atención: (57) (5) 3855050 / 018000 512200 Calle 53B N° 46 - 25, Barranquilla - Atlántico Bogotá: 3204982967",,ELHERALDO.CO,Colombia,El Heraldo
Migración Colombia deportó iraní que ingresó de manera irregular al país,https://www.elheraldo.co/region/2025/11/02/migracion-colombia-deporto-irani-que-ingreso-de-manera-irregular-al-pais/,"A través de la Regional Guajira–Cesar y del Centro Facilitador de Servicios Migratorios de Maicao , la autoridad migratoria realizó el procedimiento de deportación de un ciudadano de nacionalidad iraní , nacido en Dubái , quien ingresó de manera irregular al territorio colombiano, proveniente de Venezuela , en un vehículo de servicio público.
Durante la verificación se estableció que el extranjero no contaba con la visa exigida para su nacionalidad. Tras la comunicación con la Embajada de Irán, el ciudadano fue orientado para ponerse a disposición de las autoridades migratorias colombianas con el fin de adelantar el proceso correspondiente.
En este proceso Migración Colombia llevó a cabo los trámites administrativos de deportación conforme a la normatividad vigente, garantizando en todo momento el respeto por los derechos humanos y la aplicación de los protocolos establecidos para estos casos.
Finalmente, el ciudadano fue entregado a las autoridades migratorias venezolanas (SAIME) en el punto fronterizo de Paraguachón, bajo las medidas de seguridad y coordinación interinstitucional requeridas.
“Cada procedimiento migratorio que adelantamos está guiado por el respeto a la ley, los derechos humanos y la cooperación internacional. Nuestro compromiso es mantener un control fronterizo riguroso y humano, que garantice la seguridad del país y la dignidad de las personas”, afirmó Gloria Esperanza Arriero, directora General de Migración Colombia.
Migración Colombia consolida su papel para garantizar la seguridad fronteriza, fortaleciendo la cooperación con otros países y reafirmando su compromiso con una gestión migratoria moderna, transparente y basada en el respeto por la dignidad humana.",2025-11-02T01:46:11Z,Milagro Sanchez Florez,Colombia,El Heraldo
Trump dice que pausará de forma permanente la migración de “países del tercer mundo”,https://www.elheraldo.co/mundo/2025/11/28/trump-dice-que-pausara-de-forma-permanente-la-migracion-de-paises-del-tercer-mundo/,"El presidente estadounidense, Donald Trump , advirtió de que pausará de forma permanente la migración procedente “de todos los países del tercer mundo”, unos días después del tiroteo en Washington D.C. contra dos miembros de la Guardia Nacional.
“Expulsaré a cualquiera que no sea un activo neto para Estados Unidos o que sea incapaz de amar a nuestro país, pondré fin a todas las prestaciones y subsidios federales para los no ciudadanos, desnaturalizaré a los migrantes que socaven la tranquilidad interna y deportaré a cualquier extranjero que sea una carga pública”, reiteró.
La otra víctima, un hombre de 24 años llamado Andrew Wolfe, permanece en estado crítico, mientras que el atacante, un ciudadano afgano llamado Rahmanullah Lakanwal, también se encuentra en “condición seria”, según reveló ayer el presidente.
Lakanwal, de 29 años, trabajó para una unidad militar respaldada por la CIA en Afganistán, y en 2021, cuando las tropas estadounidenses se retiraron del país, fue trasladado a Estados Unidos bajo el ala del programa ‘Operation Allies Welcome’.",2025-11-28T16:23:21Z,Agencia EFE,Colombia,El Heraldo
En Barranquilla hay más venezolanos de los que dice el censo: concejales,https://www.elheraldo.co/barranquilla/2018/07/24/en-barranquilla-hay-mas-venezolanos-de-los-que-dice-el-censo-concejales-522438/,"Los concejales de Barranquilla cuestionaron ayer las cifras de Migración Colombia sobre el número de venezolanos que han llegado a Barranquilla, como consecuencia de la crisis que se registra en el vecino país. Según los cabildantes, en la capital del Atlántico hay más de 100 mil venezolanos.
Durante el debate, la Secretaría de Gobierno dijo que a la ciudad han arribado '84.399 venezolanos, equivalente al 9.7% del total que hay en el país, que son 870.093' ciudadanos. Las cifras de Migración indican que del total registrado en Colombia, en Barranquilla hay 25.202 ciudadanos del vecino país.
'Las cifras que se manejan son muy alejadas a la realidad. En Barranquilla como mínimo debe haber cerca de 60.000 familias y cerca de 120.000 o 150.000 venezolanos', señaló Díaz, durante la cesión de este lunes.
Al respecto, el secretario de Gobierno distrital, Clemente Fajardo, dijo que el criterio utilizado por Migración fue erróneo porque se atendió en dos puntos: Barranquilla y Soledad. En el resto del departamento –agregó– no hubo atención diaria.
La entidad no reveló cuántas personas son regulares, que son las que tienen Permiso Especial de Permanencia (PEP), y cuantos en situación de irregularidad, que son los que ingresan por pasos no autorizados o traspasaron los límites de movilidad autorizada.
A su turno, Juan Camilo Fuentes, concejal que citó al debate la situación de los venezolanos en Barranquilla, detalló que le preocupa 'la cantidad de personas que están utilizando la Red Hospitalaria del Distrito' y 'el poco dinero que recibe del Gobierno Nacional'.
Además, señaló que 'el sector industrial viene vinculando a su planta venezolanos que no están capacitados y por menos plata'. 'Personas que no tienen algún estudio mínimo en esa área, los contratan y le quitan un puesto al barranquillero que sí es competente en esa plaza y que quiere sacar adelante a su familia', anotó.
El Gobierno ha destinado $8.186 millones para cupos educativos de niños y adolescentes venezolanos matriculados en Barranquilla hasta la fecha, según informó la secretaria de Planeación, Margarita Zaher.
Son 3.639 estudiantes venezolanos, legalmente matriculados en las IED, de los cuales 1.691 se benefician del Programa de Alimentación Escolar (PAE). El valor aproximado del PAE para niños y adolescentes venezolanos es de $592 millones.
En cuanto a salud, la funcionaria distrital dijo que este año 2.860 mujeres embarazadas procedentes del vecino país han sido atendidas en la red pública Distrito de Barranquilla. Además, se realizan actividades como vacunación, búsqueda activa de febriles y educación para la prevención de enfermedades.",2018-07-24T15:20:00Z,Julio Mario Perez,Colombia,El Heraldo
Colombia y Perú crearán base de datos por éxodo de venezolanos,https://www.elheraldo.co/colombia/2018/08/28/colombia-y-peru-crearan-base-de-datos-por-exodo-de-venezolanos-535466/,"El director de Migración Colombia, Christian Krüger, en conjunto con el Superintendente Nacional de Migraciones de Perú, Eduardo Sevilla, anunciaron que crearán una base de datos para documentar la migración venezolana con el fin de evitar solicitar mayor documentación al momento de solicitar los permisos de permanencia.
'Muchos de los venezolanos que estaban en Colombia con el Permiso Especial de Permanencia (PEP) partieron hacia Perú para radicarse allá y tuvieron que volver a hacer toda la gestión, es por esto que buscamos incentivar una migración ordenada para poderles brindar mayores políticas', explicó Krüger.
Por su parte, el Superintendente Nacional de Migraciones de Perú, Eduardo Sevilla, sostuvo que esta medida se da luego de concluir que muchos venezolanos solicitan los beneficios de salud y seguridad en otros países quitándole cupos a los demás.
'Tras nuestra decisión de aplicar la norma de pasaporte para la población venezolana encontramos que era necesario un mecanismo de integración entre los países de la región para darle garantía a los afectados por este fenómeno', agregó Sevilla.",2018-08-29T03:28:00Z,Colprensa,Colombia,El Heraldo
Canciller visita La Guajira este viernes por crisis migratoria venezolana,https://www.elheraldo.co/la-guajira/2018/08/30/canciller-visita-la-guajira-este-viernes-por-crisis-migratoria-venezolana-536192/,"El ministro de Relaciones Exteriores, Carlos Holmes Trujillo, estará este viernes en el departamento de La Guajira, donde conocerá el impacto generado por la migración de venezolanos y evidenciar la presencia del gobierno nacional en esta zona a la que han llegado en el último mes unos 15 mil ciudadanos de ese país, según Migración Colombia.
En este departamento tendrá reunión con la gobernadora encargada Tania Buitrago González, el alcalde de Maicao José Carlos Molina, la alcaldía de Riohacha, representantes de los comerciantes, concejales y diputados.
Dentro de la agenda está prevista la visita al puesto de control migratorio de Migración Colombia en Paraguachón y realizará un recorrido por el punto fronterizo para hacer seguimiento a la situación y atención de los migrantes venezolanos en ese sector.
La delegación que acompañará al Canciller en la gira que iniciará por la frontera estará integrada por el director para el Desarrollo y la Integración Fronteriza, Víctor Bautista, el director de Soberanía, Ricardo Montenegro, la directora de Asuntos Migratorios, Consulares y Servicio al Ciudadano, la embajadora Margarita Manjarrez, el director de Migración Colombia, Christian Krüger, y el director de la UNGRD, Eduardo González.
Igualmente ha citado a los Cónsules de Colombia de las ciudades fronterizas en Venezuela para dialogar sobre la situación de los connacionales en aspectos sociales, económicos y flujos migratorios en sus áreas de influencia",2018-08-31T02:37:00Z,Sandra Guerrero,Colombia,El Heraldo
EE. UU. donará USD300 millones a Colombia para atender migración,https://www.elheraldo.co/colombia/2021/09/22/ee-uu-donara-usd300-millones-a-colombia-para-atender-migracion-852143/,"En el marco de su visita por Estados Unidos , el presidente de la República, Iván Duque , agradeció el anuncio del Gobierno de ese país en más de USD 336 millones en nueva ayuda humanitaria para responder a la crisis migratoria venezolana.
El anuncio fue hecho por el Representante de la Misión Política de Estados Unidos ante Naciones Unidas, Jeffrey DeLaurentis , en desarrollo del evento sobre la crisis humanitaria de los migrantes y refugiados, denominado ‘El compromiso y las medidas de Colombia’, que se desarrolló en esta ciudad estadounidense.
Al término de su participación en un panel de la Cumbre Concordia que se realiza en Nueva York , el presidente agradeció el anuncio del desembolso de los recursos, al tiempo que indicó que el gesto brinda esperanzas a los millones venezolanos que han tenido que salir de su país.
{""titulo"":""Duque habla de aumento de migración si no se pone fin a dictadura venezolana"",""enlace"":""https://www.elheraldo.co/colombia/duque-vaticina-mas-migracion-si-no-se-pone-fin-la-dictadura-venezolana-851551""}
'Estados Unidos está comprometiendo 300 millones de dólares más para la atención de la población migrante venezolana, en los países que hemos sido receptores. Por supuesto, de esos 300 millones de dólares, Colombia tendrá una participación muy relevante. Pero, el mensaje es que se están acelerando los desembolsos y el apoyo a estos millones de personas que han salido de Venezuela buscando esperanza', dijo Duque.
En medio del foro, el mandatario expresó que desde que fungía como senador de la República sabía que si no se tomaban cartas en el asunto de la migración masiva de venezolanos se iba a llegar a una crisis sin precedentes.
'El año pasado identificamos no solamente que la crisis era masiva, sino que muchas personas eran invisibles y la regulación era un reto y eso dificultaba el manejo de la pandemia y eso fue lo que motivó el Estatuto de Protección Temporal', mencionó Duque.
Asimismo, el jefe de Estado dijo que 'durante muchos años los colombianos viajaron a Venezuela cuando nosotros estábamos enfrentando diferentes problemas del país, salieron en busca de oportunidades a Venezuela y las encontraron. En ese sentido, nosotros debemos ser fraternos y teníamos que devolver esa fraternidad de manera inteligente'.
De igual forma, reconoció que aunque Colombia 'no es un país rico, ha podido demostrar que la fraternidad, la tecnología, las políticas sensatas y una regulación responsable fueron la mejor forma de responder a una crisis y esa la razón por la que 1.8 migrantes  ya tienen el Estatuto Temporal' .
En el encuentro participaron diferentes líderes mundiales y uno de los que tomó la vocería fue Filippo Grandi , alto Comisionado para los Refugiados de la ONU, quien expresó: 'vivimos en un mundo en el que todo el tiempo se busca invisibilidad ese problema y el fenómeno venezolano es uno muy complejo, no hay un ejemplo más positivo del mundo de inclusión a refugiados y migrantes que el del Estatuto Temporal que está implementando Colombia'.
Por su parte, Antonio Vitorin o, director General de la OIM, quien participó de forma virtual en el foro mencionó que 'el registro es una herramienta para que las autoridades puedan regular la ilegalidad y envía un mensaje muy fuerte contra la discriminación y la xenofobia'.
Asimismo, considera que las autoridades sanitarias pueden controlar de manera mejor crisis como la que generó la covid-19 si se tiene un registro y control de las personas que llegan en calidad de refugiados a los países.",2021-09-23T08:30:00Z,Redacción País,Colombia,El Heraldo
ELHERALDO.CO,https://www.elheraldo.co/editoriales/2018/02/15/la-avalancha-venezolana/,"EL HERALDO habló con analistas políticos, económicos y de seguridad para revisar cómo han estado viendo el gobierno del presidente Abelardo De la Espriella durante sus primeros 30 días en el poder.
Varios locales comerciales se vieron obligados a cerrar sus puertas en la noche del sábado por amenazas de motorizados.
El Congreso está en mora de resolver un pleito desgastado por la política: los límites se definen con ley y criterios técnicos, no con proclamas públicas.
El técnico uruguayo analizó el empate 3-3 ante Jaguares, en su estreno, reconoció los errores de su equipo y destacó la actitud mostrada por sus jugadores en sus primeros tres días de trabajo.
El mediocampista rojiblanco hizo una fuerte autocrítica tras el empate 3-3 ante Jaguares y reconoció que el equipo debe corregir cuanto antes esas desatenciones que le están costando muchos puntos.
El gobierno de Abelardo De la Espriella tiene una oportunidad que no puede desperdiciar para demostrar que cambiar no significa sustituir unas prácticas por otras para que, al final, todo siga igual. Colombia necesita reencontrar el rumbo y convertir el llamado “País Milagro” en una realidad.
EL HERALDO S.A. Prohibida la reproducción y utilización, total o parcial, de los contenidos en cualquier forma o modalidad, sin previa, expresa y escrita autorización, incluyendo su mera reproducción y/o puesta a disposición con fines comerciales, directa o indirectamente lucrativos. 2000 - 2024 ©
PBX: (57) (5) 3715000 Línea de atención: (57) (5) 3855050 / 018000 512200 Calle 53B N° 46 - 25, Barranquilla - Atlántico Bogotá: 3204982967",,ELHERALDO.CO,Colombia,El Heraldo
Migración Colombia impulsa la regularización de migrantes en Cesar,https://www.elheraldo.co/cesar/2025/10/01/migracion-colombia-impulsa-la-regularizacion-de-migrantes-en-cesar/,"Este jueves 2 de octubre, en el municipio de Chimichagua , sur del Cesar, Migración Colombia a través de la Dirección Regional de La Guajira y el Centro Facilitador de Valledupar, participará en la Feria Buen Futuro para la Atención Integral y Descentralizada convocada por la Defensoría del Pueblo.
La entidad, indicó que durante la jornada se realizará la entrega de Permisos de Permanencia Temporal (PPT) a los migrantes venezolanos que hayan completado el proceso del Estatuto de Protección Temporal (EPT). Además, se llevará a cabo la toma de registros biométricos presenciales, incluyendo huellas dactilares, foto y firma, para formalizar la emisión de los Permisos de Permanencia Temporal.
En esta ocasión, se dará a conocer la implementación y los requisitos del nuevo Permiso Especial de Permanencia (PEP), dirigido a tutores, representantes legales y custodios de menores de edad que hayan obtenido el Permiso de Protección Temporal (PPT), facilitando su acceso a la regularización migratoria en Colombia.
Además, se abordarán temas de vital importancia relacionados con la prevención de la trata de personas, tráfico de migrantes y el uso de la aplicación móvil LibertApp , diseñada para denunciar estos delitos.
La jornada se desarrollará en las instalaciones del SENA del municipio, con la presencia de autoridades regionales, representantes de Migración Colombia y diversas entidades relacionadas con la atención a la población migrante.",2025-10-01T19:56:28Z,Milagro Sanchez Florez,Colombia,El Heraldo
En Maicao realizan la primera mesa técnica binacional de salud colombo-venezolana,https://www.elheraldo.co/la-guajira/2025/10/21/en-maicao-realizan-la-primera-mesa-tecnica-binacional-de-salud-colombo-venezolana/,"Durante la actividad que fue dirigida por la administración departamental a través de la Secretaría de Salud , se buscó establecer y fortalecer los mecanismos para asegurar la atención sanitaria a la población extranjera que en su mayoría es de origen venezolano y actualmente reside en esta parte de Colombia .
Se contó con la participación de representantes de organismos internacionales como la Organización Panamericana de la Salud (OPS), Organización Internacional para la Migraciones (OIM) y una delegación del estado del Zulia de la hermana República Bolivariana de Venezuela.
Los de nivel nacional lo encabezó el Ministerio de Salud y Protección Social (MSPS), el Instituto Nacional de Salud , la Cancillería, el Proyecto PAISS, representantes del municipio de Uribia y Riohacha.
Para agosto de este año, el Ministerio de Salud, había reportado la afiliación de más de 1.5 millones de migrantes al sistema de salud de nuestro país. Pero estos esfuerzos se hacen insuficientes en cuanto día a día siguen llegando a nuestro territorio migrantes irregulares, colombianos retornados o comunidades de acogida.
La cooperación bilateral y la atención a esta población en materia de salud, son puntos clave en la agenda binacional . Y busca fortalecer la coordinación intersectorial y el desarrollo de capacidades para una atención más completa.
Por su parte, la secretaria de Salud de La Guajira, Leidy González Yepes, al finalizar la jornada indicó que “desde hoy, la colaboración entre las autoridades de los dos países tendrá como resultado una atención integral y con enfoque diferencial para todos nuestros ciudadanos”.
Finalmente, la reunión en la ciudad fronteriza de Maicao, donde se encuentra el asentamiento de migrantes más grande de Sudamérica, representa un paso importante para formalizar la cooperación entre ambos países y consolidar los esfuerzos que garanticen el acceso a servicios de salud de calidad, para la población en la zona limítrofe.",2025-10-21T19:44:50Z,Julio César González,Colombia,El Heraldo
En Paraguachón destruyen 17 trochas usadas por venezolanos irregularmente,https://www.elheraldo.co/la-guajira/2018/03/09/en-paraguachon-destruyen-17-trochas-usadas-por-venezolanos-irregularmente-468530/,"Las autoridades destruyeron 17 de las casi 100 trochas por las que ingresan de manera irregular los venezolanos a Colombia en La Guajira, según informó en Riohacha el director general de Migración Colombia, Christian Krüger Sarmiento.
El funcionario recorrió lo que era la trocha denominada 'La Cortica', la de mayor movimiento en el corregimiento de Paraguachón, jurisdicción del municipio de Maicao, la cual fue cerrada por el Ejército Nacional.
'El cierre de la frontera, de acuerdo a lo estipulado en el Decreto 430 del cinco de marzo de 2018, se realizó por parte de Migración Colombia, con el apoyo de las Fuerzas Militares y la Policía Nacional y hasta el momento solo se ha registrado un pequeño incidente en el Puente Internacional Simón Bolívar en Cúcuta', explicó.
Agregó que después que se hizo el anuncio por parte del Gobierno Nacional de decretar, como ya es costumbre, el cierre de todas las fronteras terrestres y fluviales del país, para la realización de los comicios electorales del próximo 11 de marzo, Migración Colombia evidenció que, en las últimas 24 horas, se registró un incremento en el número de ciudadanos venezolanos entrando y saliendo del territorio colombiano, por los siete pasos habilitados en la frontera entre Colombia y Venezuela.
Según Krüger Sarmiento, fueron más de 40 mil los ciudadanos venezolanos que han cruzado la frontera entre Colombia y Venezuela, con el fin de abastecerse de alimentos, medicamentos y artículos de primera necesidad.
Pese a este incremento, cercano al 20% respecto al promedio diario del último mes, Krüger Sarmiento indicó que el número de entradas sigue por debajo de los promedios que se venían manejando antes de la imposición de las nuevas medidas migratorias por parte del Gobierno Nacional, desde el ocho de Febrero.
Los funcionarios estuvieron junto a la gobernadora encargada de La Guajira Tania Buitrago, en la instalación del Puesto de Mando Unificado de este departamento que se creó el 23 de febrero y en el cual participan las diversas entidades para enfrentar de manera oportuna la crisis que se registra por la migración masiva de venezolanos a esta región.
En Paraguachón la comunidad se encuentra inconforme con la medida adoptada por el Gobierno Nacional, porque afirman que el cierre se registra desde el puente en la vía que conduce a Maicao y esto les reduce la movilidad por la población.
'Es una medida que nos está perjudicando, porque allá es que quedan los locales comerciales, además los carrotanques a los que les compramos el agua no pudieron pasar y además es un peligro transitar por esas trochas', indicó.",2018-03-10T05:23:00Z,Sandra Guerrero,Colombia,El Heraldo
Canciller rectifica a Ordóñez por tesis sobre venezolanos,https://www.elheraldo.co/colombia/2019/05/04/canciller-rectifica-a-ordonez-por-tesis-sobre-venezolanos-627690/,"El canciller de Colombia, Carlos Holmes Trujillo, desautorizó este jueves al embajador colombiano ante la OEA, Alejandro Ordóñez, quien aseguró que hay 'una agenda global para irradiar en la región el socialismo del siglo XXI' y que la migración hace parte de esa estrategia para lograr ese propósito.
'Debo reiterar que ese fenómeno migratorio obedece a la tiranía de Nicolás Maduro, a la dictadura, al deterioro de las condiciones económicas, políticas y sociales que ha generado el flujo migratorio que naturalmente representa un gran desafío para Colombia', aseveró Holmes Trujillo en un video divulgado en redes sociales.
Ordóñez manifestó más temprano en el Consejo Permanente de la OEA que 'la dictadura de Nicolás Maduro (...) hace parte de una agenda global para irradiar en la región el socialismo del siglo XXI. Para ello, la migración y las alianzas transcontinentales son parte de la estrategia para concretar ese propósito, el cual lo vienen desarrollando calculadamente'.
'Debo reiterar que la política del presidente Duque es continuar trabajando mediante medios políticos y diplomáticos para crear condiciones que permitan que Venezuela vuelva vivir en democracia y libertad, lo cual impedirá que siga presentándose ese flujo migratorio', remarcó el canciller Trujillo.
El director de Migración Colombia, Christian Krüger, aseguró este jueves que un total de 1.260.594 venezolanos residentes se registraron en Colombia en el primer trimestre de este año, lo que supone un aumento de 85.851 en comparación con el último estudio oficial realizado.
A lo largo de su carrera, Ordóñez ha estado envuelto en constantes polémicas por sus opiniones y decisiones contrarias al matrimonio homosexual, el aborto, la eutanasia, la dosis personal de drogas y la adopción de niños por parte de parejas del mismo sexo, entre otros.",2019-05-04T15:00:00Z,Agencia EFE,Colombia,El Heraldo
El papa agradece a Colombia su 'valiente' política migratoria con venezolanos,https://www.elheraldo.co/mundo/2021/02/14/el-papa-agradece-a-colombia-su-valiente-politica-migratoria-con-venezolanos-794845/,"El papa Francisco agradeció la 'valentía' de las autoridades de Colombia por la creación de un Estatuto de Protección Temporal para los migrantes venezolanos a pesar de los problemas internos del país.
'Me uno a los obispos de Colombia al expresar reconocimiento por la decisión de las autoridades colombianas de implementar el Estatuto de Protección Temporal para los migrantes venezolanos presentes en el país', dijo el pontífice tras el rezo del Ángelus.
El Gobierno colombiano del presidente Iván Duque ha impulsado esta medida con el fin de regularizar a millones de venezolanos que se vieron obligados a dejar su país por la crisis, aunque la intención también es la de controlar la migración ilegal.
'Esto no lo hace un país riquísimo y muy desarrollado, sino uno con muchos problemas de desarrollo, de pobreza, de paz tras casi setenta años de guerrilla. Pero con este problema ha tenido la valentía de mirar a esos inmigrantes y hacer ese estatuto', apreció.
El mencionado Estatuto es una carta de derechos que beneficiará a unos 2 millones de inmigrantes venezolanos, regulares o irregulares, para dar soluciones de largo plazo a sus necesidades y sacar del limbo legal a aquellos que ya están establecidos en el país, incluso con hijos nacidos en territorio colombiano.
El Estatuto, con una vigencia de diez años, da a los venezolanos 'la posibilidad de hacer su vida en Colombia, de trabajar, desplazarse en el territorio y la inclusión en el sistema de seguridad social, por supuesto la inclusión en salud que nunca se les ha negado, la educación y la inclusión financiera ', según ilustró el director de Migración Colombia, Juan Francisco Espinosa.",2021-02-14T23:02:00Z,Agencia EFE,Colombia,El Heraldo
"Venezuela dice estar dispuesta a avanzar en nueva agenda con la UE, Reino Unido y Suiza",https://www.elheraldo.co/mundo/2026/01/12/venezuela-dice-estar-dispuesta-a-avanzar-en-nueva-agenda-con-la-ue-reino-unido-y-suiza/,"El canciller de Venezuela, Yván Gil , aseguró este lunes que su país está dispuesto a avanzar en una nueva agenda con la Unión Europea (UE), Reino Unido y Suiza , tras una reunión entre el cuerpo diplomático de estos países en Caracas y la presidenta encargada, Delcy Rodríguez , luego de más de una semana del ataque estadounidense contra la nación suramericana, que concluyó con la captura del mandatario Nicolás Maduro.
“La presidenta encargada ha transmitido un mensaje muy claro que en el marco del respeto, en el marco de la igualdad de los Estados, nosotros estamos dispuestos a avanzar en una agenda nueva , una agenda intensa de trabajo para el bienestar de ambos pueblos, de los todos los pueblos de Europa y de Venezuela”, señaló Gil en una breve declaración al concluir el encuentro, transmitido por el canal estatal Venezolana de Televisión (VTV).
El canciller indicó que en la cita, celebrada en el palacio presidencial de Miraflores, participó el presidente del Parlamento, Jorge Rodríguez , así como el ministro de Interior y Justicia, Diosdado Cabello .
“Creo que se abre a partir de hoy una etapa muy interesante de diálogo, de construcción, de cooperación en todos los ámbitos de la vida de nuestros países y que seguramente será en beneficio de nuestros pueblos. Reafirmamos la voluntad del Gobierno bolivariano de trabajar de la mano y bajo los principios diplomáticos con todos los pueblos del mundo”, añadió.
Gil sostuvo que la reunión fue “franca, cordial, amena”, en la que coincidieron en la necesidad de avanzar en una etapa de “ relacionamiento productivo , de abrir vías de diálogo cada vez más profundas”.
El pasado 6 de enero, la UE afirmó que mantendrá los contactos con el Gobierno de Rodríguez, como venía haciéndolo con unas autoridades venezolanas que no consideraba legítimas, con el objetivo de “salvaguardar sus intereses y defender sus principios”.
Tras el ataque de Estados Unidos a Caracas y otras regiones de Venezuela, el pasado 3 de enero, la UE llamó a “la calma y moderación de todos los actores, con el fin de evitar una escalada y garantizar una solución pacífica a la crisis ”.
Entretanto, el Reino Unido defendió el pasado 5 de enero una “transición pacífica” hacia la democracia en Venezuela , por lo que pidió a sus socios de la comunidad internacional unidad para lograr este fin político.
Ese mismo día, el Gobierno de Suiza anunció que congeló los activos de Maduro y sus asociados en el país con efecto inmediato “como medida de precaución” y ante la “volátil situación” creada tras la captura del líder chavista y su esposa, Cilia Flores .",2026-01-12T22:17:24Z,Agencia EFE,Colombia,El Heraldo
Reportan los dos primeros casos de leptospirosis en equinos en zonas inundables de Córdoba,https://www.elheraldo.co/cordoba/2026/02/16/reportan-los-dos-primeros-casos-de-leptospirosis-en-equinos-en-zonas-inundables-de-cordoba/,"La Universidad de Córdoba reporta los dos primeros casos de leptospirosis en equinos en zonas inundadas, producto de la migración de roedores que buscan áreas secas y que son portadores de patógenos capaces de producir otras enfermedades transmisibles a humanes, como la encefalitis equina venezolana, y hantavirus que puede provocar también síndrome pulmonar agudo.
El reporte lo entregaron el docente unicordobés, José Cardona Álvarez, de la facultad de Medicina Veterinaria y Zootecnia, y el también médico veterinario y zootecnista, docente de Unicórdoba, Bernardo Reyes Bossa, en el marco de la responsabilidad que le asiste a esta academia en la actual temporada atípica de lluvias y crisis climática, desde el comité científico que está dispuesto para orientar y ayudar a la institucionalidad en la toma de decisiones, desde las indicaciones del rector, profesor, Jairo Torres.
“Ya he tenido dos casos de leptospirosis en equinos, en algunas zonas inundadas, porque estos roedores migran hacia zonas más secas, de igual forma tienen que alimentarse, suben a los comederos de los animales, de paso orinan y defecan y los equinos consumen la bacteria y se enferman”, precisó el académico y científico, doctor y magíster en Ciencias Veterinarias, especialista en Medicina Veterinaria y Zootecnia y especialista en Docencia, José Cardona Álvarez.
Advierte además, que la tasa de incidencia de ese tipo de enfermedades va a aumentar en esas zonas inundadas, lo que exige a las autoridades sanitarias ser agresivas con los planes preventivos y profilácticos.
“En nombre de la Universidad de Córdoba, en nuestra institución contamos con la clínica médico – quirúrgica de grandes animales, además del trabajo que realizamos en campo. Estamos dispuestos a brindar asesoría a los pequeños y medianos productores en cuanto a la prevención y el control de las enfermedades que ya se estén expresando; presumo que vamos a tener una tasa mucho mayor de tristeza parasitaria en bovinos, problemas respiratorios causados por parásitos gastroentéricos y pulmonares en terneros, problemas dermatológicos en equinos, patologías virales”, explicó el docente universitario.
Por su parte el médico veterinario y zootecnista, docente de Unicórdoba, Bernardo Reyes Bossa, indica que es importante para propietarios, trabajadores de fincas y brigadistas tener en cuenta las medidas sanitarias para evitar la transmisión de enfermedades zoonóticas.
“Es nuestra labor concientizar a quienes están prestos a ayudar: tapabocas, guantes y más medidas son importantes para prevenir enfermedades que pueden afectar la salud pública. Adicional, debe ser el bienestar animal otra de las prioridades para las alcaldías de la zona afectada, especialmente con felinos y caninos”, precisa el profesor Reyes Bossa, investigador, académico, magíster en Ciencias Veterinarias del Trópico.",2026-02-16T14:18:50Z,Maria Victoria Bustamante Fernandez,Colombia,El Heraldo
La avalancha venezolana,https://www.elheraldo.co/editoriales/2018/02/15/la-avalancha-venezolana-459484/,"La Cortica’ es el nombre con el que llaman a una de las 180 trochas de La Guajira que comunican con Venezuela, por las que a diario entran y salen miles de extranjeros sin control ni registro de las autoridades.  Sin embargo, es frecuente encontrar más de un retén a lo largo de estos caminos, como lo explican los mismos venezolanos: el de la delincuencia común, el de los indígenas y el de algunos miembros de las fuerzas armadas del vecino país, que cobran cada uno su ‘peaje’.
Las imágenes de miles de venezolanos represados en la frontera con Cúcuta le dieron la vuelta al mundo la semana pasada, luego de que el Gobierno nacional pusiera en práctica controles migratorios más exigentes.
La situación no es nueva, pero desde mediados de 2017 se ha convertido en un gran dolor de cabeza para los mandatarios locales de todo el país: hospitales que no dan abasto, aumento de las ventas callejeras y la mendicidad, niños que no pueden estudiar por falta de documentación, incremento de la participación de extranjeros en actos delictivos, en fin, un pulpo de cien tentáculos para el que nadie estaba preparado.
Si bien las cifras de Migración Colombia dan cuenta de 550.000 venezolanos en el país a corte de 2017, el número puede ser dos veces mayor debido a la falta  de registros de los miles que ingresan a diario por trochas como ‘La Cortica’.
Antes, el flujo por las trochas era similar entre los que iban y venían. Los venezolanos ingresaban en busca de alimentos, ropa, medicinas y productos básicos, con los que regresaban a su país en horas de la tarde o al siguiente día. Ahora la mayoría viene con el objetivo de quedarse y conseguir trabajo para mandar dinero a sus seres queridos.
Para controlar la crisis migratoria, el presidente Santos ordenó suspender la expedición de la Tarjeta de Movilidad Fronteriza (TMF), que opera desde mayo de 2017, por lo que ahora los venezolanos que desean ingresar al territorio nacional deben presentar el pasaporte vigente. Además, la seguridad en la frontera fue reforzada con 3.000 militares y policías, y fue creado el Grupo Especial Migratorio (GEM), que cuenta con funcionarios de Migración Colombia, Policía, Icbf y Dian.
Pero no es suficiente.Los departamentos cercanos a la frontera son los más afectados por un problema que ha desbordado a los gobiernos locales y que requiere de verdaderas políticas de Estado.Solo con estas será posible que el fenómeno migratorio no se salga de control y provoque consecuencias indeseables.",2018-02-15T15:00:00Z,,Colombia,El Heraldo
La migración: connatural a la sociedad humana,https://www.elheraldo.co/columnas-de-opinion/jose-consuegra/2019/01/29/la-migracion-connatural-a-la-sociedad-humana-592889/,"Al analizar el fenómeno de la migración en la historia de la humanidad, es difícil comprender su importancia en la consolidación y desarrollo de la sociedad moderna, si solo centramos nuestra mirada en las migraciones violentas como las conquistadoras, las colonizadoras y las esclavizadoras en la antigüedad; y los éxodos forzados en el mundo contemporáneo como el que viven hoy los sirios y venezolanos.
En una columna anterior califiqué la migración como una pandemia, y la llamé así para definirla como enfermedad social, pues no se da voluntariamente sino que es forzada por gobiernos ignominiosos, responsables de la inseguridad y la miseria en sus territorios. Pero hoy quiero analizarla en su arista propositiva y reconocerla como un proceso inherente a la misma humanidad, que ha contribuido a su desarrollo y evolución.
Las primeras migraciones en el mundo partieron desde África, la llamada ‘cuna de la humanidad’, hacia Europa y Asia. Estudiosos de la evolución humana atribuyen estos desplazamientos primigenios a las condiciones de sequía que se presentaban allí, como lo plantea el estudio de la Universidad de Arizona, A climatic context for the out of Africa migration, que data esta primera migración hace 70.000 años.
Gracias a esas migraciones planetarias llegaron las primeras comunidades humanas a América a través del Estrecho de Bering, hace 15.000 años, y a partir de ahí emigraron de norte a sur poblando todo el continente, sembrando en su recorrido semillas que germinaron como la cultura maya, chibcha, inca, taína y mapuche, entre otras.
Tiempo después se dio el proceso despiadado de la colonización de los europeos, que avasalló las lógicas sociológicas de la cultura amerindia y dio inicio a una nueva identidad americana. Igualmente, llegaron en migración forzada los africanos como esclavos.
Más recientemente, en la vida republicana, nuestros territorios recibieron  múltiples oleadas migratorias que escapaban de las guerras, como las provenientes de las naciones europeas y árabes, y entre todos hemos modulado la identidad americana.
El mar Caribe es para América lo que el Mediterráneo fue para el mundo occidental, un espacio de encuentro e inmenso crisol en el cual, a través de nuestra historia, las culturas migrantes se entrelazaron en un fértil sincretismo que hoy identificamos como espíritu caribe.
Esta amalgama societal y cultural, producto de las migraciones, se expresa en nuestro carácter en virtuosismos como la alegría, la solidaridad, la inclusión, que tejen en nosotros una personalidad pacífica, musical, calurosa y bacana.
Someter a soldados y policías a las presiones de los candidatos en medio de un conflicto es una irresponsabilidad. Como lo es abrir la puerta para que el presidente de turno intente cooptar el voto de los uniformados usando su poder de Comandante Supremo.
El Código Penal contempla delitos como daño en bien ajeno, perturbación del transporte, obstrucción de vías, violencia contra servidor público y asonada. Y cuando concurran rigurosamente sus elementos, también terrorismo.
Para Venezuela y los venezolanos, el acuerdo ni siquiera puede celebrarse como un triunfo de reactivación económica mientras los recursos derivados de esa reactivación petrolera sigan bajo el control de un régimen que ha empobrecido al país y violado sistemáticamente los derechos humanos de sus ciudadanos.",2019-01-29T15:00:00Z,José  Consuegra,Colombia,El Heraldo
Asilo de exfiscal venezolana será manejado con discreción: Mininterior,https://www.elheraldo.co/colombia/2017/08/19/asilo-de-exfiscal-venezolana-sera-manejado-con-discrecion-mininterior-394291/,"Luego de que Migración confirmara que se encuentra desde el viernes en el país la exfiscal venezolana Luisa Ortega y su esposo Germán Ferrer, el Gobierno informó que una eventual solicitud de asilo será manejada con 'discreción' y que será la Cancillería la que se pronuncie al respecto.
Según dijeron fuentes gubernamentales a EL HERALDO, la jurista permanece como turista en el país. Sin embargo, ni la Cancillería, ni la Presidencia ni Migración se han referido en extenso al caso, aunque se rumora que la canciller María Ángela Holguín, podría dar un reporte en las próximas horas.
Entre tanto, el ministro del Interior, Guillermo Rivera, dijo desde La Tebaida, Quindío, que 'la única confirmación es que la señora fiscal está en Colombia' y agregó que 'sobre la situación jurídica de ella será la señora canciller quien tenga la voz del Gobierno para hacer cualquier anuncio'.
El viernes en la noche, Migración emitió un comunicado en el que señaló: 'hoy (viernes) en horas de la tarde ingresó al país, proveniente de Aruba, la señora fiscal general de Venezuela, quien arribó en un vuelo privado al Aeropuerto de Bogotá e hizo su correspondiente trámite migratorio ante las autoridades colombianas. La señora Ortega llegó acompañada de su esposo'.
La huida de la exfiscal chavista en disidencia y compañía habría obedecido a un riguroso plan que inició desde la madrugada del viernes, cuando se habrían desplazado por tierra a la península venezolana de Paraguaná, en el norteño estado Falcón y, desde allí, habrían continuado su recorrido en lancha hasta la isla de Aruba, a 20 kilómetros del país vecino.
Además, denunció que su casa había sido allanada el miércoles por miembros de la Guardia Nacional Venezolana luego de que se le retirara la inmunidad parlamentaria a su esposo con fines de captura en medio de señalamientos de supuesta corrupción.",2017-08-20T05:53:00Z,Miguel Barrios,Colombia,El Heraldo
En La Guajira hay 383 empleos para colombianos retornados y venezolanos,https://www.elheraldo.co/la-guajira/2018/05/11/en-la-guajira-hay-383-empleos-para-colombianos-retornados-y-venezolanos-493200/,"En La Guajira el Servicio Público de Empleo tiene 383 vacantes para colombianos, venezolanos y colombianos retornados del vecino país, los cuales fueron ofertados en la feria que se llevó a cabo en el Centro de Convenciones Anas Mai de Riohacha.
Fueron unos 300 asistentes que pudieron acceder a los servicios de registro de la hoja de vida y a orientación laboral, lo que les permitirá iniciar la ruta de empleabilidad para acceder a las oportunidades laborales y facilitar el encuentro de un trabajo formal.
En el marco del evento también se llevó a cabo un conversatorio donde se expusieron las experiencias exitosas a nivel internacional y la manera cómo están ayudando a Colombia con la migración venezolana.
En la feria también estará disponible la oferta institucional del ministerio del Trabajo y sus entidades adscritas y vinculadas, la Agencia de la ONU para los Refugiados -ACNUR, Migración Colombia, Cancillería, la gobernación de La Guajira, la alcaldía de Riohacha y la Cámara de Comercio.",2018-05-11T12:27:00Z,Sandra Guerrero,Colombia,El Heraldo
¿Se atreverán Trump y Rubio?,https://www.elheraldo.co/columnas-de-opinion/2025/08/31/se-atreveran-trump-y-rubio/,"El mundo está expectante frente a los resultados de la operación militar que adelanta Estados Unidos cerca de las costas venezolanas, la cual se espera sirva para impulsar la caída del régimen de Nicolás Maduro y la transición hacia un Estado democrático. Frente a este operativo se plantean dos opciones: la captura de Maduro y de su cúpula militar, o una salida negociada del régimen hacia una transición verdaderamente democrática.
La oposición venezolana, liderada por María Corina Machado, ha construido una narrativa que ha calado profundamente en el gobierno estadounidense, planteando que la dictadura de Maduro representa una amenaza directa contra Estados Unidos y sus intereses en la región. Esto ha sido, sin lugar a dudas, fundamental para que el gobierno de Trump decidiera movilizar buques de guerra, submarinos, aviones y miles de marines en lo que denominaron una operación antinarcóticos contra el Cartel de los Soles.
El gobierno estadounidense ha implementado diferentes estrategias en el pasado para propiciar la salida de Maduro y, dado que ninguna ha funcionado, se espera que detrás de esta nueva ruta tanto Estados Unidos como la oposición tengan un plan que permita a los venezolanos transitar hacia la democracia. Los factores endógenos y exógenos parecen alineados para que esta estrategia llegue a buen puerto: un régimen notablemente debilitado y totalmente aislado en el contexto internacional.
La realidad es que, a pesar de los intentos de Maduro por despertar un sentimiento nacionalista con la bandera de la amenaza extranjera, su régimen atraviesa su punto más bajo: vive con un temor constante a ser traicionado por su propia gente y cuenta con unas fuerzas militares incapaces de responder a una eventual intervención, ya sea a gran escala o limitada. Por otro lado, como lo sostiene Sergio Gómez Maseri, corresponsal de El Tiempo en Washington, a Trump le gustan las victorias rápidas y emblemáticas; si esta operación resultara exitosa, sería algo que mostrar en la lucha contra el narcotráfico, la defensa de la democracia y, por supuesto, en un tema central de su agenda: la migración venezolana.
Aunque a la fecha se desconoce cuál es el verdadero plan de Estados Unidos —si es que existe—, el gobierno de Trump y su secretario de Estado, Marco Rubio, férreo opositor del régimen, perderían toda credibilidad si llevaran a cabo este gran despliegue naval sin lograr, al menos, negociar la transición hacia la democracia en Venezuela. Como lo sostuvo el expresidente Juan Manuel Santos esta semana en La W , todavía no es muy tarde para negociar la salida del régimen. Sin embargo, si llegara a darse una salida negociada -que en el estado actual de las cosas no parece ser la intención-, el punto de partida debería ser el reconocimiento de los resultados de las pasadas elecciones y la salida inmediata del poder, sin vacilaciones.
Someter a soldados y policías a las presiones de los candidatos en medio de un conflicto es una irresponsabilidad. Como lo es abrir la puerta para que el presidente de turno intente cooptar el voto de los uniformados usando su poder de Comandante Supremo.
El Código Penal contempla delitos como daño en bien ajeno, perturbación del transporte, obstrucción de vías, violencia contra servidor público y asonada. Y cuando concurran rigurosamente sus elementos, también terrorismo.
Para Venezuela y los venezolanos, el acuerdo ni siquiera puede celebrarse como un triunfo de reactivación económica mientras los recursos derivados de esa reactivación petrolera sigan bajo el control de un régimen que ha empobrecido al país y violado sistemáticamente los derechos humanos de sus ciudadanos.",2025-08-31T05:00:00Z,Tatiana Dangond,Colombia,El Heraldo
Se reconocerá derechos de migración venezolana,https://www.elheraldo.co/atlantico/2021/05/28/se-reconocera-derechos-de-migracion-venezolana-820919/,"El Distrito de Barranquilla anuncia que reconocerá la migración venezolana como sujetos de derechos porque se han dado cuenta que necesitan apoyarlos para que tengan acceso a una mejor educación, salud y calidad de vida.
El alcalde de Barranquilla, Jaime Pumarejo, se refirió al tema de migraciones en la primera sesión ordinaria del Consejo de Política Social para la vigencia 2021. En su intervención también se refirió a la lucha contra la pobreza extrema y a la identificación de la población más vulnerable.
'Si algo nos demostró esta pandemia es que tenemos que saber dónde está la gente vulnerable e ir a buscarla directamente para reducir el problema de pobreza extrema que se ha generado por esta pandemia', dijo el alcalde.
En su intervención manifestó que la atención a la población migrante venezolana permite reducir la pobreza extrema en la ciudad. 'nos hemos dado cuenta que la manera como los estamos tratando hoy termina siendo excluyente y nos termina costando más en términos de salud y educación'.
'Que podamos ingresar a sus hijos a los colegios, que podamos darles la salud mediante el aseguramiento , todo eso nos va a ayudar a que esos cinturones de pobreza extrema que se han generado en muchos de nuestros territorios, se superen', aseguró Pumarejo.
En la primera de las cuatro sesiones anuales de este Consejo, se refirió a los resultados publicados por el DANE en los indicadores de pobreza, equidad, empleo que se pueden tener en cuenta para tomar decisiones a favor de estas poblaciones.
Dentro de las mesas operativas que conforman este Consejo están: Mesa del Derecho a la Existencia , Mesa del Derecho al Desarrollo, Mesa del Derecho a la Protección y Mesa de Equidad y Población Vulnerable.
Este proyecto de ley ha sido priorizado por el Gobierno nacional y se enmarca en las estrategias contempladas en el Plan Nacional de Desarrollo 2018-2022. El cual fue impulsado por la Cancillería y los congresistas coautores y ponentes.
El proyecto que tiene como objetivo establecer definiciones, conceptos, principios y lineamientos para la reglamentación y orientación de la Política Integral Migratoria del Estado colombiano consta de 92 artículos y 11 capítulos.",2021-05-28T15:00:00Z,Redacción Locales,Colombia,El Heraldo
ELHERALDO.CO,https://www.elheraldo.co/editoriales/2017/10/15/politica-publica-para-venezolanos/,"EL HERALDO habló con analistas políticos, económicos y de seguridad para revisar cómo han estado viendo el gobierno del presidente Abelardo De la Espriella durante sus primeros 30 días en el poder.
Varios locales comerciales se vieron obligados a cerrar sus puertas en la noche del sábado por amenazas de motorizados.
El Congreso está en mora de resolver un pleito desgastado por la política: los límites se definen con ley y criterios técnicos, no con proclamas públicas.
El técnico uruguayo analizó el empate 3-3 ante Jaguares, en su estreno, reconoció los errores de su equipo y destacó la actitud mostrada por sus jugadores en sus primeros tres días de trabajo.
El mediocampista rojiblanco hizo una fuerte autocrítica tras el empate 3-3 ante Jaguares y reconoció que el equipo debe corregir cuanto antes esas desatenciones que le están costando muchos puntos.
El gobierno de Abelardo De la Espriella tiene una oportunidad que no puede desperdiciar para demostrar que cambiar no significa sustituir unas prácticas por otras para que, al final, todo siga igual. Colombia necesita reencontrar el rumbo y convertir el llamado “País Milagro” en una realidad.
EL HERALDO S.A. Prohibida la reproducción y utilización, total o parcial, de los contenidos en cualquier forma o modalidad, sin previa, expresa y escrita autorización, incluyendo su mera reproducción y/o puesta a disposición con fines comerciales, directa o indirectamente lucrativos. 2000 - 2024 ©
PBX: (57) (5) 3715000 Línea de atención: (57) (5) 3855050 / 018000 512200 Calle 53B N° 46 - 25, Barranquilla - Atlántico Bogotá: 3204982967",,ELHERALDO.CO,Colombia,El Heraldo
Barranquilla deja de recibir cerca de $8 mil millones por el retiro de la sede de foro de migración,https://www.elheraldo.co/atlantico/2025/04/12/bquilla-deja-de-recibir-cerca-de-8-mil-millones-por-el-retiro-de-la-sede-de-foro-de-migracion/,"La decisión del presidente Gustavo Petro de quitarle a Barranquilla la sede del Foro Global sobre Migración y Desarrollo (FMMD) ha generado un ambiente preocupante en distintos sectores que tendrían una participación activa en el evento, programado del 11 al 13 de junio de este año.
Faltando cerca de dos meses, el jefe de Estado asignó a Riohacha como el epicentro que reunirá a cancilleres, organizaciones de migrantes y expertos para dialogar y cooperar sobre políticas y prácticas que vinculen la migración con el desarrollo.
Venezolanos en Barranquilla, Fundación de Panas Que Sí, Fundación Empodérame, Corporación Cleo, Red de Mujeres, Identidad Diversas y Sembrando Saberes para la Paz son algunas de las organizaciones que participaron en los primeros espacios de preparación.
Pilin León, presidenta de Venezolanos en Barranquilla , expresó su preocupación por el traslado del foro, ya que considera que afecta seriamente la planificación, especialmente en términos de transporte, alojamiento y coordinación de actividades.
“Lo que nos llama poderosamente la atención es el aspecto logístico: ¿cómo no tienen en cuenta las facilidades que ofrece una ciudad como Barranquilla para recibir dignamente a tantas personas que vienen del exterior? (...) Sé que deben estar ahora reorganizando todo el tema de conexiones de vuelos, transporte terrestre, y demás. Todo eso se ve seriamente afectado”, dijo la líder migrante.
Manifestó que ya estaban organizando las ponencias de la sociedad civil, así como se encontraban recibiendo solicitudes de participación en el foro, enviando invitaciones y estudiando las voces que representarían las distintas problemáticas que enfrentan migrantes y refugiados en el mundo.
Por otra parte, el delegado de la Fundación Empodérame , Andrés Soto, calificó esta decisión como una “una falta de respeto”, puesto que habían avanzado en la construcción de propuestas con enfoque territorial en la capital del Atlántico.
“Muchas organizaciones de la sociedad civil estaban listas para entregar soluciones reales y concretas a las personas que viven en Barranquilla. Ahora, con el cambio de sede, habría que empezar de nuevo a estudiar la situación de los migrantes en Riohacha, porque no es lo mismo”, dijo Soto.
Asimismo, advirtió que el cambio afecta la eficacia del foro, al perderse el impacto directo en los territorios que han trabajado por meses para este evento, especialmente aquellos con una alta población migrante como Barranquilla.
Thailer Fiorillo, director de la Fundación De Panas Que Sí , señaló que esta decisión afecta la visibilidad del trabajo que realizan organizaciones como la suya en favor de la población migrante, especialmente venezolana y colombiana retornada.
“Siento que, como estamos al final del ciclo, no se le está dando la prioridad que merece. Cuando un país inicia su presidencia, la actitud es distinta. Pero ahora, lamentablemente, se le está restando importancia a un espacio clave”, finalizó la directora.
El Comité Intergremial del Atlántico indicó que el cambio de sede envía “una desafortunada señal a la comunidad internacional sobre la falta de seriedad del país en la organización de eventos de carácter mundial”.
En esta misma línea, indicó que con la realización del foro se proyectaba un derrame económico en la ciudad de más de $8.000 millones, puesto que reúne a gobiernos, organismos internacionales, sociedad civil, sector privado y autoridades de Europa, África y Estados Unidos, entre otras zonas.
“Rechazamos de manera contundente la decisión del presidente Gustavo Petro de quitarle a Barranquilla la sede del Foro Global sobre Migración y Desarrollo 2025. Este es un evento que proyectaba reunir a 1.500 asistentes, de los cuales más del 80% son extranjeros, incluyendo 16 cancilleres de diferentes países que ya habían confirmado su presencia”, comunicó Efraín Cepeda Tarud, presidente del Comité Intergremial.
Por su lado, Zandra López , presidenta del Comité Intergremial Unidos por el Atlántico , aseguró que en la ciudad se había invertido tiempo, esfuerzo y recursos en la preparación de este importante encuentro internacional, que prometía importantes beneficios para el sector turístico y la economía local.
“El sector empresarial de Barranquilla está profundamente consternado por la decisión del Gobierno nacional. Esto representa un duro golpe para nuestra ciudad, especialmente después de la cancelación de los Juegos Panamericanos”, reiteró López.
La decisión también causó estragos en la industria hotelera de la ciudad. En conversación con EL HERALDO, el presidente de la junta directiva de Cotelco en Atlántico , Mario Muvd i, aseguró que ya había reservas en una gran cantidad de hoteles en la ciudad para los días 11, 12 y 13 de junio, fechas en las que se celebraría el evento en ‘La Arenosa’. Incluso, reveló que un hotel ya contaba con el 50 % de sus habitaciones reservadas.
Para Muvdi, el problema radica principalmente en lo que se deja de vender, puesto que 2.000 personas distribuidas en habitaciones generan ingresos significativos para los hoteles y proyectaba un derrame económico para la ciudad en todos los sentidos.
“Por ejemplo, en el transporte terrestre, restaurantes, sitios de interés turístico y todo lo que demandan las actividades de los visitantes en ese momento. Aquí se genera mucho, muchísimo ingreso, y ahora todo eso se viene abajo. Es una situación bastante desagradable. Nos alimentaron la emoción y ahora dicen que no”, puntualizó el directivo de Cotelco en el departamento.
El gobernador Eduardo Verano manifestó su preocupación por la decisión que tomó el presidente Gustavo Petro. Argumentó que la capital del Atlántico pierde una oportunidad clave para seguir sumando eventos internacionales y procesos de internacionalización.
“Riohacha es una ciudad suficientemente significativa en materia migratoria, además hay una idea de descentralizar la política exterior, es decir, hacer cumbres y foros en ciudades distintas a las capitales económicas, y, finalmente, es que hay un pasivo histórico con La Guajira, por lo que me parce que es una manera de darle visibilidad ”, argumentó.
Ante las críticas de distintas entidades y gremios en el Atlántico, el vicecanciller Jaramillo afirmó entender “el desconcierto”, pero sostuvo que se debe entender también que es “una decisión política y esa decisión política creo que es lógica”.
Ante esto, pidió que se apoye la decisión de que Riohacha sea la sede de este importante foro mundial: “Estamos ad portas de un evento importante para Riohacha y La Guajira , hablamos mucho del departamento cuando hay crisis y noticias malas, llegó el momento de meterlo en la agenda nacional y no centrarnos en lo que ha pasado con Barranquilla”.",2025-04-12T05:00:00Z,"Redacción Locales, Linda Donado",Colombia,El Heraldo
Política pública para venezolanos,https://www.elheraldo.co/editoriales/2017/10/15/politica-publica-para-venezolanos-412251/,"La falta de políticas públicas para la atención integral de los venezolanos que a diario ingresan al país está a punto de convertir la crisis humanitaria de los inmigrantes en una bomba de tiempo en las calles de cualquier ciudad colombiana.
El aumento en la migración de venezolanos y colombo-venezolanos que han regresado al país ya pasa factura en capitales como Barranquilla, donde cientos de ellos han empezado a levantar casas de madera en una zona de alto riesgo a la que le han dado el nombre de ‘Villa Caracas’, y los que no tienen ni para las tablas duermen en las calles, en la Terminal de Transportes, debajo de los puentes o donde los sorprenda la noche.
Según los datos más recientes de la Personería, son 25 mil los venezolanos que han llegado a Barranquilla en busca del ‘sueño colombiano’, que no es otro que el de conseguir dinero en cualquier actividad fija o temporal para enviar a sus familias al otro lado de la frontera.
Un punto que ha sido planteado por los gobernadores es la creación de un documento Conpes (Consejo Nacional de Política Económica y Social) que encamine acciones integrales y estructurales para atender la crisis en todas las regiones.
El primer paso no puede ser otro que la realización de un censo de actualización de las cifras migratorias en todo el país, para luego diseñar un sistema de información que permita obtener datos precisos en materia de salud, educación y empleo.
De acuerdo con las cifras de Migración Colombia, al menos 350.000 venezolanos han ingresado al país para quedarse de forma definitiva desde 2015. Son los casos que figuran en los registros, pero el número de migrantes que entra de manera irregular es imposible de verificar.
La atención a la población más vulnerable llegada del vecino país debe ser prioritaria, es decir, a los niños, ancianos y mujeres en estado de gestación. El derecho a la educación y la salud tiene que estar garantizado para ellos.",2017-10-15T15:00:00Z,,Colombia,El Heraldo
Perú sube a cinco años de residencia en el país para solicitar la nacionalidad,https://www.elheraldo.co/mundo/2025/08/16/peru-sube-a-cinco-anos-de-residencia-en-el-pais-para-solicitar-la-nacionalidad/,"La nueva ley de nacionalidad promulgada por el Ejecutivo peruano introduce algunos cambios para reforzar los filtros de seguridad, entre los cuales se encuentra el incremento a 5 años de residencia en el país para que un extranjero pueda solicitar su naturalización o nacionalidad, así como a 4 años en caso de matrimonio, según informó este sábado la autoridad migratoria.
La ley de Nacionalidad establece la facultad de denegar la nacionalidad a las personas que representen una amenaza para la integridad y el orden interno, así como mecanismos especiales de verificación con la finalidad de prevenir el fraude documental, indicó la Superintendencia Nacional de Migraciones en una nota de prensa.
Hasta la fecha, el requisito de residencia migratoria mínima en el Perú para solicitar la naturalización era de dos años, continuos e inmediatos, el cual se ha incrementado a cinco años y la acreditación de ingresos lícitos por 10 Unidades Impositivas Tributarias anuales (15.000 dólares) con tributación formal.
Para las opciones de distinción meritoria, otorgada por el Congreso a petición del Ejecutivo, se exigirá 2 años de residencia, de la misma forma que en el caso de la distinción de deportista calificado.
Migraciones recordó que los requisitos generales para solicitar la nacionalidad son la evaluación de idioma, conocimientos de historia, geografía, Constitución, cultura y actualidad; c ontrol de antecedentes vía INTERPOL y pasaporte vigente del país de origen, entre otros.
En la actualidad, la mayor comunidad extranjera en Perú es la venezolana con más de 1,7 millones de personas, de las cuales sólo 600.000 tienen estatus migratorio regular , según cifras de Migraciones hasta diciembre pasado.",2025-08-16T16:40:22Z,Agencia EFE,Colombia,El Heraldo
Migración Colombia socializa en Valledupar los derechos y deberes de la población migrante,https://www.elheraldo.co/cesar/2025/09/22/migracion-colombia-socializa-en-valledupar-los-derechos-y-deberes-de-la-poblacion-migrante/,"Migración Colombia , a través del Centro Facilitador de Servicios Migratorios de Valledupar, socializará los derechos y deberes que contribuyan al cumplimiento de las obligaciones de los Estados y prioricen los derechos de los migrantes , conforme al derecho internacional.
La actividad estará dirigida a la población migrante venezolana , y se realizará el próximo 24 de septiembre, a partir de las 9:00 a.m. en el Salón Nabusimake de la Universidad Andina de la capital del Cesar . Durante el evento, se brindarán conocimientos a los funcionarios públicos sobre las herramientas y competencias necesarias para mejorar la gestión pública y la atención al ciudadano.
La “Socialización de Deberes y Derechos” a entidades del Estado contará con la participación de entidades del orden nacional, departamental y municipal, así como de un funcionario del nivel central, la Directora Regional Guajira-Cesar, Sildana Montero Villazón, y representantes del Centro Facilitador de Servicios Migratorios de Valledupar.
De acuerdo con la entidad nacional, entre los temas a tratar, se darán a conocer los principios fundamentales de la migración, los derechos humanos de los migrantes, las obligaciones del Estado para proteger a los migrantes contra la trata, la xenofobia, el tráfico de migrantes y otras formas de abuso , así como las medidas para garantizar el acceso a servicios esenciales como la salud, la educación y otros servicios sociales, entre otros.",2025-09-22T21:06:30Z,Milagro Sanchez Florez,Colombia,El Heraldo
"Discurso de Trump en la Asamblea de la ONU: críticas a Putin, migración y más bombardeos al ‘narco’ en el Caribe, los temas clave",https://www.elheraldo.co/mundo/2025/09/23/criticas-a-putin-llamado-a-detener-la-migracion-y-anuncio-de-mas-bombardeos-al-narco-en-el-caribe-lo-que-dijo-trump-en-la-asamblea-de-la-onu/,"El presidente de Estados Unidos Donald Trump tuvo su espacio este martes en la mañana en la Asamblea General de la ONU en la que, apegado a su estilo, lanzó duras críticas al organismo internacional y hasta Putin . Además, se refirió al cambio climático, a lo que pasa en Gaza y a la migración en todo el mundo.
Sobre cerca de 45 minutos el mandatario estadounidense habló sobre Medio Oriente con sus conflictos en Gaza reafirmando su apoyo a Israel y criticando a los países que “unilateralmente” han reconocido el Estado de Palestina entre los que se incluyen Canadá, Australia, Reino Unido y Francia.
“No podemos olvidar el 7 de octubre. ¿Y ahora, como si fuera para alentar el conflicto continuo, algunos en este organismo buscan reconocer unilateralmente un Estado palestino ? La recompensa sería demasiado grande para los terroristas de Hamás por sus atrocidades”, dijo Trump durante su intervención.
“En caso de que Rusia no esté preparada para llegar a un acuerdo para poner fin a la guerra, Estados Unidos está completamente preparado para imponer una ronda muy fuerte de poderosos aranceles, que, creo, detendrían el derramamiento de sangre muy rápidamente”, dijo.
Tuvo tiempo para referirse a una de las banderas de su Gobierno, la migración. Cuestionó la política de puertas abiertas refiriéndose a los solicitantes de asilo alrededor del mundo por lo que llamó a “dejar” esa política.
“Es hora de terminar con este fracasado experimento de fronteras abiertas”, aseveró y dejando claro a los representantes de distintos países presentes que “sus países se están yendo al infierno” debido a la inmigración.
Trump hizo de la lucha contra la inmigración uno de los puntos centrales de su discurso, en el que condenó lo que la Casa Blanca llamó “movimientos globalizadores” , y aseguró que en EE. UU. su Gobierno ha “tomado medidas contundentes para frenar rápidamente la migración irregular ”.
Sobre Venezuela también habló, más exactamente sobre su lucha contra el narcotráfico hacia su país, por eso el despliegue militar en aguas del Caribe muy cerca de la nación suramericana , según indicó.
Precisó que acabará con los “terroristas del narcotráfico” señalando dos bandas delincuenciales: M-13 (pandilla salvadoreña) y el Tren de Aragua (la organización criminal trasnacional más grande de Latinoamérica y que nació en territorio venezolano).
“Debo contarles que yo estaba entrando y el líder de Brasil saliendo. Nos vimos, él me vio, y nos abrazamos”, reveló el republicano ante los representantes de los países miembros de la ONU, entre los que se encontraba Lula junto a la delegación brasileña.
El mandatario afirmó que hubo una “excelente química” entre ambos. “Me pareció un hombre muy amable , en realidad me gustaría conocerlo. Yo solo hago negocios con gente que me gusta”, apuntó. Según Trump, Brasil enfrenta grandes aranceles de Estados Unidos en respuesta a “la censura, represión, militarización, corrupción judicial y el acoso a críticos”.",2025-09-23T15:37:42Z,"Redacción ELHERALDO.CO, Agencia EFE",Colombia,El Heraldo
Alcalde de Malambo pide intervención de Migración por llegada de extranjeros,https://www.elheraldo.co/atlantico/2017/09/13/alcalde-de-malambo-pide-intervencion-de-migracion-por-llegada-de-extranjeros-402445/,"El alcalde de Malambo, Efraín Bello, hizo un llamado a Migración Colombia para que revisen la manera 'cómo les dan paso a ciudadanos venezolanos' que están llegando a la región Caribe, especialmente al municipio del Atlántico.
En declaraciones entregadas a los medios de comunicación, el mandatario municipal manifestó su preocupación por lo que viene ocurriendo en materia de seguridad con los atracos, homicidios y otros hechos delincuenciales.
Según el alcalde, la intervención de las autoridades de migración es necesaria debido al numeroso grupo de venezolanos que están llegando al municipio, 'ya que algunos tienes antecedentes judiciales y siguen delinquiendo en nuestro país, especialmente en este municipio'.
El alcalde hizo el llama 'urgente' tras el homicidio de Yudis Olivella Daza, registrado la tarde del martes en el barrio El Concord, en medio de un robo en su vivienda cometido, al parecer, por inquilinos  de origen venezolano.",2017-09-14T09:41:00Z,Redacción Locales,Colombia,El Heraldo
'Migrantes venezolanos son el 12% de Barranquilla': Dane,https://www.elheraldo.co/barranquilla/2020/02/19/migrantes-venezolanos-son-el-12-de-barranquilla-dane-702680/,"El director del Departamento Nacional de Estadísticas (Dane), Juan Daniel Oviedo, reveló unas cifras 'preocupantes' sobre la migración de venezolanos. En una entrevista con EL HERALDO, Oviedo señaló que en Barranquilla este grupo representa entre el 11% y el 12% de la población que fue censada recientemente.
Las cifras indican que en la capital del Atlántico residen 145.805 migrantes, que llegaron al país en los últimos cinco años. Las ciudades con más migrantes son Bogotá, Cúcuta, Barranquilla, Medellín Cali.
El director del Departamento Nacional de Estadísticas (Dane) estuvo en Barranquilla y se reunió ayer con los equipos de planeación de la Alcaldía de Barranquilla y de la Gobernación del Atlántico, con el objetivo de poner a disposición el Sistema Estadístico Nacional (SEN), cuya información será la herramienta para poder desarrollar los planes de desarrollo y enfocar sus inversiones.
El director del Dane destacó que la información se convierte en un 'tablero de control' para los administradores públicos y de generar políticas públicas para intervenir en indicadores de pobreza, brechas de género y educación.
El ejercicio de reunirse con funcionarios locales permitió identificar, por ejemplo, observando mapas de calor, que el territorio distrital y departamental puede dirigir sus esfuerzos hacia una población menos atendida y con muchas necesidades.
'El rezago educativo es una de las causas de pobreza multidimensional en el Atlántico y en Barranquilla. Lo difícil y contrario que un departamento tan pequeño y tan integrado hay una brecha entre los centros urbanos y rural de casi tres veces. Una política educativa con énfasis en la formación tecnológica dará resultados efectivos. Es curioso ver que solo con el ver que la jefatura de un hogar esté en una mujer, la probabilidad de que su hogar sea pobre se incrementa en 7 puntos porcentuales. Es decir del 21 al 27% en la jefatura femenina', explicó.
Oviedo destacó que lo positivo es que la educación técnica tiene capacidad de reducir ese riesgo de pobreza monetaria en el Atlántico y Barranquilla en 27%; mientras que en el resto del país es del 24%. 'Que los jóvenes se convenzan que no solo con carreras profesionales tradicionales, sino a través técnicas, tienen opciones para salir adelante, mejoran la movilidad social'.
Para el caso de Barranquilla, Juan Manuel Alvarado, secretario de Planeación del Distrito, destacó que la información permitirá que los esfuerzos se dirijan hacía una población que tiene déficit de vivienda, empleo y pobreza multidimensional. 'Queremos focalizar la inversión social como lo ha previsto el alcalde Jaime Pumarejo. Queremos reducir la pobreza y, por ello, firmaremos un convenio administrativo para tener detalles. Vamos a invertir en aquellas manzanas en las que se puede atacar la informalidad, el déficit poblacional y pobreza', dijo Alvarado.
'Estamos geolocalizando brotes de desempleo, por llamarlo así en algunas zonas de la ciudad. Barranquilla, a pesar de ser una de las afortunadas en la reducción del desempleo entre el 8,5% al 7,8% hasta 2019, hay personas que no le está llegando ese efecto. La Secretaría de Desarrollo Económico y la Alcaldía tendrán estos insumos para saber cómo llegarle a estas personas', dijo Oviedo.
La mayor incidencia de la pobreza monetaria y pobreza extrema en Atlántico, precisó Oviedo, se da cuando el jefe de hogar es desocupado (40,7% y 8,0%respectivamente). La menor incidencia de la pobreza monetaria se da cuando el jefe de hogar cuenta con título universitario o posgrado (4,7%) y la menor incidencia de pobreza extrema cuando se encuentra afiliado a pensiones (0,2%).
'En Barranquilla y el Atlántico tiene una vulnerabilidad asociada a la tasa de dependencia económica. En el que si hay un hogar conformado por cuatro personas y solo trabaja uno es una alerta grande. Lo que le pase esa persona, como la pérdida en empleo, expone a su hogar, y más si es una mujer. La relación es 1-4 entre hombre y mujer', dijo Oviedo.
En el déficit de vivienda Barranquilla tiene un alto índice cuantitativo, que se concentra en las localidades Suroccidente y Metropolitana. Juan Daniel Oviedo señaló ese déficit está entre el 20% y 25%, también por debajo de la nacional que es del 34%.",2020-02-19T15:20:00Z,Nilson Romo Mendoza,Colombia,El Heraldo
Al menos 300 venezolanos han dejado la Terminal de Transporte,https://www.elheraldo.co/barranquilla/2018/01/06/al-menos-300-venezolanos-han-dejado-la-terminal-de-transporte-443986/,"Los migrantes venezolanos que permanecen en la Terminal de Transporte, que presta sus servicios a Barranquilla, han ido desocupando las instalaciones de la entidad. Así lo manifestó ayer su gerente, Jesús María Audivet.
El directivo sostuvo que alrededor de 300 venezolanos, de los 400 que pernoctaban en el lugar, se han ido de la zona de parqueo del lugar. Esto se debe —precisó— a que 'los procesos persuasivos y de diálogo con ellos han surtido efecto y han desalojado por su propia voluntad'.
El garantizar la seguridad y la comodidad al usuario del transporte público por carretera, son algunos de los temas por lo que las directrices del terminal terrestre, decidieron realizar trabajos de persuasión con los venezolanos para que abandonaran la zona. Asimismo, para que los extranjeros mejoren sus condiciones de vida.
'Hoy vemos con satisfacción que el número de venezolanos en la Terminal ha disminuido notoriamente casi en un 80%, solo quedan aproximadamente 50 personas. No ha existido la necesidad de ser represivos con ellos y no se ha usado la fuerza pública. Todo ha sido de manera persuasiva', puntualizó Audivet.
El gerente explicó que ante la llegada masiva —hace un año— de los venezolanos al terminal terrestre, se instalaron unas mesas de trabajo con el Instituto Colombiano de Bienestar Familiar (ICBF), Migración Colombia, la Procuraduría, como garante de los derechos humanos, la Oficina de Gestión Social y la Secretaría de Gobierno de Soledad, en donde se acordaron unos puntos a trabajar.
Yessenia Castro, una de las madres venezolanas que se encuentran en la Terminal, manifestó que no tiene para donde ir con su familia, por lo que solicitó a las autoridades una ayuda para terminar de salir del parqueadero de la edificación.
'Aquí en el Terminal solo quedamos tres familias, sabemos que debemos salir, pero aún no lo hemos hecho porque no tenemos para dónde coger, no tenemos un trabajo fijo para pagar un arriendo. Necesitamos que el alcalde de Soledad o las autoridades en general nos ayuden con un techo para los niños y poder terminar de salir de aquí', expresó Castro.
Por su parte Paula, una joven de 22 años que también está en la Terminal, sostuvo que es un poco difícil salir de allí porque 'los arriendos están muy caros y una noche en un hotelito está a $30.000, y lo que a uno le pagan por día de trabajo son máximo $20.000 y sí pagamos una pieza, luego no nos queda para comer'.",2018-01-06T15:15:00Z,Vivian Narváez Ortega,Colombia,El Heraldo
ELHERALDO.CO,https://www.elheraldo.co/editoriales/2019/05/24/otro-drama-venezolano/,"EL HERALDO habló con analistas políticos, económicos y de seguridad para revisar cómo han estado viendo el gobierno del presidente Abelardo De la Espriella durante sus primeros 30 días en el poder.
Varios locales comerciales se vieron obligados a cerrar sus puertas en la noche del sábado por amenazas de motorizados.
El Congreso está en mora de resolver un pleito desgastado por la política: los límites se definen con ley y criterios técnicos, no con proclamas públicas.
El técnico uruguayo analizó el empate 3-3 ante Jaguares, en su estreno, reconoció los errores de su equipo y destacó la actitud mostrada por sus jugadores en sus primeros tres días de trabajo.
El mediocampista rojiblanco hizo una fuerte autocrítica tras el empate 3-3 ante Jaguares y reconoció que el equipo debe corregir cuanto antes esas desatenciones que le están costando muchos puntos.
El gobierno de Abelardo De la Espriella tiene una oportunidad que no puede desperdiciar para demostrar que cambiar no significa sustituir unas prácticas por otras para que, al final, todo siga igual. Colombia necesita reencontrar el rumbo y convertir el llamado “País Milagro” en una realidad.
EL HERALDO S.A. Prohibida la reproducción y utilización, total o parcial, de los contenidos en cualquier forma o modalidad, sin previa, expresa y escrita autorización, incluyendo su mera reproducción y/o puesta a disposición con fines comerciales, directa o indirectamente lucrativos. 2000 - 2024 ©
PBX: (57) (5) 3715000 Línea de atención: (57) (5) 3855050 / 018000 512200 Calle 53B N° 46 - 25, Barranquilla - Atlántico Bogotá: 3204982967",,ELHERALDO.CO,Colombia,El Heraldo
Estas son las ciudades del país en donde los venezolanos podrán votar consulta sobre constituyente,https://www.elheraldo.co/colombia/2017/07/16/estas-son-las-ciudades-del-pais-en-donde-los-venezolanos-podran-votar-consulta-sobre-constituyente-382553/,"Los venezolanos se pronunciarán este domingo en las urnas sobre la Constituyente propuesta por el presidente Nicolás Maduro y en Colombia habrá 32 puntos de votación, repartidos en 15 ciudades, que estarán abiertos desde las 7:00 de la mañana hasta las 4:00 de la tarde.
Los puestos estarán en Barranquilla, Bucaramanga, Cartagena, Cúcuta, Tocancipá, Magdalena, Manizales, Medellín, Villavicencio, Pereira, San Sebastián de Buenavista, Santa Marta, Valledupar, Cali y Bogotá.
Estos lugares fueron aprobados el pasado 10 de julio por la Mesa de Unidad Democrática, es decir, por la coalición de la oposición al gobierno de Maduro, ya que, este plebiscito no tiene el aval del Consejo Nacional Electoral de Venezuela, por lo que se le considera de carácter simbólico.
3. ¿Aprueba que se proceda a la renovación de los Poderes Públicos de acuerdo a lo establecido en la Constitución y a la realización de elecciones libres y transparentes, así como a la conformación de un Gobierno de Unión Nacional para restituir el orden constitucional?
En la llamada 'Consulta Soberana' podrán participar los venezolanos y extranjeros nacionalizados , mayores de 18 años. El único requisito para ejercer el voto es presentar a los Miembros de Mesa el documento de identidad venezolano laminado o su pasaporte, sin importar su fecha de vencimiento.
Se espera que voten alrededor de 11 millones de venezolanos en 2030 puestos de votación del vecino país, más los ciudadanos en el exterior que podrán votar en 600 puntos dispuestos en 80 países del mundo y 500 ciudades.
En Colombia se cree que hay aproximadamente un millón y medio de venezolanos, según cifras de Migración Colombia, sin embargo, hay muchos que permanecen en el territorio de manera ilegal por lo que se prevé que sean muchos más.",2017-07-16T11:40:00Z,Colprensa,Colombia,El Heraldo
"“Yo no reconozco el Gobierno de Maduro, pero creo que la solución no es bloquear más a Venezuela”: Petro",https://www.elheraldo.co/mundo/2025/04/05/petro-no-reconoce-el-gobierno-de-maduro-y-afirma-que-el-bloqueo-no-es-una-solucion/,"El presidente Gustavo Petro afirmó este sábado que no reconoce al líder venezolano Nicolás Maduro , quien juró en enero para un tercer mandato tras su cuestionada reelección, pero señaló bloquear a ese país no soluciona ningún problema.
“Yo no reconocí el Gobierno de Maduro y no lo reconozco, pero creo que la solución no es bloquear más a Cuba y a Venezuela . Están mandando al hambre a los pueblos y los pueblos no se dejan morir de hambre”, expresó el mandatario en un acto de Gobierno en Pasto.
La oposición mayoritaria, agrupada en la Plataforma Unitaria Democrática (PUD), denunció un fraude electoral en las elecciones de julio pasado y reivindica la victoria de su candidato, Edmundo González Urrutia, lo que dice probar con el 85,18 % de las actas que -asegura- recogió el día de las elecciones gracias a testigos y miembros de mesa desplegados en los centros electorales.
“No esperen que cese la migración si lo que hacen es el bloqueo, quiten el bloqueo y no habrá migración”, dijo Petro, quien añadió que ese fenómeno no se soluciona con “más bloqueo ni mucho menos tratando a los venezolanos como parias de la tierra”.
""Yo creo que debe haber elecciones en Venezuela, sin bloqueos para todas y todos, y que sea la decisión libre del pueblo. Pero no es más bloqueo y tratar a los venezolanos como parias de la tierra, con excusas que no son. Porque la experiencia que hemos tenido es que es gente del… pic.twitter.com/NPJC3mWEj1",2025-04-05T23:46:34Z,Agencia EFE,Colombia,El Heraldo
Gilberto Santa Rosa de ‘Yo me llamo’ fue detenido por Migración Colombia y expulsado del país,https://www.elheraldo.co/sociedad/2025/05/30/gilberto-santa-rosa-de-yo-me-llamo-fue-detenido-por-migracion-colombia-y-expulsado-del-pais/,"Durante la emisión del viernes 16 de mayo, Luis Adolfo Lecuna Leal , el imitador venezolano del cantante puertorriqueño Gilberto Santa Rosa , informó su renuncia al reality ‘ Yo me llamo ’ de ‘Caracol Televisión’, lo que dejó sorprendidos a los seguidores del programa, pues este participante era uno de los favoritos del público por su parecido físico y vocal con el artista original.
“Un saludo por acá muy especial para todos. Acá en este video no me queda más que decirles que me retiro de la competencia… pero, mis circunstancias personales, familiares, me llevaron a ello. Al jurado darle las gracias. A Amparo por ser muy meticulosa y estar muy pendiente de mis presentaciones para poderme llevar a ser un mejor artista”, manifestó Lecuna Leal en un video que fue proyectado durante el programa.
“Al maestro Escola darle las gracias porque estando de jurado me daba alientos y sus comentarios me hicieron irme formando cada vez más. A Rey, me da mucho pesar retirarme de la competencia sin haberte podido estrechar la mano, esos detallitos que me decías eran la cereza del pastel para ser un mejor artista. Gracias a toda la gente de Colombia. Nos vemos”, expresó.
“Migración expulsó a un venezolano que se encontraba en el país participando en un programa de televisión. Luego de labores de verificación se pudo establecer que el individuo había falsificado los sellos de su pasaporte y en nuestros sistemas no había registros de su ingreso”, indicó la entidad en X.
. @MigracionCol expulsó a un venezolano que se encontraba en el país participando en un programa de televisión. Luego de labores de verificación se pudo establecer que el individuo había falsificado los sellos de su pasaporte y en nuestros sistemas no había registros de su ingreso pic.twitter.com/B5pC7nZsZa",2025-05-30T17:14:01Z,Redacción Tendencias,Colombia,El Heraldo
“La paz total se ha convertido en un manto de impunidad”: César Gaviria a Petro por posibles beneficios para el Tren de Aragua,https://www.elheraldo.co/colombia/2025/10/14/la-paz-total-se-ha-convertido-en-un-manto-de-impunidad-cesar-gaviria-a-petro-por-posibles-beneficios-para-el-tren-de-aragua/,"El expresidentes César Gaviria Trujillo arremetió nuevamente contra el presidente Gustavo Petro , esta vez por su política de Paz Total que beneficiaría a cabecillas del Tren de Aragua , evitando su extradición.
El exmandatario envió un comunicado el pasado lunes, en el que expresa su preocupación por las políticas del Gobierno nacional frente a la situación jurídica de ciertos miembros de esta organización criminal venezolana, actualmente detenidos en la cárcel de La Picota.
Gaviria aseguró que de concretarse el ingreso de los máximos jefes del Tren de Aragua al programa de Paz Total , “el país entero debe entrar en alarma máxima porque ello significaría que el Gobierno ha tomado un rumbo intencionalmente dirigido a causarle daño a Colombia, en beneficio de organizaciones criminales extranjeras de enorme peligrosidad”.
El expresidente indicó además, que estos cabecillas, según informaciones de medios de comunicación, ya cuentan con concepto favorable de la Corte Suprema de Justicia para ser extraditados a Chile, pero si ingresan a la llamada Paz Total del Petro, ya no pudieran ser extraditados bajo el pretexto de que sus jefes en Colombia así lo solicitaron, a través de una carta conocida en las últimas horas.
“Esto confirmaría que la Paz Total, lejos de promover la convivencia pacifica en diferentes zonas del territorio nacional, se ha convertido en un manto de impunidad para que delincuentes comunes se burlen de la acción de la justicia y encuentren ahora refugio en Colombia protegidos por el gobierno del presidente Petro”, enfatizó Gaviria.
Asimismo, el expresidente recordó el discurso del jefe de Estado ante la ONU , en el que “intentó justificar las actividades criminales del Tren de Aragua como una consecuencia del bloqueo a la Venezuela de Maduro ¡Qué despropósito! ¡Qué error monumental!“, dijo.
Gaviria hizo énfasis en que El Tren de Aragua “no es una organización criminal más, dedicada al narcotráfico y a otras actividades ilícitas de carácter transnacional. Es una de las organizaciones internacionales delincuenciales más poderosas que se ha expandido con gran rapidez”.",2025-10-14T12:37:04Z,Redacción ELHERALDO.CO,Colombia,El Heraldo
¿Habrá cierre programado de frontera con Venezuela por investidura presidencial?,https://www.elheraldo.co/colombia/2025/01/10/habra-cierre-programado-de-frontera-con-venezuela-por-investidura-presidencial/,"Migración Colombia aseguró este jueves que es posible que este viernes 10 de enero haya un “cierre programado” de la frontera con Venezuela por la investidura presidencial , cargo que reclaman el mandatario Nicolás Maduro y el opositor Edmundo González Urrutia.
En los últimos días la normalidad ha reinado en los principales pasos fronterizos entre Colombia y Venezuela. Los cruces han estado abiertos y, según la autoridad migratoria, no hay un registro de movimientos “significativos entre ingresos y salidas que pudieran indicar el advenimiento de un flujo masivo de migrantes” como el sucedido en 2018 y 2019 .
”Al momento, los datos indican un incremento normal de los flujos migratorios de venezolanos , entre ingresos y salidas, teniendo en cuenta la temporada de fin de año. Sin embargo, se mantiene un equilibrio entre ingresos y salidas”, añadió el organismo.
La información de Migración Colombia contrasta con la del gobernador del estado venezolano del Táchira, Freddy Bernal , quien afirmó que la frontera colombo-venezolana permanecerá abierta, desmintiendo los rumores surgidos en los últimos días sobre un posible cierre, como ya sucedió varias veces en la última década.
” No hay razón para cerrarla , tenemos control absoluto sobre nuestra frontera”, declaró Bernal, quien agregó que con cámaras instaladas en todos los puentes y en algunas trochas utilizadas para pasar de un país a otro vigilan en tiempo real todo lo que ocurre.",2025-01-10T04:35:42Z,Agencia EFE,Colombia,El Heraldo
“No se deje envenenar más contra Venezuela”: el mensaje de Maduro a Trump,https://www.elheraldo.co/mundo/2025/06/06/no-se-deje-envenenar-mas-contra-venezuela-el-mensaje-de-maduro-a-trump/,"El presidente de Venezuela, Nicolás Maduro, le pidió este jueves al mandatario estadounidense, Donald Trump , que no se deje “envenenar” con “mentiras” sobre Venezuela , luego de que Estados Unidos impusiera restricciones de viaje a los ciudadanos procedentes de 19 países, incluyendo el país caribeño, para proteger la “seguridad nacional”.
“Presidente Donald Trump (...), yo le envío un mensaje a usted. No se deje envenenar más contra Venezuela. Lo envenenan todos los días con mentiras. Ayer sacaron un decreto mintiendo, y que Venezuela no acepta a los migrantes. Si los vamos a buscar con nuestros aviones, ¿cómo que no los aceptamos, presidente Donald Trump?”, dijo Maduro en un acto transmitido por el canal estatal Venezolana de Televisión.
“Yo salgo en defensa de la dignidad, del honor y la decencia del pueblo valiente de Venezuela y de la migración venezolana en Estados Unidos. Somos gente de bien , ya basta de campañas de descrédito, ya basta de mentiras”, expresó el líder chavista.
Más temprano, la Cancillería de Venezuela condenó “de manera categórica” la campaña de “estigmatización y criminalización lanzada contra el pueblo venezolano por parte del Gobierno de los Estados Unidos, expresada ahora en un nuevo ataque que restringe la emisión y validez de visas para ciudadanos venezolanos”.
“Esta operación ha sido impulsada por el actual secretario de Estado, Marco Rubio, un funcionario marcado por su conocido odio hacia el pueblo venezolano, que ha hecho de la agresión sistemática su política exterior, contando con el respaldo de la ultraderecha venezolana”, añadió.
El Ejecutivo chavista reiteró su “compromiso indeclinable” con la defensa de los derechos e intereses de los venezolanos “en cualquier parte del mundo” y “ante esta nueva ola de agresiones, reafirma la alerta máxima de viaje a los Estados Unidos de Norteamérica, advirtiendo que ese país no garantiza hoy las condiciones mínimas de respeto, trato digno ni legalidad” para sus ciudadanos.
El decreto presidencial de Estados Unidos, anunciado el miércoles, prohíbe la entrada a EE. UU. de los ciudadanos de estos 12 países: Afganistán, Birmania, Chad, República del Congo, Guinea Ecuatorial, Eritrea, Haití, Irán, Libia, Somalia, Sudán y Yemen.
La proclamación contempla varias excepciones, entre ellas las personas que ya tienen una visa vigente y están dentro del territorio estadounidense, a la vez que a los ciudadanos de estos países que tengan una residencia permanente en EE. UU. (la también llamada ‘green card’) o doble nacionalidad.
También están excluidas las personas con visas diplomáticas, los atletas, entrenadores y miembros de equipos deportivos que viajen a importantes eventos como los Juegos Olímpicos o la Copa Mundial, y las personas de Afganistán con una visa especial.
La prohibición entra en efecto el próximo 9 de junio, de acuerdo con la orden, que establece además que, en un plazo de 90 días y cada 180 días, el secretario de Estado presentará un informe al presidente con su evaluación y recomendando si se debe continuarse, terminar, modificarse o complementarse.",2025-06-06T14:05:35Z,Agencia EFE,Colombia,El Heraldo
"Migración y seguridad, los desafíos de Colombia tras la posesión de Maduro",https://www.elheraldo.co/colombia/2025/01/12/migracion-y-seguridad-los-desafios-de-colombia-tras-la-posesion-de-maduro/,"Nicolás Maduro sigue en el trono venezolano. El heredero del legado chavista, ampliamente repudiado por la mayoría de la comunidad internacional, se mantuvo aferrado a su despacho en el Palacio de Miraflores contra viento y marea, restándole poca importancia a las innumerables acusaciones y denuncias sobre supuestas irregularidades en las elecciones del 28 de julio de 2024. La historia del dictador no es nueva, pero luego de unos últimos años convulsos y de supuesto desgaste oficialista parecía que podía tener otro fin.
El régimen sigue, pero la esperanza de la oposición, por ahora, se mantiene firme y en llama viva. Eso sí, al igual que en otras ocasiones, temen que con el pasar de los meses de efervescencia y la lupa internacional su lucha quede nuevamente aplastada, alimentando mucho más la incertidumbre global sobre los posibles escenarios catástroficos que afrontará la ciudadanía venezolana en los próximos meses.
Expertos en política exterior y altos diplomáticos del mundo concuerdan en que la extensión en el poder de Maduro por seis años más generará, entre otros aspectos, dos temas preocupantes para Colombia: focos de inseguridad, ocasionados por migraciones en masa de integrantes de grupos criminales, y tensiones en la política bilateral.
En este aspecto, no hay claridad sobre el rumbo diplomático que Colombia tendrá con Venezuela. Las relaciones entre el presidente Gustavo Petro y Maduro, a juzgar por los dardos del régimen en los últimos meses, se ha visto deteriorada. Sin embargo, el mandatario colombiano pidió levantar los bloqueos contra el vecino país, con el que no romperá relaciones diplomáticas.
“La continuidad de Nicolás Maduro en el poder va a generar una serie de dificultades para el Estado colombiano sin lugar a duda. Tristemente, no es la única dictadura con la cual tenemos incluso frontera, porque recordemos que Colombia comparte frontera con Nicaragua, la cual es una dictadura consolidada, igual que ya la venezolana. En este caso, por la dinámica fronteriza, esto nos va a significar unos retos mayores, sobre todo en los temas de seguridad. Colombia ha venido teniendo problemas por la forma en que el régimen venezolano aborda los temas de seguridad y hay de hecho una alerta temprana por parte de la Defensoría del Pueblo frente al agudizamiento de la presencia de grupos y actores criminales en la zona de frontera, muchos de ellos orquestados con el otro lado con el gobernador del estado Táchira, Freddy Bernal, lo cual pues complejiza para el Estado colombiano sin lugar a duda su convivencia con Venezuela”, explicó Ronal Rodríguez, investigador del Observatorio de Venezuela de la Universidad del Rosario.
De acuerdo con el experto, van a ser momentos complejos también porque “la falta de legitimidad del régimen venezolano va a afectar los niveles de diálogo que se puedan dar con los gobiernos e incluso va a tener una incidencia directa en la política interna colombiana, más cuando la campaña presidencial se adelantó”.
En este sentido, Rodríguez consideró que el capital político de Petro se verá mucho más reducido por la postura ambigua que está teniendo con respecto a la situación en Venezuela, lo que le ha generado grandes críticas por parte de la oposición.
“A mí me preocupa el tono con el cual el presidente Gustavo Petro repite las narrativas del régimen venezolano. Las sanciones internacionales no son un instrumento o capricho de los países. Las sanciones internacionales son un instrumento de la política diplomática con el objetivo de generar una presión que lleve a una negociación que permita el regreso a la democracia. Esas sanciones han sido impuestas por cada uno de estos estados en función de presionar al régimen venezolano para que vaya a una negociación que permita el regreso a la democracia. Tristemente el presidente de los colombianos ha empezado a repetir las narrativas del régimen venezolano que son muy parecidas a las del régimen cubano con el objetivo de hacer ver al pueblo venezolano como un pueblo oprimido internacionalmente y como un proyecto político que es perseguido, pero la realidad es que ese proyecto ha recibido esas sanciones por la dinámica sistemática de violación de los derechos humanos”, aseguró el investigador.
A pesar de la tensión evidente, varios de los expertos consultados por EL HERALDO son tajantes al afirmar que el Gobierno de Colombia no debería romper relaciones con Venezuela, basándose en los cuestionables resultados que dejó el cerco diplomático de Iván Duque.
“Colombia tiene una relación muy particular con Venezuela. Esto se debe a que compartimos 2.219 km de frontera, dinámicas de migración, de seguridad, los diálogos con el ELN, las relaciones comerciales y el número importante de colombianos que viven en el vecino país, entre otras. Todos estos elementos no se equiparan en la relación venezolana con ningún otro Estado. Romper relaciones solo traería resultados terribles como ocurrió en el gobierno Duque. Es un error que Petro no quiere volver a cometer y por eso prefiere dejar canales abiertos de comunicación, aunque esto genera muchas críticas a nivel interno e internacional”, explicó Angélica Rodríguez, doctora internacional en Procesos Políticos Contemporáneos de la Universidad de Salamanca.
Sin embargo, la coordinadora académica de la Maestría en Relaciones Internacionales de la Universidad del Norte reconoce que en los próximos meses habrá dificultades entre ambos países debido a que Venezuela es garante en el proceso de Paz Total con el ELN. Además, está en vilo el rumbo del comercio bilateral, que desde del segundo periodo de 2022 se había fortalecido.
“Seguramente estos temas se resentirán de algún modo, o presentarán algunas demoras, al menos de manera inicial. Que continúen los diálogos y el comercio depende de mantener los vasos comunicantes que se han restablecido en este gobierno. Sobre el comercio, destaco el esfuerzo que desde los gobiernos locales y el gremio empresarial se ha hecho para darle continuidad al intercambio más allá de los temas ideológicos”, consideró la acádemica, que advirtió que Maduro querrá intensificar en su país la represión, como lo ha venido haciendo, y buscará a través de la reforma a la Constitución y las elecciones locales tener más poder.
“La oposición continuará resistiendo e insistiendo en que González debe posesionarse. A nivel internacional las sanciones se intensificarán, como ya estamos observando y se continuará la presión para la transición”, puntualizó.
Por su parte, la excanciller María Angela Holguín indicó que el Gobierno busca mantener la relación con Venezuela por puntos sensibles como el comercio y la seguridad; no obstante, reconoce que en estos aspectos los datos no registran mayores avances.
“En primer lugar, el tema comercial, que ha sido el principal argumento desde que se restablecieron las relaciones, ha quedado lejos de las expectativas iniciales. Hasta el 30 de noviembre, el comercio bilateral alcanzó los mil millones de dólares, muy por debajo de los diez mil millones que se habían proyectado. Además, el ELN mantiene una fuerte presencia en ambos lados de la frontera, con el respaldo implícito de Maduro. Una ruptura de relaciones complicaría la seguridad fronteriza para Colombia y afectaría la mediación de Maduro con el ELN y la Segunda Marquetalia”, aseveró.",2025-01-12T03:00:00Z,Redacción País,Colombia,El Heraldo
Ya había reservas para las fechas del Foro Global sobre Migración y Desarrollo: Cotelco,https://www.elheraldo.co/atlantico/2025/04/11/ya-habia-reservas-para-las-fechas-del-foro-global-de-migracion-cotelco/,"Una serie de afectaciones se han generado a raíz de la decisión del presidente Gustavo Petro de cambiar la sede del Foro Global de Migración de Desarrollo de Barranquilla a Riohacha . Así como el veredicto causó estragos en el trabajo logístico que tenían adelantado las asociaciones venezolanas, también está generando pérdidas en la industria hotelera de la ciudad.
En conversación con EL HERALDO, el presidente de la junta directiva de Cotelco , Mario Muvdi, aseguró que ya había reservas en una gran cantidad de hoteles en la ciudad para los días 11, 12 y 13 de junio, fechas en las que se celebraría el evento en la Arenosa. Incluso, reveló que un hotel ya contaba con el 50% de sus habitaciones reservadas.
Y añadió: “lo importante es que Riohacha y sus alrededores tengan la capacidad para albergar a más de 2.000 personas, que es lo que normalmente se espera, y que cuenten con un centro de eventos lo suficientemente grande para recibir ese tipo de encuentros. Y está bien por La Guajira, nosotros no nos oponemos. Es una ilusión muy grande, y hay que apoyar, de todas maneras”.
Para Muvdi, el problema radica principalmente en lo que se deja de vender , puesto que 2.000 personas distribuidas en habitaciones generan ingresos significativos para los hoteles y proyecta un derrame económico para la ciudad en todos los sentidos.
“Por ejemplo, en el transporte terrestre, restaurantes, sitios de interés turístico y todo lo que demandan las actividades de los visitantes en ese momento. Aquí se genera mucho, muchísimo ingreso, y ahora todo eso se viene abajo. Es una situación bastante desagradable. Nos alimentaron la emoción y ahora dicen que no”, explicó.
“Hay que pensar en que nosotros, como ciudad, debemos ser independientes en la organización de grandes eventos, con el respaldo de todos los gremios. Debemos esforzarnos por atraer congresos y eventos a la ciudad de manera independiente, sin depender exclusivamente del Gobierno nacional”, señaló.",2025-04-11T19:50:10Z,Linda Donado,Colombia,El Heraldo
Colombia está dispuesta a recibir apoyo internacional por migración de venezolanos,https://www.elheraldo.co/colombia/2018/02/14/colombia-esta-dispuesta-a-recibir-apoyo-internacional-por-migracion-de-venezolanos-458976/,"El presidente Juan Manuel Santos agradeció a la comunidad internacional por las ofertas de ayudas económicas que ha recibido con destino a la atención que requieren los ciudadanos venezolanos que están llegando a Colombia.
'Agradeciendo las ofertas de ayudas económicas y de otra índole de la comunidad internacional, estamos en plena disposición de recibirlas. Las necesitamos, pues infortunadamente este problema se agrava día por día', dijo
Reiteró que ya se pusieron en marcha acciones en materia de seguridad y registro migratorio, así como medidas destinadas a brindar atención a quienes están ingresando al país y concluyó: 'Seguiremos abogando por el retorno de la democracia y el respeto al Estado de Derecho en Venezuela, así como por soluciones pacíficas y concertadas a la situación que vive el hermano pueblo'.",2018-02-14T10:49:00Z,Tomás Betín,Colombia,El Heraldo
196.000 migrantes irregulares venezolanos han cruzado el Darién en 2024,https://www.elheraldo.co/mundo/2024/10/31/196000-migrantes-irregulares-venezolanos-han-cruzado-el-darien-en-2024/,"Los migrantes irregulares venezolanos que han cruzado la peligrosa selva del Darién , la frontera natural entre Panamá y Colombia , en su viaje hacia Norteamérica suman en lo que va de año 196.813, informó este jueves el presidente panameño, José Raúl Mulino.
Durante su conferencia de prensa semanal, el jefe de Estado citó las estadísticas del Servicio Nacional de Migración (SNM), según las cuales la segunda nacionalidad que más cruza la selva son los colombianos con “16.000 y pico” en lo que va de año, seguidos de los ecuatorianos con “15.000 y pico”, chinos con “12.000 y pico”, haitianos “11.000, y otros países 31.000″.
Dado que del 1 y el 30 de octubre un total de 21.542 migrantes llegaron a las estaciones de recepción situadas en la provincia de Darién tras transitar por la jungla, Mulino anticipó que el mes cerrará quizá un poco por debajo de septiembre, cuando lo hicieron 25.111 viajeros irregulares.
Según las estadísticas oficiales, un total de 49.256 personas cruzaron la selva en octubre de 2023, un año que cerró con la cifra inédita de 520.085 migrantes irregulares atravesando el Darién, la gran mayoría venezolanos.
El jefe de Estado recordó que su Gobierno junto al de Estados Unidos aplican desde julio pasado un programa de repatriación o deportación de migrantes irregulares, en el marco del cual se han realizado al menos 23 vuelos, principalmente hacia Colombia aunque también a Ecuador, China e India , en lo que se han devuelto a unas 800 personas.
Panamá, agregó Mulino, además “anunciado que toda persona que ingrese al país, extranjeros, violando los puestos de migración terrestres, aéreos o marítimos, será multada con un monto que oscila entre 1.000 y 5.000 dólares según la gravedad de la infracción”.
La norma contempla además que la sanción debe ser ajustada tomando en consideración las “condiciones de vulnerabilidad” en que están las personas migrantes que forman parte del flujo irregular y que entran a Panamá por el Darién mediante pasos informales.
Se les impondrá una multa de 300 dólares la primera vez; 600 dólares la segunda; 900 dólares la tercera; y mil por cada una de las siguientes ocasiones, “por cada persona extranjera que ingrese de esta forma por la frontera colombo-panameña”, según el decreto.",2024-10-31T19:31:10Z,Agencia EFE,Colombia,El Heraldo
Cancillería afirma que la migración inversa va en aumento,https://www.elheraldo.co/colombia/2025/03/11/cancilleria-afirma-que-la-migracion-inversa-va-en-aumento/,"La ministra de Relaciones Exteriores, Laura Sarabia, habló sobre las cifras de colombianos que han retornado al país desde que iniciaron las deportaciones desde Estados Unidos y también refirió al fenómeno de la migración a la inversa.
De acuerdo con Sarabia, hasta el 5 de marzo más 2.000 connacionales regresaron al país deportados de Estados Unidos, en tanto que la migración a través del Tapón del Darién , frontera natural con Panamá, se redujo en cerca de un 60 %.
“Cuando el colombiano retorna al país ya no es un migrante, para nosotros es un ciudadano colombiano que debe tener toda la protección de sus derechos y toda una atención integral por parte del Estado colombiano”, expresó.
“Nosotros tenemos una prioridad y es retornar al país a todos nuestros connacionales. Eso pasa también con diferentes conversaciones que hemos tenido con el Gobierno de Panamá, con el Gobierno de Venezuela, para ver cómo nos articulamos mejor. Pero hoy la prioridad son los ciudadanos colombianos que quieren retornar al país”, añadió.
La relación diplomática de Colombia con Estados Unidos vivió el pasado 26 de enero una de sus más serias crisis luego de que el presidente colombiano, Gustavo Petro, desautorizara el ingreso al país de dos aviones enviados por Washington con migrantes deportados alegando que, al estar esposados, no recibían “tratamiento digno”.
De acuerdo con el informe sobre flujos migratorios inversos realizado por Migración Colombia, se han detectado dos modalidades en los que predominan migrantes venezolanos: por un lado, los flujos que llegan por terminales aéreos, y por otro, los que vienen vía marítima en flujo irregular inverso a través de la frontera colombo-panameña.
Los datos de registros de entradas y salidas permiten evidenciar que en enero y febrero de 2025 se incrementaron los flujos migratorios de migrantes venezolanos en un 41% frente al mismo periodo de 2024, lo que pone en evidencia esta dinámica migratoria emergente. En el caso del flujo migratorio desde y hacia México se evidencia un incremento del 71% frente a 2024.
En el año 2024 se registraron 400.612 detecciones de migrantes en tránsito irregular por el territorio colombiano. De este total general, se registraron 138.637 detecciones de migrantes en tránsito irregular hacia el norte del continente durante el periodo comprendido entre agosto y diciembre. Comparativamente, la cifra de detecciones de 2024 mostró una variación significativa, teniendo en cuenta que disminuyó en 25,8% con respecto al año anterior.
Entre el 15 de enero y el 28 de febrero se detectaron 1.885 migrantes en flujo migratorio irregular inverso, constituyendo un promedio de llegada de 84 personas diarias desde La Miel (Panamá) al corregimiento de Capurganá (Chocó), que son trasladadas, en su mayoría, a Necoclí (Antioquia).
De ese total, 1.599 migrantes fueron caracterizados, así: respecto las nacionalidades detectadas, 1.585 son venezolanas(os), 6 peruanas(os), 4 ecuatorianas(os), 2 chilenas(os) (niños de 2 años acompañados que posiblemente se trata de hijos de migrantes venezolanas(os) y 2 nigerianas(os).
El #OM3 de @MigracionCol hace un balance de la nueva dinámica de flujos migratorios inversos que se dirigen ahora en sentido Norte-Sur desde diferentes puntos de Centroamérica y Norteamérica hacia Colombia. Lee aquí el informe 👇🏼 https://t.co/FzGwYy6fC4 pic.twitter.com/LNpv3l858K",2025-03-11T03:14:18Z,Redacción ELHERALDO.CO,Colombia,El Heraldo
Gobierno indaga si hay colombo-venezolanos entre los deportados por EE. UU. a El Salvador,https://www.elheraldo.co/colombia/2025/03/21/gobierno-indaga-si-hay-colombo-venezolanos-entre-los-deportados-por-ee-uu-a-el-salvador/,"Luego de conocerse varios casos en redes sociales de colombianos que habrían sido deportados por Estados Unidos a El Salvador, bajo la Ley de Enemigos Extranjeros invocada por el presidente estadounidense, Donald Trump, el viceministro de Relaciones Exteriores (E), Daniel Ávila, aseguró que se están adelantando las indagaciones correspondientes con el embajador de Colombia en ese país, Carlos Rodríguez Bocanegra.
Esto con el propósito de averiguar si en realidad algunos ciudadanos colombianos hacen parte de los 238 hombres que el Gobierno de Trump ordenó deportar en tres vuelos con destino al país centroamericano, acusándolos por supuestamente pertenecer a la banda criminal trasnacional Tren de Aragua , que la administración del líder republicano califica de terrorista.
En declaraciones a medios de comunicación, el viceministro Ávila sostuvo que el embajador Rodríguez “está haciendo las averiguaciones pertinentes y como parte de la misión que tenemos en las embajadas y consulados es prestar asistencia consular, si esto se llegase a confirmar es parte de la función que él tiene como embajador (...) no tenemos información final sobre el tema, estamos averiguando y esperando la información que nos pueda brindar mucho más detallada al respecto”.
Mientras Estados Unidos sigue deportando a cientos de ciudadanos colombo-venezolanos, quienes son encarcelados en prisiones para pandilleros bajo el Gobierno de Nayib Bukele, que recibió unos 6 millones de dólares de Washington para su reclusión durante un año, familiares viven un calvario al no obtener respuestas ni información de su paradero.
Ese es el caso de los familiares de Brayan Palencia Benavides, un joven oriundo de Hatillo de Loba, el departamento de Bolívar, quien llegó a Estados Unidos hace unos meses en busca de mejores condiciones de vida y de quien hoy su familia en Colombia pide ayuda para saber de su ser querido. Allegados afirman que Palencia no tiene antecedentes.
“Tengo un hermano en Estados Unidos y lo agarró migración, pero no hemos sabido nada más de él. Desde el sábado (15 de marzo) parece ser que lo mandaron a El Salvador con otro grupo de venezolanos y él no tiene ningún tipo de antecedentes”, dijo una familiar.
Las familias han logrado identificar a algunos de los deportados a través de los videos publicados por Bukele, reconociéndolos por sus tatuajes. Además, una lista no oficial divulgada por CBS News incluye el nombre de Brayan.
Ante esto, en redes sociales un hermano de Brayan Palencia sostuvo que su familiar tiene 24 años de edad y, además, una hija, por lo que piden ayuda para su liberación, pues argumenta que únicamente se lo llevaron por tener tatuajes.
El presidente de Estados Unidos, Donald Trump, afirmó este viernes que los migrantes venezolanos deportados y encarcelados en El Salvador fueron sometidos a un proceso “muy riguroso” para verificar que formaran parte de la banda de crimen transnacional Tren de Aragua.
Trump respondió así a las informaciones de allegados y abogados de algunos de los más de 200 deportados, que aseguran que los migrantes no formaban parte de ninguna organización criminal, no tenían antecedentes y que fueron detenidos por sus tatuajes.",2025-03-21T19:58:49Z,Redacción ELHERALDO.CO,Colombia,El Heraldo
Trump revoca permisos de petroleras que exportan crudo venezolano,https://www.elheraldo.co/mundo/2025/03/30/trump-revoca-permisos-de-petroleras-que-exportan-crudo-venezolano/,"El presidente de EE. UU., Donald Trump , ha notificado a los socios de la petrolera estatal venezolana PDVSA -entre ellos la española Repsol - que sus permisos para exportar crudo y derivados de Venezuela quedaban cancelados, informaron en las últimas horas medios estadounidenses.
Además de Repsol, entre las compañías afectadas están la estadounidense Global Oil Terminals, la italiana Eni, la francesa Maurel & Prom y la india Reliance Industries, que habían recibido permisos para operar con crudo venezolano en sus refinerías de todo el mundo, de manera excepcional a las sanciones contra el chavismo.
Aquellas licencias fueron otorgadas durante la Administración del demócrata Joe Biden , por lo que, según la prensa de EE. UU., la mayoría de estas petroleras ya habían suspendido las importaciones de petróleo venezolano después de que esta semana Trump ordenara un arancel del 25 % a compradores de crudo y gas venezolano.
Ahora, las empresas tienen hasta finales de mayo para liquidar las operaciones en el país latinoamericano, intensificando la campaña de la Administración Trump para aislar a Venezuela, en medio de una batalla en la que también juega un papel fundamental la migración: Venezuela se ha opuesto puntualmente a aceptar a connacionales deportados de EE. UU.
Trump también anunció semanas atrás la revocación de una licencia clave concedida a la estadounidense Chevron para operar en Venezuela, que tendrá que desmantelar sus instalaciones en el país latinoamericano.
Asimismo, el mandatario estadounidense emitió una orden ejecutiva esta semana que establece que Estados Unidos comenzará a imponer el mencionado arancel del 25 % a cualquier país que compre petróleo venezolano.",2025-03-30T15:34:26Z,Agencia EFE,Colombia,El Heraldo
Muere un venezolano bajo custodia del ICE en EE. UU.: suman 22 migrantes fallecidos en 2026,https://www.elheraldo.co/mundo/2026/07/15/muere-un-venezolano-bajo-custodia-del-ice-en-ee-uu-suman-22-migrantes-fallecidos-en-2026/,"Un venezolano de 45 años murió bajo custodia del Servicio de Inmigración y Aduanas ( ICE ) en Georgia , en el sur de Estados Unidos, según informó este miércoles dicha dependencia, con lo que suman 22 migrantes fallecidos en condiciones similares en lo que va de 2026.
El hombre, identificado como Jesús Manuel Arenas Silva , murió el lunes de un supuesto paro cardíaco mientras las autoridades lo trasladaban entre centros de detención en Georgia, reveló el ICE en un comunicado.
Los agentes encontraron inconsciente a Arenas Silvas cerca de las 7:46 horas (11:46 GMT) cuando iba en un autobús del Centro de Detención del Condado de Irwin en Ocilla hacia el Centro de Procesamiento de Folkston D. Ray, por lo que pidieron asistencia médica, de acuerdo con el relato de ICE.
Con este deceso, suman 22 migrantes muertos bajo custodia del ICE en lo que va del año tras los 33 decesos de 2025, la mayor cifra en dos décadas, con base en el recuento de la organización National Immigration Project.
En este contexto, la tasa de mortalidad de migrantes detenidos por el ICE está en su nivel más alto en más de una década y se ha más que duplicado desde que comenzó la segunda presidencia de Donald Trump , afirmó la asociación Human Rights Watch en un reciente informe.
El fallecimiento del venezolano trasciende en medio protestas por las muertes de la última semana de dos hombres por disparos de agentes del ICE cuando conducían: el mexicano Lorenzo Salgado Araujo, padre de tres hijos, el 7 de julio en Texas, y el colombiano Joan Sebastián Guerrero , de 26, este lunes en Maine.
El ICE sostuvo que Arenas Silva recibió atención médica y revisiones de salud mientras estuvo en custodia, además de indicar que entró a Estados Unidos “de manera ilegal y sin inspección” en octubre de 2021 bajo la Administración de Joe Biden (2021-2025) por la frontera.",2026-07-15T19:42:26Z,Agencia EFE,Colombia,El Heraldo
"Por falta de documentos, cerca de 60.000 venezolanos salieron del régimen subsidiado en Medellín",https://www.elheraldo.co/colombia/2026/08/05/por-falta-de-documentos-cerca-de-60000-venezolanos-salieron-del-regimen-subsidiado-en-medellin/,"Entre enero y junio de 2026, miles de migrantes venezolanos fueron retirados del régimen subsidiado en Antioquia por no renovar el certificado de permanencia obligatorio.
Una alerta se encendió en el sistema de salud de Antioquia luego de que cerca de 60.000 migrantes venezolanos quedaran por fuera del régimen subsidiado durante el primer semestre de 2026.
Lea también: Contraloría abre hallazgo fiscal contra la ANI por $824.960 millones por caso del Viaducto Chirajara
Según cifras oficiales, en Medellín la EPS Savia Salud retiró a 58.109 ciudadanos venezolanos entre enero y junio , con el punto más crítico registrado en junio, cuando 20.279 personas fueron desafiliadas en un solo mes.
A esta cifra se suman 1.808 migrantes retirados en otros municipios del departamento.
La salida masiva de usuarios representa un riesgo para miles de familias que podrían quedar sin acceso a consultas, tratamientos y servicios de prevención en salud.
Las autoridades indicaron que la principal causa de las desafiliaciones fue la falta de renovación del certificado de permanencia obligatorio, un requisito necesario para mantener la cobertura.
Le puede interesar: Fiscalía ordena examen toxicológico a Angie Rodríguez tras denuncia de posible intento de envenenamiento
Ante esta situación, las entidades de salud hicieron un llamado a la población migrante venezolana para que adelante los trámites correspondientes y mantenga sus documentos al día.
Actualmente, cerca de 53.000 venezolanos continúan afiliados al régimen subsidiado en Antioquia, pero las autoridades advierten que alrededor de 43.000 personas podrían perder próximamente la cobertura si no certifican su permanencia en la ciudad.
EL HERALDO S.A. Prohibida la reproducción y utilización, total o parcial, de los contenidos en cualquier forma o modalidad, sin previa, expresa y escrita autorización, incluyendo su mera reproducción y/o puesta a disposición con fines comerciales, directa o indirectamente lucrativos. 2000 - 2024 ©
PBX: (57) (5) 3715000 Línea de atención: (57) (5) 3855050 / 018000 512200 Calle 53B N° 46 - 25, Barranquilla - Atlántico Bogotá: 3204982967",2026-08-05T18:50:59Z,Redacción Tendencias,Colombia,El Heraldo
Distrito identifica a hombre que se trepó a torre de energía en la Avenida Circunvalar como migrante venezolano,https://www.elheraldo.co/atlantico/barranquilla/2026/06/30/distrito-identifica-a-hombre-que-se-trepo-a-torre-de-energia-en-la-avenida-circunvalar-como-migrante-venezolano/,"En un comunicado de prensa, el Distrito dio a conocer que el ciudadano rescatado tras permanecer más de 12 horas en la parte alta de una torre de energía, en la avenida Circunvalar con carrera 51B, permanece estable y bajo observación médica.
“Podemos decir que su estado de salud mental y físico es estable. En estos momentos se le están realizando exámenes y pruebas diagnósticas, con acompañamiento permanente de los psicólogos de CHATLemos, para establecer los hechos que motivaron su comportamiento”, señaló Araujo.
La secretaria de Salud agregó que el ciudadano recibe toda la atención necesaria en salud y que, a través de otras dependencias de la Alcaldía distrital, se coordina el apoyo de los servicios que se requieran.
Para atender la emergencia se instaló un Puesto de Mando Unificado coordinado por la Secretaría de Gobierno, donde también hicieron parte la Secretaría Distrital de Salud, la Oficina de Gestión del Riesgo, el Cuerpo de Bomberos de Barranquilla, la Policía Nacional, la Secretaría de Tránsito y Seguridad Vial, el CRUE y la empresa Transelca.
La Alcaldía de Barranquilla reiteró el llamado a la ciudadanía a buscar apoyo profesional ante situaciones de crisis emocional e invitó a hacer uso de la estrategia CHATLemos, que ofrece orientación psicológica gratuita y confidencial las 24 horas del día.
Quienes requieran acompañamiento pueden comunicarse por WhatsApp al 318 804 4000, donde profesionales en psicología brindan una primera escucha y activan las rutas de atención para niños, adolescentes y adultos.",2026-06-30T20:23:53Z,Redacción Locales,Colombia,El Heraldo
"Garantías y regularización, las peticiones de migrantes ante medidas anunciadas por ADLE",https://www.elheraldo.co/atlantico/2026/08/26/garantias-y-regularizacion-las-peticiones-de-migrantes-ante-medidas-anunciadas-por-adle/,"Durante el consejo de seguridad que realizó el presidente Abelardo De la Espriella en Barranquilla, el mandatario envió un mensaje contundente sobre la población migrante al anunciar operativos que empezarían esta misma semana en la capital del Atlántico y su área metropolitana para identificar a migrantes en situación irregular , aclarando que la prioridad está en aquellos que estén involucrados en delitos.
En principio, la organización Venezolanos en Barranquilla reconoció la facultad del Estado para hacer cumplir las leyes, proteger las fronteras y garantizar la seguridad. Además, respaldó que quienes cometan delitos respondan ante la justicia, sin importar su nacionalidad, siempre bajo el debido proceso y el derecho a la defensa.
A su turno, Gaby Arellano, gerente de la Fundación Juntos se Puede —organización que apoya a migrantes en Bogotá—, coincidió con que el nuevo Gobierno enfrenta el reto de fomentar la regularización, integración y productividad de la población migrante, con apoyo de la cooperación internacional.
Por otra parte, sostuvo que la migración irregular no responde a una decisión voluntaria, sino a la crisis humanitaria en Venezuela, por lo que instó al Estado a garantizar los derechos de esta población y evitar que quede expuesta a la informalidad o a las mafias.
“Venezuela vive una emergencia humanitaria compleja, donde no hay un sistema sanitario, donde no hay un sistema de derechos, donde no hay un sistema de trabajo digno, donde no hay un sistema de calidad de vida y que, además, se persiguen las libertades. La gran responsabilidad para que esta población no quede marginada en los suburbios, no quede marginada hacia el trabajo informal y no quede marginada a expensas de las mafias, es fomentar la política de regularización”, indicó Arellano.
Por su parte, Alejandro De la Hoz, director de la Agencia Cultural 780 —una organización que promueve la integración de la población migrante en Barranquilla— pidió que se garantizara el debido proceso los derechos humanos y evitar la estigmatización de las familias migrantes ante los controles migratorios.
Gaby Arellano, de la Fundación Juntos se Puede, señaló que es necesario que Migración Colombia vuelva a ser una “institución con datos e información confiable”, argumentando que en el Gobierno anterior se minimizaron los informes semestrales del estado de la población migrante en el país.
“El proceso en Migración en Colombia fue de desmejora pasado el tiempo. En desmejora tanto en sus puntos de control migratorio, en la extensa frontera que se cumple entre Venezuela y Colombia y en las principales oficinas en cada una de las ciudades capitales de los departamentos de Colombia”, manifestó.
Aseveró que, al no tener una institución que promueva la regularización , no permite que se establezca una claridad en la cifra de extranjeros y venezolanos están en territorio colombiano de manera irregular.
Por otro lado, Venezolanos en Barranquilla planteó crear una mesa de trabajo con el Gobierno nacional, la Cancillería y Migración Colombia, con el acompañamiento de la Defensoría del Pueblo y la participación de organizaciones de la sociedad civil y defensores de los derechos de refugiados y migrantes.",2026-08-26T05:00:00Z,Linda Donado,Colombia,El Heraldo
"Familiares exigen respuestas por migrantes que desaparecieron tras los terremotos en Venezuela, luego de ser deportados desde EE. UU.",https://www.elheraldo.co/mundo/2026/07/01/familiares-exigen-respuestas-por-migrantes-que-desaparecieron-tras-los-terremotos-en-venezuela-luego-de-ser-deportados-desde-ee-uu/,"Melany Toyo, familiar de uno de los más de cien venezolanos que llegaron el miércoles a Venezuela deportados de Estados Unidos , denunció este viernes que hay información inconsistente sobre los migrantes que se encuentran desaparecidos, tras los terremotos registrados el pasado miércoles en el país suramericano.
La mujer se encontraba en ese lugar solicitando información sobre su primo, Víctor Guanipa Toyo, de 32 años, quien llegó a Venezuela, horas antes de que ocurriera el doble terremoto de magnitud 7,2 y 7,5 el pasado día 24.
“No dan una información veraz, nosotros venimos buscando una respuesta porque en casa hay una madre que sufre y llora esperando respuesta de su hijo, dos hijos que esperan a su padre, y nosotros necesitamos de verdad una respuesta, sea que esté vivo, sea que esté hospitalizado”, insistió.
El pasado miércoles, un avión con más de un centenar de migrantes repatriados llegó a La Guaira. Los llevaron a un hotel, donde debían procesar sus datos para dejarlos ir al día siguiente, pero tras el doble terremoto, el lugar se vino abajo y quedaron atrapados.",2026-07-01T01:46:05Z,Agencia EFE,Colombia,El Heraldo
Ayuda humanitaria de ADN Dignidad a población migrante en Atlántico culmina con más de 63 mil personas atendidas,https://www.elheraldo.co/economia/2026/06/24/ayuda-humanitaria-de-adn-dignidad-a-poblacion-migrante-en-atlantico-culmina-con-mas-de-63-mil-personas-atendidas/,"Con más de 2,8 millones de personas migrantes y refugiadas provenientes de Venezuela residiendo actualmente en Colombia, el país continúa enfrentando importantes retos en materia de atención humanitaria, inclusión y acceso a derechos.
En este contexto, el consorcio ADN Dignidad se consolidó durante los últimos siete años como una de las iniciativas de referencia para acompañar a la población migrante, retornada y a las comunidades de acogida, articulando respuestas a necesidades inmediatas con procesos de integración social y económica que contribuyeron a fortalecer su autonomía y bienestar.
Durante su implementación, el Consorcio brindó apoyo económico a miles de personas y familias en Bogotá, Cundinamarca, Atlántico y Magdalena, facilitando la atención de necesidades básicas. Los hogares que ingresaron al programa durante abril y mayo de 2026 continuarán recibiendo este apoyo hasta finales de junio, en cumplimiento de los compromisos adquiridos.
En el departamento del Atlántico, la intervención benefició a 63.816 participantes a través de acciones de atención integral. De ellos, 2.510 accedieron a procesos de fortalecimiento en la estrategia CREA, con 1.074 en emprendimiento, 814 en orientación laboral y 361 en inclusión financiera. La población atendida estuvo conformada principalmente por migrantes venezolanos (96,4%), seguida por comunidades de acogida (20,4%), colombianos retornados (16%) y población desplazada interna (0,3%), evidenciando la diversidad de los grupos beneficiados en el territorio.
ADN Dignidad, implementado por el Consorcio Cash for Urban Assistance (CUA), conformado por Acción contra el Hambre, el Consejo Danés para Refugiados y el Consejo Noruego para Refugiados, finalizará sus actividades en Colombia el próximo 30 de junio.
Durante su implementación, el programa contribuyó al mejoramiento de la calidad de vida de cerca de 405.000 personas migrantes y refugiadas provenientes de Venezuela, colombianas y colombianos retornados, así como integrantes de comunidades de acogida en diferentes regiones del país.
A través de un modelo que combinó asistencia humanitaria basada en transferencias monetarias con estrategias de integración socioeconómica, el programa contribuyó a responder necesidades urgentes, promover el acceso a derechos y fortalecer las capacidades de miles de hogares para avanzar hacia una mayor autonomía y bienestar.
Los resultados a nivel nacional del programa reflejan avances concretos en la calidad de vida de los hogares participantes. Según una evaluación de impacto realizada por la firma internacional 3iE, los ingresos de los hogares beneficiarios aumentaron un 14 %, mientras que las dificultades asociadas al acceso a la alimentación se redujeron en un 25 %, evidenciando una mayor estabilidad económica y capacidad para afrontar situaciones de vulnerabilidad. Parte de estos resultados estuvieron asociados a acciones orientadas a la generación de ingresos, la empleabilidad y la inclusión financiera.
“Más allá de la asistencia inmediata, ADN Dignidad buscó generar condiciones para que las personas fortalecieran sus medios de vida, accedieran a nuevas oportunidades y avanzaran en sus procesos de integración. Los resultados alcanzados muestran que es posible combinar la respuesta humanitaria con acciones que contribuyan a una mayor estabilidad y bienestar de las familias”, comenta Eric Besse, director del Consorcio CUA.",2026-06-24T15:44:47Z,Redacción Economía,Colombia,El Heraldo
Juez se niega a exigir la extradición de un agente de ICE acusado de disparar a migrante,https://www.elheraldo.co/mundo/2026/08/27/juez-se-niega-a-exigir-la-extradicion-de-un-agente-de-ice-acusado-de-disparar-a-migrante/,"Un juez federal se negó este miércoles a ordenar al estado de Texas la extradición de un agente del Servicio de Control de Inmigración y Aduanas (ICE), acusado de disparar contra un inmigrante y mentir sobre lo ocurrido durante un operativo migratorio en Minneapolis.
Christian Castro enfrenta cargos en Minnesota por agresión y por denunciar falsamente un delito en relación con un operativo ocurrido el 14 de enero, cuando disparó contra el inmigrante venezolano Julio Sosa Celis, de 24 años.
Castro fue arrestado en mayo en Harlingen, en el sur de Texas, por agentes estatales y de la Oficina de Investigación Criminal de Minnesota (BCA, por sus siglas en inglés), días después de que se presentaran cargos en su contra.
La semana pasada el fiscal general de Minnesota, Keith Ellison, presentó una demanda contra el estado de Texas y su gobernador, el republicano Greg Abbott, para exigir la extradición, alegando su temor a que Castro fuera liberado y huyera a México.
En un comunicado posterior al fallo, Ellison calificó como “preocupante” que el gobernador Abbott esté tardando para considerar la solicitud de extradición y subrayó que el tribunal reconoció que Castro representa un riesgo de fuga.
Sosa fue una de las tres personas que recibieron disparos de agentes de ICE durante la denominada operación ‘Metro Surge’, en la que el Gobierno del presidente estadounidense, Donald Trump, desplegó a cientos de agentes migratorios en Mineápolis, lo que provocó fuertes enfrentamientos con la población civil.",2026-08-27T00:33:11Z,Agencia EFE,Colombia,El Heraldo
Amnistía Internacional denuncia auge de violencia contra migrantes venezolanos en Colombia,https://www.elheraldo.co/mundo/2025/11/20/amnistia-internacional-denuncia-auge-de-violencia-contra-migrantes-venezolanos-en-colombia/,"La violencia contra migrantes venezolanos en Colombia y el cierre progresivo de las vías de regularización han agravado la vulnerabilidad de esta población en el último año, alertó en una entrevista con EFE la directora adjunta de Amnistía Internacional (AI) para Venezuela, Nastassja Rojas.
Según Rojas, las solicitudes de refugio, que presentan retrasos de hasta siete años, y el aumento de ataques contra defensores de derechos humanos han transformado el panorama y puesto el foco sobre la xenofobia y la violencia.
Uno de los casos más sonados ocurrió en octubre en un atentado en Bogotá contra los activistas de Amnistía Internacional Yendri Velásquez y Luis Alejandro Peche , ambos refugiados en Colombia tras denunciar persecución política en Venezuela.
En el ataque, en el que recibieron catorce disparos, “se confirmó la vulnerabilidad extrema de quienes huyen y no encuentran protección adecuada al cruzar la frontera”, explicó la líder de la ONG para el país caribeño.
Aunque el atentado generó un fuerte revuelo mediático, “el riesgo no desaparece cuando bajan las cámaras” , advirtió Rojas, quien señaló que desde las elecciones venezolanas de 2024 se ha experimentado un aumento de perfiles altamente perseguidos: defensores de derechos humanos, activistas, sindicalistas y periodistas.
A pesar de que Colombia acoge a más de 2,8 millones de venezolanos, la protección internacional “sigue sin ser adecuadamente reconocida” , afirmó la defensora, quien alertó de una “discriminación doble”: la xenofobia persistente en la sociedad colombiana y la discriminación desde las instituciones.
“Lo que más nos preocupa es que en el último año esas expresiones de xenofobia y discriminación ahora están viniendo desde los gobiernos”, criticó Rojas, quien recordó que la primera oleada migratoria en 2015 generó tensiones que “aún no se superan”.
Tras el cierre del Registro Único para Migrantes Venezolanos (Rumv) en noviembre de 2023, las alternativas para permanecer de forma regular en Colombia son “escasas o prácticamente inexistentes” , advirtió.
La nueva visa especial para migrantes venezolanos exige requisitos que muchos perseguidos “no pueden cumplir” —como pasaporte vigente, antecedentes penales apostillados o soportes laborales—, mientras que el sistema de refugio atraviesa una crisis con 29.500 solicitudes pendientes y demoras de años, lo que deja a miles de personas en un limbo sin posibilidades reales de integración.",2025-11-20T15:23:32Z,Agencia EFE,Colombia,El Heraldo
Más del 80 % de los migrantes venezolanos desea quedarse en Colombia: Dane,https://www.elheraldo.co/economia/2024/10/10/mas-del-80-de-los-migrantes-venezolanos-desea-quedarse-en-colombia-dane/,"El 80,7 % de los migrantes venezolanos quiere permanecer en Colombia dentro de sus visiones a un año. Así lo afirmó el último estudio del Departamento Administrativo Nacional de Estadística (Dane) por medio de los resultados del Pulso de la Migración.
En ese orden, la entidad recalcó que dentro de ese rango, los que más deseo tienen de quedarse en Colombia son los que tienen 55 años o más con un 82 %, mientras que los que tienen 25 a 54 desean quedarse en un 80,7 % y los jóvenes entre 15 y 24 años quieren permanecer en Colombia en un 79,7 %.
En un leve porcentaje se encuentran los migrantes venezolanos que quieren trasladarse a otro país con un 1,5 %, mientras que solo el 3,6 % de los migrantes del vecino país quieren regresar a Venezuela.
Ahora bien, el estudio también señaló que el motivo principal por el cual los migrantes venezolanos desean quedarse en Colombia es por las mejores condiciones laborales, ingresos, calidad de vida, estudio y sistema de salud, con un porcentaje del 49 %.
En cuanto a mercado laboral , la entidad señaló que el 61,9 % de los venezolanos radicados en Colombia se encuentra trabajando actualmente, siendo los de 25 a 54 años que tienen mayor participación en el mercado laboral del país. Solamente el 3,7 % de los migrantes está buscando empleo.
Entre tanto, el Dane afirmó que solamente el 5 % de esta población venezolana cuenta con Permiso Especial de Permanencia (PEP) , mientras que el 28 % no tiene ningún tipo de permiso. En ese sentido, el 67 % de esta población cuenta con Permiso de Protección Temporal (PPT).",2024-10-10T17:25:45Z,Juan Sebastián Vargas,Colombia,El Heraldo
Fundación que apoya a migrantes venezolanos denuncia vigilancia y agresiones en Bogotá,https://www.elheraldo.co/colombia/2025/10/16/fundacion-que-apoya-a-migrantes-venezolanos-denuncia-vigilancia-y-agresiones-en-bogota/,"La activista venezolana Ana Karina García , directora de la Fundación ‘Juntos se Puede’ , denunció una serie de seguimientos y actos de hostigamiento contra ella y su equipo de trabajo en Bogotá . La fundación que lidera brinda acompañamiento humanitario y legal a migrantes y refugiados venezolanos en situación de vulnerabilidad.
Según lo manifestado por García, el más reciente incidente ocurrió este miércoles, cuando su asistente fue interceptada por dos hombres con acento venezolano , quienes, tras confirmar que trabajaba para la fundación, le arrebataron el celular de forma violenta .
“Esta realidad, luego del atentado del lunes en Bogotá contra dos activistas venezolanos, nos genera una enorme preocupación por la vida y la integridad física de quienes somos perseguidos políticos del régimen de Nicolás Maduro”, advirtió.
Estos hechos ocurren apenas tres días después del atentado a tiros contra los activistas Yendri Velásquez y Luis Peche , ocurrido el pasado lunes 13 de octubre en el norte de Bogotá. Ambos sobrevivieron al ataque, pero el hecho encendió las alarmas dentro de la comunidad exiliada venezolana.
La directora de la fundación solicitó protección inmediata al Gobierno nacional, a la Cancillería, a la Defensoría del Pueblo y a la Unidad Nacional de Protección (UNP) . También pidió celeridad en los trámites de refugio y medidas colectivas de protección para líderes sociales, defensores de derechos humanos, periodistas y activistas exiliados en Colombia.
El caso ha generado inquietud en organizaciones humanitarias y en sectores de la oposición venezolana, como la dirigente María Corina Machado , quien calificó la reciente ola de ataques como una “escalada inédita” de violencia política.",2025-10-16T13:36:31Z,Redacción ELHERALDO.CO,Colombia,El Heraldo
Llegan 162 migrantes a Venezuela en un vuelo de repatriación procedente de Estados Unidos,https://www.elheraldo.co/mundo/2026/05/16/llegan-162-migrantes-a-venezuela-en-un-vuelo-de-repatriacion-procedente-de-estados-unidos/,"Un grupo de 162 migrantes llegó este viernes a Venezuela en un vuelo de repatriación procedente de Miami, Estados Unidos, informó el programa para los retornos del Gobierno venezolano, Gran Misión Vuelta a la Patria.
Del total, retornaron 130 hombres, 25 mujeres y 7 menores de edad, quienes fueron recibidos por distintos organismos policiales en el Aeropuerto Internacional Simón Bolívar de Maiquetía , que sirve a Caracas, indicó la institución en un mensaje en Telegram.
Por su parte, el Ministerio de Interior y Justicia detalló que “los ciudadanos recibieron una atención personalizada por parte de personal calificado, que incluyó entrevistas individuales y evaluaciones médicas integrales destinadas a priorizar su bienestar físico y emocional tras el viaje”.
Con este, suman 145 los vuelos desde que Caracas y Washington suscribieron un acuerdo para la repatriación de migrantes en enero de 2025, y que se mantuvo incluso en medio de las tensiones por el despliegue militar estadounidense en el mar Caribe, que desembocaron en la captura de Nicolás Maduro a principios de este año.",2026-05-16T02:09:40Z,Agencia EFE,Colombia,El Heraldo
Golpe al narcotráfico en Guaviare: destruyen laboratorio con más de 15 toneladas de permanganato,https://www.elheraldo.co/colombia/2026/08/17/golpe-al-narcotrafico-en-guaviare-destruyen-laboratorio-con-mas-de-15-toneladas-de-permanganato/,"Tropas de la Fuerza de Tarea Omega del Ejército Nacional, en coordinación con la Policía Antinarcóticos, destruyeron un laboratorio utilizado para actividades relacionadas con el narcotráfico en el municipio de El Retorno, Guaviare.
Según el Ejército, en el lugar fueron encontrados y neutralizados más de 15 toneladas de permanganato de potasio , además de tres construcciones rústicas y tres calderas metálicas utilizadas para el desarrollo de la actividad ilícita.
Asimismo, el Ejército señaló que la neutralización de las más de 15 toneladas de permanganato de potasio habría afectado la capacidad de esta estructura para procesar aproximadamente 21 toneladas de clorhidrato de cocaína .
El Ejército aseguró que continuará desarrollando operaciones conjuntas y coordinadas en el suroriente del país con el propósito de afectar las fuentes de financiación y las capacidades logísticas de los grupos armados ilegales.
🔴🕔📢 #LaPrimeraDelDía | Tropas de @ftc_omega y Policía Antinarcóticos destruyeron un laboratorio con más de 15 toneladas de permanganato de potasio en El Retorno, #Guaviare . Esta operación coordinada permitió afectar la cadena logística del narcotráfico de la Estructura Jhon… pic.twitter.com/zIOVqzlCUl",2026-08-17T12:47:06Z,Redacción ELHERALDO.CO,Colombia,El Heraldo
La Mojana sucreña tuvo otro temblor en la madrugada de este lunes festivo,https://www.elheraldo.co/colombia/2026/08/17/la-mojana-sucrena-tuvo-otro-temblor-en-la-madrugada-de-este-lunes-festivo/,"El movimiento telúrico es el segundo que se registra en los últimos 10 días en esta región del sur del departamento de Sucre.
El Servicio Geológico Colombiano reportó la ocurrencia de un temblor, aunque superficial, en la región de la Mojana del departamento de Sucre.
Leer también: Migrantes venezolanos radicados en San Onofre logran regular su estatus
Importante: Sincelejo ganó el título de la Copa América de Béisbol
De acuerdo con el reporte oficial, el epicentro del evento sísmico fue el municipio de Majagual.
Su magnitud fue de 2.4 y su profundidad de menos de 30 kilómetros.
La ocurrencia del sismo fue a las 12:27 de la madrugada de este lunes festivo 17 de agosto.
Algunos habitantes de la Mojana consultados por este medio informaron que no sintieron y que de momento no hay reportes de daños en la zona con ocasión de ello.
Es de anotar que este es el segundo movimiento telúrico que se registra en la Mojana en las dos últimas semanas. El primero fue durante la madrugada del jueves 6 de agosto. Ocurrió a la 1:53 de la madrugada y tuvo su epicentro a seis kilómetros del municipio de Caimito, en la zona sur de Sucre donde se sitúa el San Jorge y la Mojana. El reporte oficial indicó, en su momento, que la profundidad de este fue de 53 kilómetros.
EL HERALDO S.A. Prohibida la reproducción y utilización, total o parcial, de los contenidos en cualquier forma o modalidad, sin previa, expresa y escrita autorización, incluyendo su mera reproducción y/o puesta a disposición con fines comerciales, directa o indirectamente lucrativos. 2000 - 2024 ©
PBX: (57) (5) 3715000 Línea de atención: (57) (5) 3855050 / 018000 512200 Calle 53B N° 46 - 25, Barranquilla - Atlántico Bogotá: 3204982967",2026-08-17T14:18:21Z,Maria Victoria Bustamante Fernandez,Colombia,El Heraldo
Ochenta y siete indígenas de la etnia Zenú se graduaron en fortalecimiento de gobierno propio,https://www.elheraldo.co/colombia/2026/08/17/ochenta-y-siete-indigenas-de-la-etnia-zenu-se-graduaron-en-fortalecimiento-de-gobierno-propio/,"Ellos, hombres y mujeres, culminaron satisfactoriamente el Diplomado de Función Pública Indígena que se desarrolló gracias a la articulación entre la gobernación de Sucre y la Escuela Superior de Administración Pública (ESAP) , como parte de las acciones orientadas a brindar herramientas de formación a las comunidades indígenas y contribuir al impulso de sus procesos de autonomía y gobierno propio.
Durante el proceso académico, los participantes ampliaron sus conocimientos sobre la jurisdicción especial indígena y la jurisdicción nacional, además de abordar herramientas relacionadas con los gobiernos propios del pueblo Zenú, conocimientos que resultan fundamentales para el ejercicio de sus funciones, la defensa de sus derechos y la gestión de sus territorios.
La graduación representa la culminación de un proceso formativo, pero también el inicio de nuevos retos para los participantes que ahora cuentan con mayores herramientas para aportar desde sus comunidades a la construcción de procesos de gobernanza más sólidos, participativos y acordes con su identidad cultural.",2026-08-17T21:17:10Z,Maria Victoria Bustamante Fernandez,Colombia,El Heraldo
"Un tercio de los refugiados venezolanos en Latinoamérica se plantea regresar, según encuesta de Acnur",https://www.elheraldo.co/mundo/2026/04/14/un-tercio-de-los-refugiados-venezolanos-en-latinoamerica-se-plantea-regresar-segun-encuesta-de-acnur/,"Más de un tercio de los refugiados venezolanos en otros países de Latinoamérica (un 35 %) se plantea regresar a su país, revela una encuesta elaborada por la Agencia de la ONU para los Refugiados ( ACNUR ) y presentada este martes.
Un 9 % de los 1.288 ciudadanos venezolanos sondeados en Ecuador, Perú, Colombia , Brasil, Chile y Guatemala considera incluso ese regreso en menos de un año, de acuerdo con el sondeo, presentado en una rueda de prensa por el portavoz de ACNUR Matthew Saltmarsh.
Según las cifras completas más actualizadas de la agencia, correspondientes a noviembre de 2025, los países de Latinoamérica y el Caribe acogen a 6,9 millones de refugiados venezolanos, de los que 4 millones requieren asistencia humanitaria.
La principal motivación para regresar a corto o medio plazo es el reagrupamiento familiar, aunque algunos encuestados también mencionan presiones en los países de acogida derivadas de dificultades socioeconómicas.
Por el contrario, las principales razones esgrimidas para no regresar por el momento son el temor a falta de trabajo o ingresos y la inseguridad, opciones elegidas en ambos casos por un 22 % de los encuestados.
La agencia de Naciones Unidas insistió en que cualquier retorno debe ser “voluntario, seguro y digno”, y acompañado de toda la información posible sobre las implicaciones que puede tener esta decisión.
El portavoz de ACNUR recordó que la agencia ha solicitado 328,2 millones de dólares para asistir a desplazados y refugiados dentro y fuera de Venezuela en 2026, aunque por ahora sólo ha recibido de donantes un 12 % de esos fondos.",2026-04-14T14:30:25Z,Agencia EFE,Colombia,El Heraldo
"“Yo soy migrante, Jesús es migrante”: el mensaje que dejó León XIV a venezolanos en Perú",https://www.elheraldo.co/mundo/2025/05/11/yo-soy-migrante-jesus-es-migrante-el-mensaje-de-leon-xiv-a-venezolanos-en-peru/,"León XIV decía que él también es migrante, al igual que lo fue Jesús , un mensaje que los venezolanos llegados a Perú con dramáticas historias a sus espaldas recibían como un regalo y que estos días recuerdan más que nunca en Chiclayo , donde el nuevo papa fue obispo por ocho años y alzó la voz por ellos.
Vixy Ferrer llegó a esta localidad del norte peruano en autobús en 2018, en la semana 37 de embarazo, porque en Venezuela no podía someterse a la cesárea que necesitaba y desde su arribo fue cercana al programa de atención a migrantes que Robert Prevost inició.
“Monseñor Robert Prevost fue una persona que siempre alzó la voz por los migrantes. Siempre nos decía una palabra cada vez que íbamos a una misa o que estábamos cerca de él, decía que no nos preocupáramos, que recordemos que Jesús también fue migrante. Esa es una palabra que siempre retumba en mi corazón”, dice a EFE desde su casa.
“No contaba con los recursos necesarios. Gracias a la Comisión de Movilidad Humana y a través de monseñor Prevost, mi mamá pudo acceder a los servicios como sus tomografías, sus quimioterapias y ya luego a un carné de extranjería para que ella pudiera atender sus temas de salud”, cuenta Ferrer.
El director de la Comisión de Movilidad Humana y Trata de Personas de la Diócesis de Chiclayo, Augusto Martínez , cuenta junto a esta familia que Prevost creó esta unión de laicos y religiosos ante la llegada masiva de venezolanos a Perú, el segundo país del mundo que más ciudadanos de Venezuela ha recibido.
Explica que con esta intención, coordinaron con diferentes organizaciones de ayuda internacional e instituciones públicas se hicieron programas de regularización migratoria para lograr formalizar a estas personas con permisos temporales de permanencia y más adelante obtener su carné de extranjería.
Martínez sostuvo que León XIV se definía como migrante, pues llegó a Perú en 1985 como misionero en un momento en el que el país estaba golpeado por el terrorismo. Al igual que su madre, de ascendencia española y que llegó a Estados Unidos para trabajar, por lo que siempre tuvo una sensibilidad especial por estas personas.
Desde el humilde domicilio de Ferrer, en el distrito chiclayano de La Victoria, ambos esperan que esta mirada humana a la migración del papa se traslade a un panorama internacional crecientemente opuesto a este fenómeno.
“En este momento fuerte que vivimos, sobre todo con Estados Unidos, con el tema de la migración, él va a ser un puente entre el presidente Donald Trump y él mismo va a intentar flexibilizar el tema de los migrantes”, dice esperanzado Martíne, que fue nombrado como cabeza de esta comisión por el propio Prevost.
Ferrer recuerda que León XIV era un obispo siempre fuera de la oficina e inauguró comedores sociales y un gran albergue para atender las urgencias que presentaban en su llegada los migrantes, pero siempre tenía la intención de fortalecer programas que pudieran regularizar su situación para poder salir adelante.
“Sé que León XIV no solamente va a ayudar a la migración en un solo sitio, sino a nivel mundial. Tengo hermanos que se encuentran ahorita en otros países donde la situación está un poco difícil por sus situaciones migratorias, pero esperemos que la voz del papa llegue a esos presidentes y pueda ser un poco más suave” , expresa juntos sus dos hijos.",2025-05-11T15:54:21Z,Agencia EFE,Colombia,El Heraldo
Kast anuncia que está avanzando en la expulsión de migrantes irregulares en Chile,https://www.elheraldo.co/mundo/2026/04/06/kast-anuncia-que-esta-avanzando-en-la-expulsion-de-migrantes-irregulares-en-chile/,"El presidente de Chile, José Antonio Kast , dijo este lunes en Buenos Aires que su Gobierno va a “ir avanzando, paso a paso, en la expulsión de inmigrantes irregulares en las próximas semanas” y confió en que los venezolanos y otros extranjeros sin papeles se vayan del país de manera voluntaria.
“Hemos convocado a las personas que entraron por la ventana a Chile a salir voluntariamente”, afirmó, al detallar que “si no lo hacen voluntariamente esa posibilidad (de vivir en Chile) se va a cerrar definitivamente”.
“Estamos dando una advertencia a las personas para que cumplan la ley. Nosotros no queremos generar una conmoción social, pero sí queremos que se vayan enfrentando las incivilidades en todo el territorio nacional y en cualquiera de las manifestaciones que se salgan del marco legal, incluido el tema de la inmigración irregular”, añadió.
Kast busca que los emigrantes sin papeles se vayan del país e inicien desde cero su solicitud de residencia, lo que dejaría a miles de personas en el desamparo porque no tienen seguridad de que puedan regresar.
Asimismo, confió en que los venezolanos vayan marchándose una vez se ordenen los vuelos rumbo al país caribeño y comentó que el supuesto corredor humanitario del que habló durante su campaña electoral, destinado a expulsar a los migrantes, sería terrestre y podría utilizarse para países como Perú, Ecuador o Colombia.",2026-04-06T17:54:02Z,Agencia EFE,Colombia,El Heraldo
"EE. UU. intenta enviar a más migrantes venezolanos a megacárcel de El Salvador, según denuncia",https://www.elheraldo.co/mundo/2025/04/18/ee-uu-estaria-intentando-enviar-a-mas-migrantes-venezolanos-a-el-salvador-segun-denuncia/,"El Gobierno de Estados Unidos intenta expulsar a más migrantes venezolanos a El Salvador, según denunció este viernes la organización Unión Americana de las Libertades Civiles ( ACLU ), que presentó varios recursos de emergencia -que incluso fueron dirigidos al Supremo estadounidense- para impedir el traslado de los suramericanos.
En las demandas, la ACLU le solicita a las cortes que intervengan para evitar que los migrantes no sean expulsados del país bajo la ley de Enemigos Extranjeros de 1798, que solo se ha usado en tiempos de guerra.
La ACLU asegura que, según información entregada por familiares de los detenidos en un centro en Anson (Texas), el Gobierno busca enviar a los migrantes al país centroamericano esta noche o la mañana del sábado 19 de abril.
Los migrantes, detalla el recurso, están siendo acusados por los oficiales del Servicio de Inmigración y Aduanas (ICE) de formar parte de la banda delictiva transnacional Tren de Aragua , que surgió en una cárcel de Venezuela, y les entregaron documentos en inglés para que firmaran y aceptaran su expulsión.
La semana pasada, los magistrados del Supremo emitieron un fallo que permite al Gobierno continuar con las expulsiones de migrantes a una megacárcel en El Salvador , siempre y cuando se les notifique del traslado y se les de la oportunidad de impugnar la decisión dentro de un periodo “razonable”.
El Gobierno de EE.UU. llegó a un acuerdo con el presidente de El Salvador, Nayib Bukele , para poder enviar a migrantes detenidos en EE.UU. hacia el Centro de Confinamiento del Terrorismo (Cecot), una prisión de máxima seguridad sobre la recaen denuncias de abusos a los derechos humanos.
Sin embargo, según un análisis publicado la semana pasada por el portal Bloomberg, un 90 % de los más de 200 hombres que EE. UU. tiene encarcelados en El Salvador no tienen antecedentes penales en territorio estadounidense.",2025-04-18T23:11:54Z,Agencia EFE,Colombia,El Heraldo
EE. UU. asegura haber iniciado el traslado de 177 migrantes desde Guantánamo a Venezuela,https://www.elheraldo.co/mundo/2025/02/20/ee-uu-asegura-haber-iniciado-el-traslado-de-177-migrantes-desde-guantanamo-a-venezuela/,"En una publicación en la plataforma X, el Servicio de Inmigración y Aduanas (ICE) informó que un avión del Gobierno estadounidense transportó este jueves a los migrantes desde la base hacia Honduras, donde fueron “ recogidos por el Gobierno venezolano y llevados a su país de origen”.
Durante este periodo de tiempo, las autoridades han enviado a 178 migrantes a la isla, según información entregada por funcionarios de DHS ante una corte del Distrito de Columbia, un dato conocido tras una demanda presentada por varias ONG que busca detener los traslados hacia el complejo militar.
Varios funcionarios de la Administración, incluyendo la Secretaria Kristi Noem, han calificado a estas personas como “lo peor de la peor” y han justificado su traslado a Guantánamo asegurando que son de “alto riesgo” y vinculándolos con el grupo criminal venezolano Tren de Aragua.
EFE conversó con los familiares de seis venezolanos detenidos en la base militar, que defendieron la inocencia de sus seres queridos, y no pudo encontrar tampoco un récord criminal para estos hombres que los vincule con el Tren de Aragua o delitos graves.",2025-02-20T23:45:41Z,Agencia EFE,Colombia,El Heraldo
Bukele le propone a Maduro liberar a “presos políticos” a cambio de migrantes venezolanos,https://www.elheraldo.co/mundo/2025/04/20/bukele-le-propone-a-maduro-liberar-a-presos-politicos-a-cambio-de-migrantes-venezolanos/,"El presidente de El Salvador , Nayib Bukele , le propuso este domingo a su homólogo venezolano, Nicolás Maduro , un “acuerdo humanitario” para repatriar a migrantes venezolanos expulsados desde Estados Unidos y detenidos en una cárcel de máxima seguridad del país centroamericano, acusados de pertenecer a la banda criminal transnacional Tren de Aragua , a cambio de la liberación de “ presos políticos ”.
“Quiero proponerle un acuerdo humanitario que contemple la repatriación del 100 % de los 252 venezolanos que fueron deportados, a cambio de la liberación y entrega de un número idéntico (252) de los miles de presos políticos que usted mantiene”, publicó Bukele en un mensaje en X.
Bukele añadió que “a diferencia de usted, que tiene presos políticos, nosotros no tenemos presos políticos” y aseguró que “todos los venezolanos que tenemos bajo custodia fueron detenidos en el marco de una operación contra pandillas como el Tren de Aragua en Estados Unidos”.
“A diferencia de nuestros detenidos, muchos de los cuales han asesinado, otros han cometido violaciones, y algunos incluso habían sido arrestados en múltiples ocasiones antes de ser deportados, sus presos políticos no han cometido ningún delito. La única razón por la que están encarcelados es por haberse opuesto a usted y a sus fraudes electorales”, señaló el presidente centroamericano.
Bukele indicó que entre los “presos políticos” en Venezuela está “Rafael Tudares, yerno de Edmundo González; el periodista Roland Carreño; la abogada y activista Rocío San Miguel; la señora Corina Parisca de Machado, madre de María Corina Machado, a quien amedrentan a diario y le sabotean el acceso a servicios básicos como la luz y el agua; así como los cuatro dirigentes políticos asilados en la embajada de Argentina y otros venezolanos presos políticos”.
El mandatario salvadoreño agregó que en el canje, “se incluirían los casi 50 ciudadanos detenidos de otras nacionalidades: estadounidense, alemana, dominicana, argentina, boliviana, israelí, chilena, colombiana, ecuatoriana, española, francesa, guyanesa, neerlandesa, iraní, italiana, libanesa, mexicana, peruana, puertorriqueña, ucraniana, uruguaya, portuguesa y checa”.
Señor @NicolasMaduro , usted ha dicho en numerosas ocasiones que quiere a los venezolanos de regreso y en libertad. A diferencia de usted, que tiene presos políticos, nosotros no tenemos presos políticos. Todos los venezolanos que tenemos bajo custodia fueron detenidos en el…
El Gobierno de EE. UU. llegó a un acuerdo con el presidente de El Salvador, Nayib Bukele, para poder enviar a migrantes detenidos en EE.UU. hacia el Centro de Confinamiento del Terrorismo (Cecot), una prisión de máxima seguridad sobre la que recaen denuncias de abusos a los derechos humanos.
Sin embargo, según un análisis publicado la semana pasada por el portal Bloomberg, un 90 % de los más de 200 hombres que EE. UU. tiene encarcelados en El Salvador no tienen antecedentes penales en territorio estadounidense.",2025-04-20T22:11:46Z,Agencia EFE,Colombia,El Heraldo
Tres migrantes murieron al naufragar una lancha en el Caribe panameño en ruta hacia Colombia,https://www.elheraldo.co/mundo/2026/02/11/tres-migrantes-murieron-al-naufragar-una-lancha-en-el-caribe-panameno-en-ruta-hacia-colombia/,"Al menos tres migrantes murieron (dos venezolanas y un colombiano ) y otra de nacionalidad venezolana se encuentra en estado reservado tras el naufragio este martes de una embarcación con 16 personas a bordo en el Caribe panameño que se dirigía a Puerto Obaldía , zona fronteriza con Colombia .
El bote procedía del puerto de Miramar, un poblado en el Caribe panameño donde suelen embarcar los migrantes que regresan de Norteamérica tras ver truncado su intento de instalarse en Estados Unidos y, tras el pago de un pasaje en una embarcación privada o en uno de los pocos “barcos humanitarios” que proporcionan las autoridades panameñas, se dirigen al sur hasta las costas de Colombia para seguir su viaje hacia otros países como Venezuela.
El Congreso General Guna Yala, la autoridad indígena de la comarca donde naufragó la embarcación, informó en un mensaje compartido en redes sociales que el naufragio se produjo tras volcar el bote, y de los 16 migrantes que iban a bordo, cuatro quedaron atrapados bajo la lancha.
“Eran dos mujeres de origen venezolano y el hombre era colombiano quienes fallecieron; y otra venezolana sobrevivió, que luego la trasladaron al puesto de Salud de Wissubwala y según las últimas informaciones está siendo trasladada a la ciudad de Panamá”, indicó la autoridad comarcal.
El resto de los tripulantes a bordo fueron rescatados, detalló el Congreso General Guna Yala, que anotó que “un poco más temprano del día de hoy, otra embarcación con migrantes también sufrió percance, volteándose, pero, afortunadamente todos sobrevivieron”.
La cifra total de migrantes en flujo inverso que llegaron a Panamá en 2025, según las autoridades, fue de 22.833, de los cuales más del 90 % eran venezolanos, seguidos de colombianos, peruanos y ecuatorianos.
Este viaje a la inversa, de norte a sur, contrasta con el descenso casi total de los migrantes que cruzan la selva del Darién, la frontera natural entre Colombia y Panamá, hacia Estados Unidos, cuando solo en 2023, año récord, la atravesaron 520.000 viajeros irregulares, o más de 300.000 en 2024.
La drástica caída de los flujos migratorios hacia Norteamérica se atribuye a la dura política inmigratoria del Gobierno del presidente Donald Trump, basada en deportaciones masivas y fuertes restricciones internas para esta población, a lo que se suma medidas panameñas como el cierre de caminos en la selva del Darién.",2026-02-11T03:42:55Z,Agencia EFE,Colombia,El Heraldo
Más de 130 venezolanos regresan a su país en un vuelo de repatriación desde Estados Unidos,https://www.elheraldo.co/mundo/2026/02/23/mas-de-130-venezolanos-regresan-a-su-pais-en-un-vuelo-de-repatriacion-desde-estados-unidos/,"Del total del grupo, 114 son hombres, 17 mujeres y tres menores de edad, quienes recibieron “atención médica por parte de las instituciones nacionales” y fueron “trasladados a sus hogares por los organismos de seguridad”, detalló la cartera de Estado en su canal de Telegram.
Este es e l vuelo número 115 desde que Caracas y Washington suscribieron un acuerdo migratorio para la repatriación de migrantes a finales de enero del año pasado, y que se mantuvo incluso en medio de las tensiones por el despliegue militar estadounidense en el mar Caribe.
El pasado viernes, un avión con 84 migrantes repatriados llegó a Venezuela proveniente también de Miami, Estados Unidos, informó entonces la Misión Vuelta a la Patria, el programa gubernamental que gestiona los retornos migratorios al país suramericano.
Según cifras oficiales, más de 20.000 migrantes han regresado a Venezuela desde febrero de 2025 en vuelos de repatriación de Gran Misión Vuelta a la Patria, que promueve el retorno voluntario de venezolanos que están fuera de su país.",2026-02-23T20:29:28Z,Agencia EFE,Colombia,El Heraldo
Cruz Roja de Venezuela brindará “asistencia humanitaria” a migrantes deportados de EE.UU.,https://www.elheraldo.co/mundo/2025/02/11/cruz-roja-de-venezuela-brindara-asistencia-humanitaria-a-migrantes-deportados-de-eeuu/,"La Cruz Roja de Venezuela informó este lunes que brindará “asistencia humanitaria” a los migrantes deportados de Estados Unidos, luego del arribo de dos vuelos al Aeropuerto Internacional Simón Bolívar, que sirve a Caracas, provenientes del país norteamericano con 190 venezolanos.
“La atención humanitaria empezó este lunes con la llegada a Venezuela de los dos primeros vuelos de migrantes, a quienes la Cruz Roja, a través de sus voluntarios y en coordinación con las autoridades del Gobierno nacional, pudo brindar sus servicios de atención primaria y apoyo psicosocial”, indicó la organización en nota de prensa.
Señaló que un equipo formado por 40 voluntarios multidisciplinarios, médicos y socorristas, acompañó la llegada de este grupo de migrantes y les hizo entrega de “kits de higiene personal y refrigerios, así como medicamentos en los casos que fuese necesario”.
La Cruz Roja indicó que estará brindando esta ayuda en los “próximos vuelos de migrantes” que regresen al país caribeño y -dijo- se “alinea con los servicios humanitarios prestados por las Sociedades de la Cruz Roja a personas deportadas en México, Honduras, El Salvador, Ecuador y Colombia”.
Este lunes, dos vuelos con venezolanos deportados desde Estados Unidos llegaron al país caribeño, según informó Nicolás Maduro , quien juró como presidente el 10 de enero tras su cuestionada reelección.
El Ministerio de Comunicación de Venezuela indicó que fue notificado por el Gobierno de Estados Unidos de que “algunas personas” que viajaron de regreso al país suramericano, “están presuntamente ligadas a actividades delictivas, o estarían involucradas en las acciones de la banda transnacional ‘Tren de Aragua’”.
La Administración d e Donald Trump no reconoce la legitimidad de Maduro, quien fue investido para un nuevo mandato pese a las denuncias de fraude electoral de la oposición, que reivindica la victoria de Edmundo González Urrutia.",2025-02-11T03:02:20Z,Agencia EFE,Colombia,El Heraldo
Distrito de Cartagena apoyará  los subsidios de vivienda para migrantes venezolanos,https://www.elheraldo.co/bolivar/2025/05/06/distrito-de-cartagena-apoyara-los-subsidios-de-vivienda-para-migrantes-venezolanos/,"La Alcaldía Mayor de Cartagena , a través de la Oficina de Cooperación Internacional, se activó como aliado para promover el acceso a techo digno de las familias migrantes venezolanas presentes en la ciudad.
Es una  iniciativa del Gobierno nacional, a través del Ministerio de Vivienda, Ciudad y Territorio, que beneficiará a  los 500  hogares que cumplan con los requisitos definidos por el programa y se encuentren en situación migratoria regular dentro del territorio colombiano.
Entre los requisitos a cumplir están: contar con estado migratorio regularizado; tener ingresos mensuales iguales o inferiores a dos salarios mínimos legales vigentes; no haber recibido subsidios de vivienda previamente ni poseer inmueble registrado a su nombre en Colombia; contar con un contrato de arrendamiento formal y la vivienda arrendada debe estar fuera de zonas de alto riesgo no mitigable y cumplir con criterios mínimos de calidad e idoneidad.
El subsidio representa una oportunidad significativa para avanzar en la inclusión social y mejorar las condiciones habitacionales de la población migrante, promoviendo el bienestar y la integración en el país, especialmente en Cartagena.",2025-05-06T23:51:25Z,Maria Victoria Bustamante Fernandez,Colombia,El Heraldo
Caracas dice que EE. UU. criminaliza a migrantes venezolanos con nueva ley,https://www.elheraldo.co/mundo/2025/03/16/caracas-dice-que-ee-uu-criminaliza-a-migrantes-venezolanos-con-nueva-ley/,"La Administración de Nicolás Maduro rechazó este domingo la decisión del presidente estadounidense, Donald Trump, de invocar la Ley de Enemigos Extranjeros de 1798, con lo que Caracas considera que Washington “criminaliza, de forma infame e injusta”, a los migrantes venezolanos, quienes, según el chavismo, son víctimas de las sanciones del país norteamericano y otros Gobiernos occidentales.
A través de un comunicado, Venezuela expresó su “contundente” rechazo a la invocación de una “ ley anacrónica , violatoria de los derechos humanos e ilegal”, un acto que, a su juicio, “evoca los episodios más oscuros de la historia de la humanidad”, y denunció de forma “enérgica” que sus connacionales en EE. UU. “están siendo sometidos a persecución”.
Según Washington, se busca acelerar las deportaciones masivas de los integrantes de la banda transnacional de origen venezolano Tren de Aragua, que “está perpetrando, intentando y amenazando con una invasión o incursión depredadora contra el territorio” estadounidense, dice la orden ejecutiva.
La decisión establece que todos los venezolanos mayores de 14 años que pertenezcan al mismo, se encuentren en EE. UU. y no estén naturalizados o sean residentes permanentes legales, están sujetos a ser detenidos, retenidos y expulsados en calidad de enemigos extranjeros .
Caracas señaló que el venezolano que salió de su país lo hizo en busca de “alternativas de vida” y por “razones económicas que fueron consecuencia de las penurias creadas (...) por el bloqueo criminal ” para “perpetrar sus planes de cambio de régimen”.
“No son terroristas, no son criminales ni ‘enemigos extranjeros’. Son víctimas ”, afirmó el chavismo, que acusó nuevamente a dirigentes opositores de haber “solicitado una y otra vez la aplicación de medidas coercitivas unilaterales”, así como de crear una “red criminal de coyotes”.
El oficialismo venezolano, ante la “gravedad de esta maniobra ilegítima”, convocó a la unidad nacional y al “desarrollo de todos los mecanismos de protesta activa en lo diplomático, lo jurídico y lo político”, en defensa de los migrantes y de sus familiares.
La Ley de Enemigos Extranjeros no ha sido invocada en EE. UU. desde la II Guerra Mundial (1939-1945), cuando se usó para detener a estadounidenses de origen japonés, en uno de los episodios más oscuros de racismo contemporáneo.
Tras anunciarse la decisión este sábado, el juez federal James Boasberg bloqueó el uso de la ley durante 14 días o hasta nuevo aviso, y detalló que todo avión con esas personas a bordo, que fuera a despegar o que estuviera en el aire, debía volver a EE. UU.
Sin embargo, el secretario de Estado estadounidense, Marco Rubio, anunció este domingo que, bajo la Ley de Enemigos Extranjeros, se ha enviado a más de 250 personas consideradas integrantes del Tren de Aragua a El Salvador, que el presidente de ese país, Nayib Bukele , se ha ofrecido a encarcelar.",2025-03-16T23:23:57Z,Agencia EFE,Colombia,El Heraldo
Llegan a Venezuela 182 migrantes en un vuelo de repatriación desde Estados Unidos,https://www.elheraldo.co/mundo/2026/01/24/llegan-a-venezuela-182-migrantes-en-un-vuelo-de-repatriacion-desde-estados-unidos/,"Un total de 182 migrantes venezolanos regresaron a su país en un vuelo de repatriación proveniente de Arizona, Estados Unidos, informó este viernes el programa gubernamental Gran Misión Vuelta a la Patria.
En sus redes sociales, Vuelta a la Patria detalló que, del total de retornados, 149 son hombres, 23 son mujeres y 10 son niños, quienes regresaron en el cuarto vuelo de este año desde la captura del presidente Nicolás Maduro y de su esposa, la diputada Cilia Flores, el pasado 3 de enero en Caracas.
Caracas y Washington suscribieron un acuerdo migratorio a inicios del año pasado, que se mantuvo incluso en medio de las tensiones por el despliegue militar estadounidense en el mar Caribe y se reanudó el pasado 16 de enero, cuando se cumplieron casi dos semanas de la operación ordenada por el presidente estadounidense, Donald Trump, en suelo venezolano para capturar a Maduro.",2026-01-24T01:22:08Z,Agencia EFE,Colombia,El Heraldo
Llega a Venezuela un avión con 311 migrantes repatriados desde Estados Unidos,https://www.elheraldo.co/mundo/2026/02/06/llega-a-venezuela-un-avion-con-311-migrantes-repatriados-desde-estados-unidos/,"Un avión con 311 migrantes venezolanos repatriados desde Estados Unidos llegó este viernes a Venezuela, como parte de la Gran Misión Vuelta a la Patria , el programa estatal que gestiona los retornos al país suramericano.
Los migrantes fueron recibidos por la presidenta del programa Vuelta a la Patria, Camilla Fabri, quien es esposa del exministro y empresario Alex Saab, una de las personas más cercanas al presidente Nicolás Maduro.
En su Telegram, Vuelta a la Patria indicó que este es el vuelo 108 desde que Caracas y Washington suscribieron un acuerdo migratorio a inicios del año pasado, que se mantuvo incluso en medio de las tensiones por el despliegue militar estadounidense en el mar Caribe.",2026-02-06T21:45:39Z,Agencia EFE,Colombia,El Heraldo
“Cambiar la ciudad comienza con pequeños gestos”: Luis Meneses,https://www.elheraldo.co/sociedad/2026/07/20/cambiar-la-ciudad-comienza-con-pequenos-gestos/,"Hay historias que nacen de una necesidad y terminan convirtiéndose en un refugio para cientos de personas. Así ocurrió con la Fundación de Atención Inclusiva, Social y Humana ( FUVADIS ), una organización que surgió en medio de la crisis migratoria venezolana y que, con el paso de los años, amplió su misión hasta convertirse en un puente de apoyo para migrantes, personas que viven con VIH , población LGBTIQ+, mujeres, niños y jóvenes en condición de vulnerabilidad en Barranquilla.
Detrás de ese trabajo está Luis Meneses , director de la fundación, quien recuerda que todo comenzó en 2018, cuando la llegada masiva de migrantes evidenció las enormes dificultades que enfrentaban para acceder a servicios básicos.
“Muchas personas llegaban sin posibilidades de recibir atención en salud, apoyo jurídico o acompañamiento social. Queríamos convertirnos en ese lugar donde encontraran una mano amiga”, explicó a EL HERALDO.
Uno de los servicios que más impacto ha generado es el acompañamiento jurídico y psicosocial, desarrollado mediante alianzas con universidades como la del Norte y la de la Costa . Allí brindan orientación en procesos relacionados con solicitudes de refugio, regularización migratoria, permisos de permanencia para menores, casos de manutención y remisiones para atención en salud mental y consumo de sustancias psicoactivas.
Si hubo un momento que puso a prueba el trabajo de FUVADIS, fue la pandemia del Covid-19. Poco después de inaugurar su primer centro de atención para migrantes en el barrio El Recreo, las restricciones sanitarias cambiaron por completo la realidad de miles de familias que también comenzaron a buscar ayuda.
Fue entonces cuando organizaciones internacionales como ACNUR, OIM, UNICEF, World Vision , Acción contra el Hambre, el Consejo Noruego para Refugiados y el Consejo Danés para Refugiados confiaron en la fundación para llevar asistencia humanitaria a quienes más la necesitaban. Ese respaldo permitió consolidar el trabajo comunitario que hoy caracteriza a la organización .
Uno de los programas que más orgullo genera en FUVADIS es ‘Seguir Viviendo’, iniciativa dirigida a personas con diagnóstico positivo de VIH. Durante tres años, gracias al respaldo de Open Society Foundations , la fundación logró acompañar a pacientes que llegaban con condiciones de salud críticas, facilitando el acceso a tratamientos antirretrovirales y mejorando significativamente su vida .
“Ver a personas que llegaron con un pronóstico muy complicado, recuperar su salud ha sido una de nuestras mayores satisfacciones. Aunque actualmente ese programa no cuenta con financiación activa, nosotros continuamos orientando a quienes buscan apoyo mediante remisiones a instituciones aliadas como Profamilia, la Secretaría Distrital de Salud y otras organizaciones especializadas”, mencionó Meneses.
En paralelo, uno de sus proyectos con mayor impacto comunitario funciona cada sábado en el sector de Caribe Campestre, donde, en alianza con la Alcaldía de Barranquilla , opera un comedor comunitario que beneficia a cerca de 200 niños y niñas. Mientras la administración distrital aporta los alimentos, FUVADIS coordina el trabajo de líderes comunitarios y voluntarios encargados de preparar y servir cada jornada alimentaria.
Actualmente, la fundación concentra buena parte de sus esfuerzos en el trabajo preventivo con niños, adolescentes y jóvenes. A través de actividades deportivas, culturales y formativas buscan alejarlos del consumo de sustancias psicoactivas y de la delincuencia, ofreciendo alternativas para construir proyectos de vida.
“En ese propósito hemos tejido alianzas con entidades como el SENA, Opportunity International y World Vision , que apoyan procesos de formación para el emprendimiento, el fortalecimiento de capacidades y la inserción laboral”, mencionó.
Según Meneses, varios jóvenes de sectores como Caribe Campestre y Ciudad de la Paz participan cada semana en programas que les permiten desarrollar habilidades para acceder a oportunidades educativas y laborales.
“El mayor patrimonio de la organización no son los recursos económicos, sino la confianza construida durante años de trabajo en los barrios. Nuestra carta de presentación son los hechos. Las personas creen en nosotros porque han visto que realmente trabajamos por quienes más lo necesitan. Cambiar una ciudad comienza con pequeños gestos”, afirmó a esta cada editorial.",2026-07-20T03:01:04Z,Sheyla Stefanell,Colombia,El Heraldo
“Cuidadito le toca un pelo a un venezolano”: la advertencia de Maduro a Kast,https://www.elheraldo.co/mundo/2025/12/16/cuidadito-le-toca-un-pelo-a-un-venezolano-la-advertencia-de-maduro-a-kast/,"El presidente de Venezuela, Nicolás Maduro , advirtió este lunes al mandatario electo de Chile, José Antonio Kast, que evite meterse con los migrantes venezolanos en ese país, en medio de los señalamientos que, asegura, está haciendo contra sus compatriotas.
“Usted podrá ser pinochetista convicto y confeso, pero cuidadito le toca un pelo a un venezolano , los venezolanos se respetan. ¡Cuidadito! Escúcheme bien, oyó, que el que se mete con Venezuela se seca y usted se puede secar aceleradamente, señor Kast”, dijo el gobernante en su programa de televisión ‘Con Maduro+’, transmitido por el canal estatal Venezolana de Televisión (VTV).
En ese contexto, Maduro invitó a sus compatriotas “con mucho respeto” a volver al país y anunció un plan especial de apoyo para los venezolanos en Chile que quieran regresar a través del programa gubernamental Vuelta a la Patria, que estará coordinado por la vicepresidenta, Delcy Rodríguez, y la presidenta de ese plan, Camilla Fabri.
“Si yo pudiera enviar 100 aviones para traérmelos en boletos gratis a toditos lo haría mañana, como nos estamos trayendo a todos los migrantes de Estados Unidos, liberándolos y rescatándolos del presidio (...) todo el que se quiera regresar tendrá nuestro apoyo decidido”, añadió.
Ultraliberal en lo económico, Kast se convertirá en marzo en el primer pinochetista en llegar al poder tras el fin de la dictadura hace 35 años luego de imponerse en las 16 regiones del país y cerrar la segunda victoria en segunda vuelta más amplia desde el retorno a la democracia (la primera fue la de Michelle Bachelet contra Evelyn Matthei en 2013).
Uno de los ejes centrales de Kast es el tema migratorio. Centró su discurso en la expulsión de inmigrantes en situación irregular, aunque durante la campaña fue moderando el tono y llegó a plantear que buscaba “invitarlos a salir” del país.
En su plan denominado ‘Escudo Fronterizo’ , con claras similitudes a la política de Trump, llevada a cabo por el Servicio de Control de Inmigración y Aduanas (ICE), defiende la instalación de muros de más de 5 metros de altura, zanjas, drones con reconocimiento facial y radares térmicos.
También defiende el uso de la fuerza del Estado en los casos necesarios en la frontera. Asimismo, se comprometió a sancionar a los empleadores que contraten inmigrantes irregulares y prohibirá alquilar viviendas a este tipo de inmigrante.",2025-12-16T01:21:55Z,Agencia EFE,Colombia,El Heraldo
"Con bandera en mano, venezolanos en Barranquilla celebran captura de Maduro en la Plaza de la Paz",https://www.elheraldo.co/atlantico/2026/01/04/con-bandera-en-mano-venezolanos-en-barranquilla-celebran-captura-de-maduro-en-la-plaza-de-la-paz/,"Un grupo significativo de venezolanos adelantó una manifestación en la Plaza de la Paz en la tarde de este sábado 3 de enero, horas después de que Estados Unidos anunciara la captura del presidente Nicolás Maduro.
“Estamos bastante emocionados por lo que ha sucedido con el dictador Maduro. Gracias a Dios todo fue estratégicamente bien planeado y no hubo tanta sangre derramada como se tenía previsto. Estamos a la expectativa de lo que se presente en los últimos días”, expresó David Cabarcas.
“Estamos llenos de regocijo porque tenemos un poquito de esperanza. No es una situación fácil; nosotros no estamos celebrando un bombardeo, no estamos celebrando un triunfo, porque esto apenas comienza, pero sentimos que es esa luz al final del túnel que necesitaban los venezolanos para poder salir de esa dictadura que ya lleva veintiséis años en el gobierno”, expresó Denis González, una joven de 19 años.
De acuerdo con la Agencia EFE, el avión militar Boeing 757 que trasladó al presidente venezolano, Nicolás Maduro , aterrizó este sábado en Nueva York , donde está previsto que comparezca en los próximos días ante un tribunal federal para responder a acusaciones de narcoterrorismo y otros tres cargos, tras haber sido detenido hoy por fuerzas estadounidenses en Caracas.
El mandatario venezolano arribó al aeropuerto internacional Stewart, donde decenas de agentes de distintas agencias federales, como el FBI o la Administración de Control de Drogas (DEA) ingresaron al avión.",2026-01-04T01:31:55Z,Redacción Locales,Colombia,El Heraldo
Llegan a Venezuela 172 migrantes repatriados desde Estados Unidos pese a “bloqueo aéreo”,https://www.elheraldo.co/mundo/2025/12/05/llegan-a-venezuela-172-migrantes-repatriados-desde-estados-unidos-pese-a-bloqueo-aereo/,"Un avión proveniente de EE. UU. con 172 migrantes venezolanos repatriados aterrizó este viernes en el aeropuerto internacional de Maiquetía, que sirve a Caracas, pese al “bloqueo aéreo” denunciado por Venezuela en su contra, tras el aviso de las autoridades estadounidenses de “extremar la precaución” al sobrevolar este territorio y el sur del Caribe.
En una publicación en Telegram, el Ministerio de Interior de Venezuela precisó que llegaron 141 hombres, 26 mujeres, 2 niñas y 3 niños, todos provenientes de Phoenix, Arizona, en un vuelo gestionado por la aerolínea Eastern.
El pasado sábado, el presidente estadounidense, Donald Trump, afirmó que el espacio aéreo de Venezuela debía considerarse “cerrado en su totalidad”, un mensaje que Caracas repudió “con absoluta contundencia”.
El despacho de Interior consideró la declaración de Trump como una medida “arbitraria y violatoria del derecho internacional” que, agregó, “busca disminuir la movilidad y la conectividad” del país suramericano.
El martes, sin embargo, el Ministerio de Transporte de Venezuela informó que el Gobierno autorizó la llegada de los vuelos operados por Eastern Airlines, que habitualmente aterrizan en el país dos veces por semana -miércoles y viernes-, tras recibir una solicitud de la Administración de Trump.
El de este viernes es el segundo vuelo con migrantes que aterrizó esta semana en el país procedente de Estados Unidos, cuando el Aeropuerto Internacional Simón Bolívar de Maiquetía, el principal del país, opera sin vuelos de compañías aéreas privadas, tras una cascada de cancelaciones.
El miércoles llegó un vuelo desde Arizona con 266 repatriados. También llegaron esta semana dos vuelos provenientes de México, gestionados por la estatal Conviasa, con 304 y 259 migrantes retornados, respectivamente.
Hace dos semanas, el 21 de noviembre, la Administración Federal de Aviación (FAA, en inglés) de EE.UU. instó a “extremar la precaución” al sobrevolar Venezuela y el sur del Caribe ante lo que considera “una situación potencialmente peligrosa” en la zona.
En estas últimas dos semanas, más de una decena de aerolíneas extranjeras han anunciado cancelaciones temporales de vuelos desde y hacia Venezuela, un país que ya tenía una baja oferta de conexiones internacionales directas.",2025-12-05T19:41:36Z,Agencia EFE,Colombia,El Heraldo
Abren convocatoria para que jóvenes colombianos y migrantes en Barranquilla aprendan inglés de forma gratuita,https://www.elheraldo.co/atlantico/2026/01/23/abren-convocatoria-para-que-jovenes-colombianos-y-migrantes-en-barranquilla-aprendan-ingles-de-forma-gratuita/,"Hasta el próximo miércoles 28 de enero estará disponible la convocatoria ‘Cuando sabes inglés se nota’, liderada por la Fundación Santo Domingo y GitLab Foundation, Compartamos con Colombia y CAC-Eurocentres, para apoyar la formación y empleabilidad de los jóvenes colombianos y migrantes que residen en Barranquilla y su área metropolitana.
De acuerdo con Daniel Gonzales, director de Inversión Social de la Fundación Santo Domingo, el programa tiene como objetivo el desarrollo del bilingüismo para facilitar el acceso a oportunidades económicas y la integración socioeconómica de la población migrante en la ciudad.
“La migración, cuando se gestiona con visión y estrategia, es un motor de desarrollo. El bilingüismo, cuando se nota, es una herramienta comprobada para conseguir empleos más rápidamente y con mejores ingresos. El desafío está en impulsar alianzas y mecanismos que promuevan una empleabilidad incluyente, especialmente para los jóvenes”, aseguró.
En ese sentido, la convocatoria está dirigida a jóvenes entre 18 y 28 años, ubicados en Barranquilla y su área metropolitana, con un nivel mínimo A2 de inglés, que sean colombianos con Sisbén IV, categoría C, o migrantes venezolanos con Permiso por Protección Temporal (PPT) o cédula de extranjería.
Las personas interesadas en postularse pueden hacerlo a través del siguiente enlace: https://cacenglish.com.co/nova-inscripcion/ o a través de los canales oficiales de la Fundación Santo Domingo, como su página web www.fundacionsantodomingo.org",2026-01-23T22:26:12Z,Redacción Locales,Colombia,El Heraldo
"Maduro dice que “persiguen, golpean, desaparecen y torturan” a jóvenes venezolanos en EE. UU.",https://www.elheraldo.co/mundo/2025/11/13/maduro-dice-que-persiguen-golpean-desaparecen-y-torturan-a-jovenes-venezolanos-en-ee-uu/,"El presidente de Venezuela, Nicolás Maduro , denunció este jueves que en Estados Unidos “persiguen, golpean, desaparecen y torturan” a jóvenes migrantes del país suramericano, a quienes luego, dijo, “expulsan a patadas”.
En un encuentro con jóvenes chavistas, el mandatario expresó que “en los años más duros”, entre 2017 y 2020, hubo lo que llamó “cantos de sirena falsos” que, aseguró, “se llevaron a muchos jóvenes hacia el norte”.
Según el jefe de Estado, el vencimiento el pasado viernes del Estatus de Protección Temporal (TPS) que protegía a migrantes venezolanos en EE.UU. afectó a “más de 300.000” personas, de las cuales, indicó, la mitad son jóvenes.
“Los persiguen en el norte y amenazan a Venezuela con una invasión”, dijo Maduro, en referencia al despliegue militar estadounidense en el mar Caribe cerca de la nación suramericana, lo que Washington defiende como una operación contra el narcotráfico y Caracas denuncia como una “amenaza” para propiciar un “cambio de régimen” y sacar del poder al chavismo, que gobierna el país desde 1999.
Miles de venezolanos han sido deportados de EE.UU. este año y enviados a su país como parte de un acuerdo suscrito entre la Casa Blanca y Miraflores, sin relaciones diplomáticas desde 2019, lo que continúa pese a las tensiones acrecentadas desde agosto, cuando comenzó la movilización naval y aérea del país norteamericano.
El miércoles, Human Rights Watch (HRW) reveló que los 252 migrantes venezolanos enviados por la Administración de Donald Trump al Centro de Confinamiento del Terrorismo (Cecot), en El Salvador, denunciaron haber sido víctimas de torturas.",2025-11-13T23:59:42Z,Agencia EFE,Colombia,El Heraldo
Kast habla con Noboa sobre la creación de un corredor para retorno de migrantes venezolanos,https://www.elheraldo.co/mundo/2025/12/24/kast-habla-con-noboa-sobre-la-creacion-de-un-corredor-para-retorno-de-migrantes-venezolanos/,"El presidente electo de Chile, el ultraderechista José Antonio Kast , aseguró este martes que habló con el presidente Daniel Noboa sobre su propuesta de crear un “corredor humanitario” que permita a migrantes en sus países regresar a Venezuela , algo que ya había planteado la semana pasada en Buenos Aires, cuando se reunió con el mandatario argentino Javier Milei.
“Lo que hemos planteado en esta gira es ver cómo se puede realizar un corredor humanitario para personas que están de manera irregular en Chile, Perú y Ecuador puedan volver a su patria y también solicitarle al Gobierno venezolano que abra las puertas de su frontera para que aquellas personas que quieran volver puedan hacerlo”, dijo Kast en una rueda de prensa en un hotel de la capital.
Aunque no precisó qué le había contestado el mandatario ecuatoriano, Kast aseguró que todos estaban “conscientes del problema” y que tenían “la misma sensación provocada por un gobernante que es ilegítimo en Venezuela”, en referencia al presidente Nicolás Maduro .
Aseguró que él solo estaba realizando “planeamientos” ya que el manejo de la política exterior le corresponde aún al presidente Gabriel Boric , pero que sí podría “ir anticipando, adelantando el trabajo” para que cuando asuma el poder ya “existan lazos y vínculos” que le “faciliten el trabajo”.
“Es muy importante que nosotros, entre todos, veamos cómo solucionar el problema que hoy día genera una nación como Venezuela, bajo una dictadura que ha provocado que más de 8 millones de personas salgan de su patria y vayan a distintos países”, añadió.
Kast también señaló que esperaba que el presidente de Colombia, Gustavo Petro , “entienda la crisis humanitaria que se está viviendo” y apeló a que “pueda interceder frente a lo que hoy día se vive en Venezuela”.
Con respecto a las operaciones militares que Estados Unidos está realizando en el Caribe , Kast dijo que a Chile no le correspondía pronunciarse sobre lo que está haciendo “otro país que también se ve afectado por las acciones que realiza una dictadura”.
“Lo que sí tengo claro es que los efectos negativos que ha generado el Gobierno dictatorial de Venezuela están afectando la calidad de vida de todo el continente y espero que sea resuelto a la brevedad. Y sea cual sea la fórmula. La fórmula que había elegido el pueblo venezolano era la vía democrática y hay alguien que se robó el poder y que se apropió del poder”, puntualizó.
“Lo que vayamos a hacer hacia adelante va a en esa línea de mayor seguridad, mayor libertad, para que cada nación decida libremente su destino democrático sin la interferencia de dictaduras o de organizaciones criminales”, agregó.",2025-12-24T02:38:58Z,Agencia EFE,Colombia,El Heraldo
"Llegan a Venezuela 200 migrantes repatriados desde Estados Unidos, entre ellos trece niños",https://www.elheraldo.co/mundo/2025/11/08/llegan-a-venezuela-200-migrantes-repatriados-desde-estados-unidos-entre-ellos-trece-ninos/,"Estos vuelos, de acuerdo al Ejecutivo de Nicolás Maduro, forman parte de la Gran Misión Vuelta a la Patria, un programa gubernamental que facilita el retorno voluntario de migrantes.
Un total de 200 migrantes retornaron este viernes a Venezuela en un vuelo desde Texas, Estados Unidos , entre ellos trece niños , informó el Ministerio de Interior y Justicia del país suramericano.
Lea más: González Urrutia y Machado dicen que pidieron revisar la situación de TPS para venezolanos
A través de una publicación en Instagram, la cartera de Estado indicó que entre los retornados -además de los niños- había 157 hombres y 29 mujeres , sin precisar sobre el pasajero restante.
Según la nota oficial, se trata del vuelo número 84 de venezolanos repatriados , la mayoría desde Estados Unidos, que aterriza en el país en lo que va de año.
Igualmente, de acuerdo a información del canal estatal Venezolana de Televisión (VTV), los migrantes recibieron atención médica, orientación migratoria y “acompañamiento institucional para facilitar su estadía en el país”.
El jueves, un grupo de 166 venezolanos regresaron a su país tras ser deportados de Estados Unidos , según informó la Policía Nacional Bolivariana (PNB) en Telegram.
Ver más: El sujeto que agredió la presidenta de México, Claudia Sheinbaum, es procesado penalmente por otro abuso sexual
La PNB señaló que entre los retornados había 154 hombres y 12 mujeres que, dijo, fueron recibidos por los “órganos de seguridad ciudadana, quienes aplicaron los protocolos correspondientes”.
Estos vuelos, de acuerdo al Ejecutivo de Nicolás Maduro, forman parte de la Gran Misión Vuelta a la Patria, un programa gubernamental que facilita el retorno voluntario de migrantes.
El plan se retomó en febrero de este año, luego de que Caracas y Washington, sin relaciones diplomáticas desde 2019, suscribieran un acuerdo de deportación el pasado enero.
EL HERALDO S.A. Prohibida la reproducción y utilización, total o parcial, de los contenidos en cualquier forma o modalidad, sin previa, expresa y escrita autorización, incluyendo su mera reproducción y/o puesta a disposición con fines comerciales, directa o indirectamente lucrativos. 2000 - 2024 ©
PBX: (57) (5) 3715000 Línea de atención: (57) (5) 3855050 / 018000 512200 Calle 53B N° 46 - 25, Barranquilla - Atlántico Bogotá: 3204982967",2025-11-08T03:24:09Z,Agencia EFE,Colombia,El Heraldo
Organizaciones de venezolanos en Barranquilla refuerzan el acompañamiento a su comunidad,https://www.elheraldo.co/atlantico/2026/01/03/organizaciones-de-venezolanos-en-barranquilla-refuerzan-el-acompanamiento-a-su-comunidad/,"Muchos venezolanos llegaron a pensar que la dictadura en Venezuela sería como la que atraviesa Cuba: de muchos años. Sin embargo, este sábado 3 de enero este pensamiento cambió en un santiamén luego de que el presidente de Estados Unidos , Donald Trump, anunciara a través de la red social X que capturó a Nicolás Maduro y a su esposa, Cilia Flores.
Desde la madrugada de este tercer día del 2026, un sentir de libertad y esperanza invadió no solo a los venezolanos que residen en su país natal, sino también a aquellos que hace tiempo decidieron emigrar a otros lares impropios en busca de hacer una vida alejados de la dictadura .
Pilín León, presidenta de Venezolanos en Barranquilla, también prefiere calificar este suceso como la oportunidad de tener un nuevo aliento: “no solamente era la esperanza, sino el aliento, que a veces se desinfla, y esta otra vez volvimos a respirar y a tomar este aliento para salir, no solamente de Maduro, sino de todos los demás, porque eso es importante”.
“La gente va a esperar cuáles son las próximas acciones y, una vez que vean consolidada una acción verdadera de salida y de anulación de los cuerpos de seguridad del narcorrégimen, va a haber un regreso, sobre todo de la población más vulnerable, que va a buscar su terruño, su casa, las poquitas cosas que dejaron en el país”, informó.
La presidenta Pilín informó a esta casa editorial que, hasta el momento, están desplegando un apoyo a la comunidad venezolana en Barranquilla a través de desmantelar información falsa. Con su programa ‘Con pie derecho’ , han compartido información veraz, verídica, auténtica y verificada sobre la coyuntura.
“Estamos articulando no solamente con los generadores de opinión, sino con los medios de comunicación legítimos y veraces, para que lo que se difunda por redes sociales —que es muy susceptible a fake news , a inundación de bots por parte de quienes buscan generar desinformación— pueda ser contrarrestado con información veraz. Este es nuestro primer paso”, aclaró.
Puso de presente que, una vez se conozca las próximas acciones, se reunirá con su equipo para definir el siguiente paso. De esta manera, reiteró su llamado a la prudencia , puesto que les preocupa que los órganos de represión venezolanos estén activos y se genere una persecución, capturas masivas, detenciones, arbitrariedades y torturas para buscar a los líderes de la oposición al régimen dictatorial.
“Vamos, por lo pronto, a estar muy unidos, tratando de orientar a la gente para ver las próximas disposiciones que pudiera sugerir María Corina Machado, que es la líder luego del presidente. Esperamos ver qué directrices hay para, de una u otra manera, hacerlo de forma pacífica, recordando que nosotros no somos políticos ni nada de eso, pero estamos del lado de la democracia, del lado de los venezolanos, del lado de la humanidad”, sentenció Thailer Fiorillo, presidente de la fundación.",2026-01-03T16:26:49Z,Linda Donado,Colombia,El Heraldo
Un avión con 128 venezolanos repatriados llega a Venezuela desde Estados Unidos,https://www.elheraldo.co/mundo/2026/01/26/un-avion-con-128-venezolanos-repatriados-llega-a-venezuela-desde-estados-unidos/,"El avión fue operado por la aerolínea estadounidense Eastern Airlines y aterrizó en el Aeropuerto Internacional Simón Bolívar de Maiquetía, que sirve a la ciudad de Caracas, según imágenes del Ministerio de Interior y Justicia publicadas en su cuenta de Instagram.
Este vuelo es el número 103 desde que Caracas y Washington suscribieron un acuerdo migratorio a inicios del año pasado, que se mantuvo incluso en medio de las tensiones por el despliegue militar estadounidense en el mar Caribe.
El pasado viernes, un total de 182 migrantes venezolanos regresaron a su país en un vuelo de repatriación proveniente de Arizona, Estados Unidos, informó entonces el programa gubernamental Gran Misión Vuelta a la Patria.",2026-01-26T22:17:07Z,Agencia EFE,Colombia,El Heraldo
Presidente electo de Chile propone crear un “corredor” para devolver a los migrantes a sus países de origen,https://www.elheraldo.co/mundo/2025/12/16/presidente-electo-de-chile-propone-crear-un-corredor-para-devolver-a-los-migrantes-a-sus-paises-de-origen/,"El presidente electo de Chile, José Antonio Kast , propuso crear un “ corredor humanitario ” para devolver a los migrantes a sus países de origen, durante una conferencia de prensa ofrecida este martes en Buenos Aires, donde mantuvo un encuentro con el presidente argentino, Javier Milei.
La migración “ha afectado gravemente a nuestra nación, que tenía un nivel de desarrollo económico importante, lo cual la hace atractiva a muchas personas que vienen huyendo de países que han destruido su economía y que vienen de ahí porque no tienen destino”, agregó.
“La invitación es que, si alguien quiere estar en Chile y está en situación irregular, tome sus cosas, se vaya y después postule a ingresar de nuevo con todos los papeles en regla, como corresponde”, dijo Kast.
El presidente electo de Chile defendió durante su campaña medidas como la construcción de muros y vallas en las fronteras del país, el uso de la violencia contra el narcotráfico, una reducción millonaria del gasto público y la expulsión masiva de los migrantes irregulares que se encuentran en Chile.
En su plan denominado ‘Escudo Fronterizo’, con claras similitudes con la política del presidente estadounidense, Donald Trump, llevada a cabo por el Servicio de Control de Inmigración y Aduanas (ICE), defiende la instalación de muros de más de 5 metros de altura, zanjas, drones con reconocimiento facial y radares térmicos.",2025-12-16T19:57:38Z,Agencia EFE,Colombia,El Heraldo
"EE. UU. ha enviado esta semana a 22 migrantes cubanos a base naval en Guantánamo, según NYT",https://www.elheraldo.co/mundo/2025/12/17/ee-uu-ha-enviado-esta-semana-a-22-migrantes-cubanos-a-base-naval-en-guantanamo-segun-nyt/,"Los detenidos fueron trasladados desde Luisiana a la base naval en un vuelo chárter del Servicio de Control de Inmigración y Aduanas (ICE).
El Gobierno de Estados Unidos ha trasladado esta semana a 22 inmigrantes cubanos a su base naval en Guantánamo (Cuba), según informa The New York Times (NYT).
Leer más: Trump anunciaría la guerra con Venezuela en la noche de este miércoles, según el periodista Tucker Carlson
El rotativo, que cita a fuentes familiarizadas con el asunto, indica que los hombres son los primeros cubanos trasladados a Guantánamo desde enero.
Ese mes, la Administración del presidente Donald Trump creó un centro de detención para albergar a migrantes pendientes de ser deportados de EE.UU., recuerda el periódico neoyorquino.
No olvide leer: Detienen a un joven de 22 años por el ciberataque al Ministerio de Interior francés
En concreto, los detenidos fueron trasladados desde Luisiana a la base naval en un vuelo chárter del Servicio de Control de Inmigración y Aduanas (ICE).
Cinco de los inmigrantes son “extranjeros ilegales de alta amenaza”, dijo al medio un funcionario del Departamento de Defensa que prefirió preservar su anonimato.
Lea acá: Museo del Louvre reabre parcialmente a pesar de la huelga de sus trabajadores
Según el NYT, estos cinco detenidos probablemente permanecerán en un espacio en el que antes se retenía a sospechosos de formar parte del grupo terrorista Al Qaeda.
Por su parte, la portavoz del Departamento de Seguridad Nacional (DHS), Tricia McLaughlin, indicó al rotativo que entre los detenidos en la base hay personas con “antecedentes por homicidio, secuestro, agresión, lesiones, obstrucción de la justicia y crueldad hacia un niño”.
El traslado de migrantes a Guantánamo fue ordenado por Trump tras su regreso al poder en enero, cuando decretó la construcción de un centro de detención en esa base naval en Cuba con capacidad para unas 30.000 personas.
No olvide leer: Venezuela dice que no habrá petróleo “regalado ni robado” para ningún “poder extranjero”
Muchos de los migrantes enviados a Guantánamo son venezolanos que el Gobierno de Trump vinculó con la banda del Tren de Aragua.
Hasta mayo, la Administración del republicano gastó unos 21 millones de dólares en vuelos para trasladar a apenas unos cientos de migrantes desde EE.UU. a Guantánamo, según datos del Pentágono.
EL HERALDO S.A. Prohibida la reproducción y utilización, total o parcial, de los contenidos en cualquier forma o modalidad, sin previa, expresa y escrita autorización, incluyendo su mera reproducción y/o puesta a disposición con fines comerciales, directa o indirectamente lucrativos. 2000 - 2024 ©
PBX: (57) (5) 3715000 Línea de atención: (57) (5) 3855050 / 018000 512200 Calle 53B N° 46 - 25, Barranquilla - Atlántico Bogotá: 3204982967",2025-12-17T19:57:30Z,Agencia EFE,Colombia,El Heraldo
Unos 250.000 venezolanos se quedan en la clandestinidad en EE. UU. tras perder el TPS,https://www.elheraldo.co/mundo/2025/11/07/unos-250000-venezolanos-se-quedan-en-la-clandestinidad-en-ee-uu-tras-perder-el-tps/,"Un cuarto de millón de venezolanos queda expuesto a la deportación desde la medianoche de este viernes cuando se vence el Estatus de Protección Temporal (TPS) que los protege, lo que supone un duro golpe para los migrantes que prefieren quedarse en las sombras a regresar a su país.
“No podemos regresarnos a Venezuela, allá ya no queda nada para nosotros, prefiero quedarme en la clandestinidad” , dice en una entrevista telefónica con EFE Oriana, una inmigrante venezolana que no quiere dar su apellido.
La mujer de 38 años, madre de una adolescente de 15 años, cuenta que vivió en Florida por más de cinco años, pero recientemente decidió mudarse y establecerse en otro estado, tras la decisión del Gobierno del presidente Donald Trump de poner fin al amparo a los venezolanos concedido por su antecesor.
La venezolana no quiere dar detalles sobre dónde se establecerá, o cómo se mantendrá, tras perder la autorización de empleo. Asegura que desconectará su número celular y comenzará “una nueva vida” en la clandestinidad pero aún en Estados Unidos.
“Soy consciente de que con el TPS tuvimos un privilegio frente a otros inmigrantes como los colombianos o mexicanos, pero de ellos aprendí que no hay que perder las esperanzas y que hay que aguantar hasta donde más se pueda”, manifiesta la inmigrante.
La querella legal busca proteger a dos grupos de venezolanos amparados, los de 2021, unos 250.000 a los que se les termina hoy el TPS, y los beneficiarios de la extensión de 2023, unos 350.000, que quedaron desprotegidos desde el mes pasado cuando la Corte Suprema permitió a la Casa Blanca seguir con sus planes mientras la batalla en los tribunales inferiores continúa.
El caso se encuentra en el Noveno Circuito de Apelaciones donde un panel escuchará argumentos de ambas partes, después que el Gobierno Trump recurriera un fallo de un juez federal que dictaminó que la secretaria de Seguridad Nacional, Kristi Noem , excedió su autoridad legal al terminar con el amparo y que su decisión era “arbitraria y caprichosa”.
En total son 600.000 venezolanos que desde esta medianoche quedarán en riesgo de detención y deportación inmediata, lo que supone el mayor número de personas que han perdido el TPS, en la historia del amparo.
Esta no es la primera vez que Trump se enfrasca en una pelea contra el beneficio establecido en 1990, en su primer mandato intentó terminar con la protección a inmigrantes de seis países, la mayoría centroamericanos, pero perdió la batalla legal.
La Alianza TPS también está presionando en el Congreso estadounidense a favor de varios proyectos de ley con apoyo bipartidista que otorgaría la legalización permanente a los beneficiados por el TPS de decenas de países.
Pero ambas opciones requieren tiempo, algo que los venezolanos parecen no tener ante la arremetida de las autoridades migratorias para cumplir con la meta del presidente Trump de deportar a un millón de personas en un año.
Fernando Romo, abogado de inmigración y principal asesor jurídico de la Asociación de Salvadoreños de Los Ángeles (ASOSAL), explica a EFE que los venezolanos que corren un riesgo de detención inmediata, tras perder el TPS son aquellos que tenían una orden de deportación previa.
No obstante, el jurista explica que los inmigrantes que han perdido el TPS aún tienen otras opciones como solicitar asilo, y aunque estos procesos “no son fáciles de ganar” representan una posibilidad para los venezolanos.",2025-11-07T15:40:32Z,Agencia EFE,Colombia,El Heraldo
Más de 400 gestantes migrantes recibieron atención integral en salud gracias al programa ‘Voy a Ser Mamá’,https://www.elheraldo.co/atlantico/2025/08/28/mas-de-400-gestantes-migrantes-recibieron-atencion-integral-en-salud-gracias-al-programa-voy-a-ser-mama/,"La articulación de esfuerzos entre el sector público, privado y académico permitió que 426 mujeres migrantes gestantes recibieran atención integral en salud durante el último año a través del programa ‘Voy a Ser Mamá’.
La iniciativa fue liderada por la Fundación Santo Domingo , con el apoyo de la Secretaría Distrital de Salud de Barranquilla, MiRed IPS, la Universidad Simón Bolívar y la asesoría técnica de la organización Instiglio. El proyecto se desarrolló bajo un esquema innovador de Contrato Basado en Desempeño (CBD), también conocido como Pago por Resultados, consolidándose como un modelo replicable en ciudades con altos costos de atención a gestantes migrantes en condición irregular.
“La inversión social, tanto pública como privada, se está transformando para responder a los desafíos de este siglo. La Financiación Basada en Resultados es uno de los mecanismos con los que, desde la Fundación Santo Domingo, estamos movilizando innovación financiera en sectores como empleo, medioambiente, educación y salud. Voy a Ser Mamá es un piloto que reafirma nuestro compromiso de impulsar proyectos que generen bienestar en las familias y abran camino a modelos replicables que fortalezcan el sistema de salud en territorios con alta recepción de migración”, afirmó Daniel González, director de Inversión de Impacto de la Fundación Santo Domingo.
La Secretaría Distrital de Salud destacó como resultado positivo la reducción del 100% de la mortalidad materna directa evitable en las gestantes migrantes, gracias a la articulación lograda entre los distintos actores.
“Es una experiencia muy exitosa que coloca a Barranquilla nuevamente como referente de que, cuando se unen esfuerzos, es posible transformar de manera positiva, no solo en los indicadores y metas, sino en la salud y bienestar de las personas avanzando en su política de atención a otro nivel”, expresó Carlos Cervantes , secretario de Salud (e) de Barranquilla.
Durante la implementación se garantizó atención médica integral a las gestantes migrantes venezolanas, quienes recibieron controles de enfermería, psicología, ginecología y obstetricia, medicina general, odontología, nutrición y dietética, con acompañamiento interdisciplinario de MiRed IPS.
“El proyecto permitió garantizar acceso a la Ruta Materno Perinatal a 426 gestantes venezolanas irregulares durante el periodo contractual. Este piloto, además de contribuir al mejoramiento de los indicadores de la ciudad, consolida el modelo de salud inclusivo de Barranquilla, en el cual se llega a personas y familias de alta vulnerabilidad, salvando vidas y mejorando las condiciones de acceso a través de servicios integrales de salud y con calidad”, señaló Hernán Valle, coordinador de Ginecología de MiRed IPS.
La Universidad Simón Bolívar cumplió un rol clave en el seguimiento de los indicadores del programa, aportando rigor académico para evaluar los resultados y proponer mejoras que permitan replicar la experiencia en otros territorios del país.
“Aunque sea un piloto, este proyecto es un ejemplo de prácticas innovadoras, de intervención de gran impacto, y lo podemos presentar ante la comunidad internacional como un referente”, manifestó José Rafael Consuegra, rector encargado de Unisimón.
Por su parte, Instiglio sistematizó la experiencia y consolidó un documento con las principales lecciones aprendidas, con el fin de que este modelo sirva de referente para otras ciudades de Colombia y la región.
“Este proyecto representa un hito para el sistema de salud en Colombia y una oportunidad única. Al ser la primera vez que se implementa un programa de este tipo en el país, esta experiencia abrió una ventana para repensar cómo se incentiva la atención preventiva en contextos altamente regulados. Aunque se identificaron oportunidades de mejora, el piloto demuestra que alinear el enfoque hacia resultados puede transformar rutas de atención, cambiar comportamientos de prestadores de salud y, sobre todo, salvar vidas”, concluyó Sebastián Chaskel, socio adjunto de Instiglio.
El piloto de ‘Voy a Ser Mamá’ marca un hito en Barranquilla, dejando como legado una hoja de ruta para replicar soluciones sostenibles que fortalezcan el sistema de salud colombiano y contribuyan a la construcción de un futuro más justo y equitativo.",2025-08-28T19:48:14Z,Redacción Locales,Colombia,El Heraldo
Madres venezolanas piden audiencia con Melania Trump por el regreso de 66 niños desde Estados Unidos,https://www.elheraldo.co/mundo/2025/08/19/madres-venezolanas-piden-audiencia-con-melania-trump-por-el-regreso-de-66-ninos-desde-estados-unidos/,"Un grupo de madres venezolanas pidió este martes en Caracas una audiencia con la primera dama de EE.UU., Melania Trump, para solicitar su intervención en el caso de 66 niños migrantes que consideran “secuestrados” por Washington, al que acusan de separarlos de sus padres deportados del país norteamericano.
Las mujeres hicieron la petición en una declaración transmitida por la estatal Venezolana de Televisión (VTV) , en la que estuvieron acompañadas por la presidenta del programa gubernamental Misión Vuelta a la Patria, Camila Fabri, y mostraron carteles con la frase “MelaniaFreeOurChilden” (Melania libera a nuestros niños).
“Hemos convocado a esta rueda de prensa para solicitar públicamente a Melania Trump (que) nos permita tener una audiencia con ella. Ha manifestado preocupación por la infancia en otras latitudes, queremos que voltee su mirada a estos niños y poder plantear soluciones que erradiquen esta terrible situación”, expresó Thais Beleño, una de las representantes del denominado ‘Movimiento de Madres Heroínas’.
“Señora Melania, usted es madre y ha abogado públicamente por el bienestar de los niños en el mundo. Le pedimos como madres que eleve nuestra voz, que ayude a nuestros niños a regresar a sus hogares, que sea un puente para la justicia y la humanidad que usted misma invoca”, señala parte de la misiva leída.
“Sí, son secuestrados porque han sido separados a la fuerza de los brazos de sus mamás y han sido entregados a otras familias que son pagadas para cuidar los bebés, que no quieren ni siquiera soltarlos”, argumentó.
El pasado 18 de julio, las autoridades de Venezuela dijeron haber recibido a 7 de los 31 menores. Los pequeños llegaron en un avión el mismo día que retornaron al país los 252 migrantes deportados en marzo de EE.UU. a El Salvador, donde fueron encarcelados bajo acusaciones de presuntamente pertenecer a la banda trasnacional Tren de Aragua.",2025-08-19T20:40:11Z,Agencia EFE,Colombia,El Heraldo
Supremo mantiene veto que impide a Trump usar ley de guerra para deportar venezolanos,https://www.elheraldo.co/mundo/2025/05/16/supremo-mantiene-veto-que-impide-a-trump-usar-ley-de-guerra-para-deportar-venezolanos/,"El Tribunal Supremo de Estados Unidos decidió este viernes mantener el bloqueo que impide al presidente, Donald Trump , utilizar la Ley de Enemigos Extranjeros, una legislación usada en tiempos de guerra, para deportar a migrantes venezolanos a los que acusa de ser criminales.
El alto tribunal estipuló que el bloqueo permanecerá vigente mientras un tribunal inferior, la Corte de Apelaciones del Quinto Circuito , examina las alegaciones presentadas por migrantes y defensores de los derechos humanos.
La Administración de Trump había pedido el martes al Supremo que le permitiera reanudar la expulsión de más de 200 migrantes venezolanos que están retenidos en un centro de detención de Texas y a quienes acusa de ser miembros de la banda criminal del Tren de Aragua.
El Gobierno republicano ha intentado invocar la Ley de Enemigos Extranjeros de 1798, diseñada para tiempos de guerra, para acelerar los procesos de deportación, argumentando que Estados Unidos sufre una “invasión”, pero ha habido una disputa legal al respecto.
Estados Unidos tiene un acuerdo con el Gobierno de El Salvador para utilizar la cárcel de máxima seguridad del país centroamericano, el Cecot, para encarcelar allí a migrantes detenidos en territorio estadounidense.
El Gobierno de Trump ha enviado a esta cárcel a más de 200 migrantes, en su mayoría venezolanos, acusándolos de pertenecer al Tren de Aragua, pero según sus familias y análisis independientes, la gran mayoría no tiene antecedentes penales.",2025-05-16T22:48:32Z,Agencia EFE,Colombia,El Heraldo
Nuevo fallo impide que el gobierno Trump invalide los permisos legales de 5.000 venezolanos,https://www.elheraldo.co/mundo/2025/05/31/nuevo-fallo-impide-que-el-gobierno-trump-invalide-los-permisos-legales-de-5000-venezolanos/,"El juez Edward Chen concluyó en un fallo emitido el viernes por la noche que la secretaria de Seguridad Nacional, Kristi Noem, se excedió en su autoridad al invalidar dichos documentos en febrero, a la vez que cancelaba el estatus de protección temporal otorgado a los venezolanos.
Sin embargo, el alto tribunal declaró específicamente que no impedía que ningún venezolano siguiera impugnando la decisión de Noem de invalidar los documentos que les fueron emitidos conforme a dicho programa, el cual les permitía trabajar y vivir en Estados Unidos.
Dichos documentos se emitieron después de que el Departamento de Seguridad Nacional de EE. UU., en los últimos días del mandato del presidente demócrata Joe Biden, extendiera el programa TPS hasta octubre de 2026, una medida que Noem posteriormente intentó revertir.
Abogados de varios venezolanos, así como la organización National TPS Alliance, pidieron al juez Chen que reconociera la validez continua de esos documentos, argumentando que sin ellos, muchos migrantes podrían perder sus empleos o ser deportados.",2025-05-31T21:25:23Z,Agencia EFE,Colombia,El Heraldo
"A una semana de los terremotos en Venezuela, atlanticenses aún buscan a sus familiares y persisten los obstáculos para enviar ayudas",https://www.elheraldo.co/atlantico/2026/07/01/a-una-semana-de-los-terremotos-en-venezuela-atlanticenses-aun-buscan-a-sus-familiares-y-persisten-los-obstaculos-para-ayudar/,"Ha transcurrido una semana desde que ocurrió lo inimaginable en Venezuela: dos terremotos de magnitud 7,2 y 7,5 derrumbaron docenas de edificios en el estado costero La Guaira, así como en otras zonas de la nación.
El panorama es desalentador: los fallecidos y heridos siguen en aumento. No obstante, la ayuda humanitaria internacional ha traído esperanza para las familias mayormente golpeadas, así como para aquellos que aún se encuentran aprisionados y están a la espera de ser rescatados.
Entretanto, en Barranquilla y el departamento se doblegan los esfuerzos para apoyar a los territorios duramente afectados. Thailer Fiorillo, director y presidente de la fundación De Panas Que Sí en Barranquilla , destacó el apoyo que han tenido de la ciudadanía y de las autoridades locales, así como de empresas privadas, para enviar las donaciones.
No obstante, indicó que el Gobierno Nacional de Venezuela ha puesto trabas para que lleguen los insumos: “ha sido difícil que llegue la ayuda por otros medios debido a todas las trabas que están poniendo para que la gente pueda bajar a La Guaira. Están pidiendo salvoconductos, un permiso para que se pueda viajar a esta zona. Ellos deciden quiénes entran y quiénes no”.
Precisó que, además, el Gobierno Nacional apareció días después en los lugares con mayor afectación: “llegaron imponiendo trabas para que, inclusive, el mismo pueblo fuera a rescatar a sus hermanos venezolanos”, aseguró Fiorillo.
Con respecto a las herramientas digitales para reportar y/o buscar a los seres queridos desaparecidos, señaló que ha tenido un alcance positivo; sin embargo, muchas personas no han podido acceder a la información porque en Venezuela no tienen computadores ni celulares.
“Cuando llegan a los centros de acopio o a los hospitales, realmente no hay un liderazgo como tal . Inclusive, están anotando toda esa información en papel y lápiz para después pasarla al sistema”, puntualizó el encargado.
Por otra parte, hay familiares que siguen bajo el desespero de encontrar a sus seres queridos que terminaron afectados en Venezuela. La familia de Campo de la Cruz que atraviesa un duelo por el fallecimiento de uno de sus integrantes, Erinson Alfaro, también lidia con la desaparición de otros parientes: Kimberly, Cadely y Reiver, los nietos de Erinson .
En conversación con Keiver Alfaro, hijo del fallecido, los tres pequeños siguen sin dar señales de vida, aunque reveló que recientemente sus nombres aparecieron en una lista de personas que habían sido encontradas con vida. Esto les produjo esperanza, pero no cuentan con otra prueba que les confirme su paradero.
Por otra parte, desde el sur de Barranquilla, la familia de Gloria Bustamante aún no recibe noticias de sus dos sobrinas Katherine Elisa Flores Martínez, de nacionalidad colombiana, y Cindy Pérez Martínez, venezolana , quienes tenían su vivienda en un conjunto residencial de La Guaira. Y una de ellas vivía en la primera planta.
Finalmente, en Santa Marta hay profundo dolor por el fallecimiento de Natalia Fernández, la mujer de 34 años de edad que estaba desaparecida bajo los escombros del condominio vacacional de Tucacas (estado Falcón), Venezuela, en el que estaba con su familia.
Rescatistas lograron la remoción de los escombros del edificio y, luego de cuatro días de haberse registrado los dos devastadores terremotos, pudieron encontrar el cuerpo ya sin vida de Natalia Fernández.
Su hermana, Marcela Fernández, quien meses atrás había sido donante de un riñón a Natalia, confirmó la lamentable noticia en sus redes sociales. “Nati se nos fue”, escribió junto a una fotografía de la víctima mortal de esta emergencia.",2026-07-01T05:00:00Z,Linda Donado,Colombia,El Heraldo
"Más de ocho millones de venezolanos se han alistado en la milicia, según Maduro, ante despliegue de buques de EE. UU.",https://www.elheraldo.co/mundo/2025/09/01/mas-de-ocho-millones-de-venezolanos-se-han-alistado-en-la-milicia-segun-maduro-ante-despliegue-de-buques-de-ee-uu/,"El presidente venezolano, Nicolás Maduro , aseguró este lunes que 8.200.000 personas están alistadas para defender a Venezuela en medio de las tensiones con Estados Unidos, país que ha desplegado buques en el mar Caribe, cerca de las costas venezolanas, bajo el argumento de combatir el narcotráfico.
En una rueda de prensa internacional, Maduro indicó que el alistamiento “va a ser continuo” y “permanente” y agregó que la Fuerza Armada Nacional Bolivariana (FANB) o autoridades de su Gobierno informarán sobre los puntos de inscripción para tal fin.
El mandatario aseguró que “hay mucha gente que se quiere alistar” y que las jornadas de inscripción, que se realizaron el pasado 23 y 24 de agosto, y continuaron el viernes y sábado, han sido insuficientes -según dijo- ante el “consenso nacional de alistarse para defender a la patria”.
Además, anunció que decidió crear la ‘Unidad comunal miliciana de combate’ en el país que, detalló, englobará una estructura llamada “base popular de defensa integral ”, que son “15.751 bases populares de defensa integral”, lo que permitirá, apuntó, la reorganización de “manera dinámica” de los 8.200.000 personas que están alistadas.
“Si Venezuela fuera agredida, pasaría inmediatamente al período de lucha armada, en defensa del territorio nacional y de la historia y del pueblo de Venezuela, y declararíamos constitucionalmente a la República en armas”, manifestó Maduro.
Maduro denunció que EE. UU. ha desplegado ocho barcos militares con 1.200 misiles y un submarino nuclear que “apuntan” a su país, lo que calificó como una “amenaza extravagante, injustificable , inmoral y absolutamente criminal” que considera “comparable” con la crisis de 1962 en Cuba , cuando la extinta Unión Soviética trató de instalar misiles nucleares de alcance medio en Cuba, lo que provocó una crisis con EE. UU. que puso a las dos superpotencias al borde del conflicto atómico.",2025-09-01T22:46:21Z,Agencia EFE,Colombia,El Heraldo
"Proponen política de integración para migrantes de La Pista, en La Guajira",https://www.elheraldo.co/la-guajira/2025/09/04/proponen-politica-de-integracion-para-migrantes-de-la-pista-en-la-guajira/,"En el marco de la Decimoquinta Cumbre Global sobre Migración y Desarrollo que se realizó en Riohacha , La Guajira, el procurador delegado para la Defensa de los Derechos Humanos, Néstor Osuna, expresó que se necesita una política de integración para los migrantes que están en el asentamiento de La Pista , en el municipio fronterizo de Maicao.
Agregó que para que esta última se exitosa, “se requieren de múltiples actuaciones coordinadas de varios países que compartan un enfoque de derechos humanos , de modo que quienes migraron quieran volver, se sientan seguros al hacerlo y puedan efectivamente rehacer con dignidad sus vidas en sus lugares de origen. Eso no se ve cercano el panorama internacional actual”.
Durante su intervención, el representante del Ministerio Público, compartió la experiencia de Colombia en la atención de poblaciones migrantes y en el fortalecimiento de políticas públicas con enfoque de derechos.
El acto se llevó a cabo en el propio asentamiento de La Pista, donde habitan migrantes venezolanos, comunidades wayuu y familias retornadas. Allí, autoridades locales, nacionales e internacionales, junto con la comunidad, celebraron este paso trascendental que convierte al sector en un símbolo de integración, convivencia y transformación social.
Este proceso busca transformar la vida de miles de familias a través de vivienda digna y segura , con avances en la legalización urbanística y el mejoramiento de hogares; acceso a servicios básicos esenciales como agua potable, electricidad, alcantarillado y saneamiento; convivencia pacífica e integración comunitaria, con la creación de Comités de Barrios de Paz que fortalezcan el tejido social y la seguridad.",2025-09-04T01:30:18Z,Julio César González,Colombia,El Heraldo
Trump aseguró que proceso de verificación de venezolanos del Tren de Aragua deportados fue “riguroso”,https://www.elheraldo.co/mundo/2025/03/21/trump-aseguro-que-proceso-de-verificacion-de-venezolanos-del-tren-de-aragua-deportados-fue-riguroso/,"El sábado, Estados Unidos expulsó y entregó a El Salvador a más de 200 migrantes venezolanos, a quienes acusa de pertenecer a la banda.
El presidente de Estados Unidos, Donald Trump , afirmó este viernes que los migrantes venezolanos deportados y encarcelados en El Salvador fueron sometidos a un proceso “muy riguroso” para verificar que formaran parte de la banda de crimen transnacional Tren de Aragua.
Leer también: Modelo reportada como desaparecida fue hallada con los brazos y piernas rotas
”Me dijeron que pasaron por un proceso de revisión muy riguroso y que eso continuará en El Salvador ”, dijo Trump en declaraciones a periodistas desde el Despacho Oval.
”Seguiremos con ese proceso (de revisión), sin duda. No queremos cometer ese tipo de error”, añadió el mandatario.
Trump respondió así a las informaciones de allegados y abogados de algunos de los más de 200 deportados, que aseguran que los migrantes no formaban parte de ninguna organización criminal, no tenían antecedentes y que fueron detenidos por sus tatuajes.
”Si hay algo así, por supuesto que queremos saberlo”, dijo Trump, que sin embargo aseguró que se trata de “un grupo malo, un grupo realmente peligroso”.
El sábado, Estados Unidos expulsó y entregó a El Salvador a más de 200 migrantes venezolanos, a quienes acusa de pertenecer al Tren de Aragua.
Importante: Renunció el cónsul colombiano en México tras ser suspendido de su cargo
Los deportados fueron encarcelados en prisiones para pandilleros bajo el Gobierno de Nayib Bukele , que recibió unos 6 millones de dólares de Washington para su reclusión durante un año.
El Gobierno de Estados Unidos no ha hecho públicas las identidades de los migrantes, ni pruebas sobre su supuesta asociación con grupos criminales.
EL HERALDO S.A. Prohibida la reproducción y utilización, total o parcial, de los contenidos en cualquier forma o modalidad, sin previa, expresa y escrita autorización, incluyendo su mera reproducción y/o puesta a disposición con fines comerciales, directa o indirectamente lucrativos. 2000 - 2024 ©
PBX: (57) (5) 3715000 Línea de atención: (57) (5) 3855050 / 018000 512200 Calle 53B N° 46 - 25, Barranquilla - Atlántico Bogotá: 3204982967",2025-03-21T16:41:14Z,Agencia EFE,Colombia,El Heraldo
Exigen a EE. UU. y El Salvador cumplir con el debido proceso con migrantes,https://www.elheraldo.co/mundo/2025/03/22/exigen-a-ee-uu-y-el-salvador-cumplir-con-el-debido-proceso-con-migrantes/,"La ONG venezolana Provea exigió este viernes a las autoridades de Estados Unidos y El Salvador cumplir con el debido proceso con los migrantes deportados el pasado fin de semana hasta la nación centroamericana, bajo la acusación de ser presuntos miembros de la organización criminal Tren de Aragua.
A través de una publicación en X, la organización exhortó a revisar los procedimientos de deportación y expulsión, “asegurando que se evalúe cada caso con base en el derecho a solicitar asilo, se prorroguen los procedimientos especiales de permisos temporales que en sí mismos ya poseen una rigurosa evaluación a quienes se les han otorgado y otros mecanismos de protección internacional”.
Igualmente, pidió condiciones “dignas” en los centros de reclusión y acceso a “asistencia humanitaria”, así como “protección especial” para grupos vulnerables, incluyendo menores de edad, mujeres, personas solicitantes de asilo y personas “de condiciones diferenciadas”.
Provea señaló que la “deportación masiva e indiscriminada” de venezolanos desde Estados Unidos a El Salvador, sin evaluar “adecuadamente sus circunstancias individuales, viola el principio de no devolución y las garantías procesales, y los expone a mayor vulnerabilidad, especialmente ante la grave situación de derechos humanos y política que enfrenta Venezuela”.
El presidente de Estados Unidos, Donald Trump , afirmó este viernes que los migrantes venezolanos deportados y encarcelados en El Salvador fueron sometidos a un proceso “muy riguroso” para verificar que formaran parte de la banda de crimen transnacional Tren de Aragua.
El jueves, el presidente del Parlamento venezolano, el chavista Jorge Rodríguez, anunció que la Administración de Nicolás Maduro , quien juró para un tercer mandato tras su cuestionada reelección, está contactando a “los mejores bufetes en materia de migración” en EE.UU. para que representen al país caribeño y a “todos y cada uno de los migrantes” nacionales.
Asimismo, aseguró, tras un encuentro de Maduro con familiares de los deportados hasta la nación centroamericana, que ya han “contratado a los mejores bufetes de abogados en El Salvador para que defiendan” y “logren la libertad” de las más de 200 personas deportadas el pasado fin de semana a ese país, donde denunció que están “secuestrados”.",2025-03-22T00:39:11Z,Agencia EFE,Colombia,El Heraldo
Aterriza en Venezuela un avión con 175 migrantes deportados por EE. UU.,https://www.elheraldo.co/mundo/2025/03/31/aterriza-en-venezuela-un-avion-con-175-migrantes-deportados-por-ee-uu/,"Un avión estadounidense con 175 migrantes de Venezuela deportados por Washington aterrizó este domingo en el país caribeño, 54 personas menos de lo previsto, según la Administración de Nicolás Maduro , que atribuye la diferencia a un “gran desorden” por parte de las autoridades norteamericanas.
El vuelo llegó pasadas las 14.00 hora local (18.00 GMT) al aeropuerto internacional Simón Bolívar de Maiquetía -que sirve a Caracas-, en el estado costero de La Guaira (norte), donde se encontraba el titular de Interior, Diosdado Cabello , quien indicó que, entre los deportados, hay “alguien de peso reclamado por la Justicia venezolana”, aunque aclaró que no es un miembro de la organización criminal transnacional Tren de Aragua.
El ministro expresó que estos 175 migrantes, entre ellos 11 mujeres, fueron “repatriados desde los Estados Unidos luego de haber sido sometidos allá, como han sido sometidos todos los venezolanos, a una persecución, a un maltrato, señalados todos de ser del Tren de Aragua”, una banda transnacional que nació en una cárcel del país suramericano y que el Gobierno del presidente estadounidense, Donald Trump, señala como terrorista.
Por otra parte, explicó que “hay una comunicación directa” entre las autoridades de ambos países y que, para este último vuelo, se tramitaron los permisos que permitieron la operación, entre ellos, el relacionado con el sobrevuelo de un avión estadounidense sobre territorio venezolano.
En total, 1.471 venezolanos han retornado a su país desde el pasado febrero, como parte, según Caracas, de una nueva fase del programa gubernamental de repatriación Vuelta a la Patria, creado en 2018, y en coordinación con EE.UU. y otros países como México y Honduras, que ha servido como puente.
Este nuevo vuelo llega poco después de que Washington notificara a los socios de la petrolera estatal venezolana Pdvsa, entre ellos la española Repsol, que sus permisos para exportar crudo y derivados del país caribeño quedaban cancelados, según informaron en las últimas horas medios estadounidenses.
Entretanto, Caracas mantiene el reclamo de conocer la lista de los más de 200 migrantes deportados hace dos semanas por EE.UU. a El Salvador, bajo la acusación de pertenecer supuestamente al Tren de Aragua, lo que Cabello calificó este domingo como una “violación flagrante y continuada de los derechos humanos” de esas personas.",2025-03-31T00:40:39Z,Agencia EFE,Colombia,El Heraldo
Defensoría del Pueblo advierte que el país enfrenta retorno masivo de migrantes sin garantías,https://www.elheraldo.co/colombia/2025/06/21/defensoria-del-pueblo-advierte-que-el-pais-enfrenta-retorno-masivo-de-migrantes-sin-garantias/,"En Colombia , donde más de 11 millones de personas han sido forzadas a huir de sus hogares por el conflicto armado interno, crecen los riesgos que enfrentan los migrantes retornados , especialmente de nacionalidad venezolana , que vuelven a ingresar al país tras recorrer sin éxito la larga ruta hacia Estados Unidos .
“Estamos viendo un aumento de lo que llamamos migración inversa, personas que tras intentar llegar al norte del continente ahora regresan sin garantías, muchas veces víctimas de violencia, trata o naufragios”, advirtió en un declaraciones a ‘Efe’ la defensora del pueblo , Iris Marín .
Uno de los principales corredores de retorno para los migrantes que cruzan la selva del Tapón del Darién comienza en el poblado panameño de La Miel y termina en el corregimiento de Capurganá, municipio de Acandí, en el departamento del Chocó.
Este último punto marca el final del trayecto selvático de una de las rutas más peligrosas del continente, que hasta hace poco era recorrida por cientos de miles de personas en dirección a Estados Unidos, pero que hoy, debido a las restricciones migratorias del gobierno de ese país, comienza a ser transitada en sentido inverso por quienes retornan sin haber logrado su objetivo.
Desde Capurganá, los migrantes cruzan por mar el golfo de Urabá hasta llegar al puerto de Necoclí, en el departamento de Antioquia, donde suelen buscar vías de transporte hacia otras ciudades del interior del país.
Este corredor marítimo se ha convertido en una ruta crítica para el retorno, pero también evidencia los vacíos institucionales en materia de atención humanitaria, especialmente en lugares apartados y de difícil acceso, como Capurganá y Necoclí.
A pesar de que los datos oficiales de tránsito por el Darién los divulgan mensualmente las autoridades panameñas, Migración Colombia advirtió de la entrada al país de 10.246 migrantes en tránsito inverso entre enero y mayo de 2025, lo que supone más de 80 personas al día que vuelven a Colombia.
En este contexto, preocupa el cierre este lunes de la oficina de Agencia de la ONU para los Refugiados (ACNUR) en Apartadó (Antioquia), una de las zonas más críticas del país para la atención de población migrante, desplazada y retornada.
Por su parte, la Defensoría del Pueblo informó que entre enero y febrero de este año, más de 1.800 personas retornaron por mar desde Panamá, en su mayoría hombres, mujeres y menores de edad venezolanos.
A propósito del Día Mundial del Refugiado, que se conmemora este viernes, el Consejo Noruego para Refugiados advirtió que 60 de cada 100 jóvenes refugiados y migrantes en Colombia enfrentan serias barreras para acceder a empleos dignos o emprender.
“La solidaridad del país debe traducirse en oportunidades reales para que estas personas puedan construir una vida digna y productiva”, manifestó el director de NRC en Colombia, Giovanni Rizzo, al instar al Estado y al sector privado a invertir en inclusión económica.",2025-06-21T00:47:58Z,Agencia EFE,Colombia,El Heraldo
Fiscalía de Venezuela abre investigación contra Bukele por presunta tortura contra migrantes,https://www.elheraldo.co/mundo/2025/07/21/fiscalia-de-venezuela-abre-investigacion-contra-bukele-por-presunta-tortura-contra-migrantes/,"El fiscal general de Venezuela, Tarek William Saab , anunció este lunes que su despacho comenzará una investigación contra el presidente de El Salvador , Nayib Bukele , por la presunta tortura y tratos crueles contra los 252 migrantes venezolanos que fueron liberados el viernes de una cárcel de máxima seguridad del país centroamericano.
“Hemos decidido abrir una investigación formal, con el número de expediente respectivo, con los tres fiscales nacionales designados a los siguientes funcionarios de El Salvador: a Nayib Armando Bukele, sátrapa que viola la propia Constitución salvadoreña y se llama así mismo presidente de El Salvador”, indicó el funcionario desde la sede de la Fiscalía, en Caracas.
Saab indicó que estos tres funcionarios serán investigados por los presuntos delitos de “tortura, tratos crueles, tratos inhumanos o degradantes, desaparición forzada, privación ilegítima de libertad y asociación para delinquir”.
El fiscal indicó que Venezuela puede iniciar esta investigación por el “estatus legal” que le da la Convención contra la Tortura y Otros Tratos o Penas Crueles, Inhumanos o Degradantes, y la Convención Internacional para la Protección de Todas las Personas contra las Desapariciones Forzadas y el Estatuto de Roma de la Corte Penal Internacional (CPI).
Saab presentó varios testimonios del grupo de migrantes que estuvieron presos desde marzo pasado en una cárcel de máxima seguridad en El Salvador, deportados por Estados Unidos, acusados de ser presuntos miembros de la banda trasnacional Tren de Aragua.
Los jóvenes, que fueron liberados el viernes pasado, relataron en vídeos presentados por el fiscal ser víctimas de torturas, malos tratos, que incluyeron impactos de perdigones, golpes, cortes, amenazas, abuso sexual y alimentación de mala calidad.",2025-07-21T20:56:51Z,Agencia EFE,Colombia,El Heraldo
Más de mil venezolanos asistieron al segundo día de entregas de PPTs,https://www.elheraldo.co/atlantico/2025/04/08/mas-de-mil-venezolanos-asistieron-al-segundo-dia-de-entregas-de-ppts/,"La jornada de entrega de Permisos de Protección Temporal (PPT) para migrantes venezolanos en Barranquilla, que comenzó este lunes 7 de abril, se desarrolló con normalidad en su segundo día de atención en el Estadio Edgar Rentería. La actividad, que se extenderá hasta el miércoles 9 de abril, mostró un incremento en la participación de los migrantes.
En el trascurso de la mañana del martes 8 de abril, se registró un aumento significativo en la asistencia . Mientras que en el primer día de la entrega fueron atendidas al rededor de 903 personas a lo largo de toda la jornada, en el segundo día , solo entre las 8:00 a.m. y las 12:00 p.m., se brindó atención a 1.200 migrantes.
Además de los certificados, la feria de servicios ofrece orientación sobre los beneficios que otorgan los PPT , incluyendo acceso a salud, educación y bancarización.  Asimismo, la Secretaría de Educación brinda información y orientación sobre la cobertura educativa disponible, según afirma Dunia Quesada, especialista en cobertura educativa de la Secretaría de Educación, quien también destacó la importancia de este servicio para facilitar la integración de los migrantes en el sistema educativo colombiano.
A pesar de que la jornada transcurrió sin mayores inconvenientes, se registró una aglomeración en la mañana del martes debido a la llegada de personas no citadas, originada por desinformación en redes sociales. Las autoridades recomiendan a los migrantes mantenerse informados a través de los canales oficiales para evitar confusiones y garantizar un proceso ordenado.
Estas jornadas de entrega de PPT son fundamentales para la regularización migratoria y la integración de los ciudadanos venezolanos en Colombia, permitiéndoles acceder a derechos y servicios esenciales en su nuevo entorno.",2025-04-08T22:29:25Z,Daniela Urrea Rojas,Colombia,El Heraldo
Llegan a Venezuela dos vuelos con deportados desde Estados Unidos,https://www.elheraldo.co/mundo/2025/02/11/llega-a-venezuela-el-primer-vuelo-con-deportados-desde-estados-unidos/,"Dos vuelos con venezolanos deportados desde Estados Unidos llegaron este lunes al Aeropuerto Internacional Simón Bolívar, que sirve a Caracas, informó Nicolás Maduro , quien juró como presidente el 10 de enero tras su cuestionada reelección.
“Acaba de aterrizar el primer avión de la línea aérea bandera de Venezuela, Conviasa, para traer de manera segura, amorosa, apropiada, digna, a este primer grupo de retornados a Venezuela”, dijo el líder chavista en su programa de televisión semanal.
Por su parte, el titular de Interior, Diosdado Cabello, recibió a los migrantes venezolanos en el aeropuerto y aseguró que organismos como la Cruz Roja Internacional se encontraban en el lugar para evaluar a los ciudadanos.
El Ministerio de Comunicación de Venezuela indicó durante la jornada que fue notificado por el Gobierno de Estados Unidos de que “algunas personas” que viajaron de regreso al país suramericano, “están presuntamente ligadas a actividades delictivas, o estarían involucradas en las acciones de la banda transnacional ‘Tren de Aragua’”.
La Administración de Trump no reconoce la legitimidad de Maduro, quien fue investido para un nuevo mandato pese a las denuncias de fraude electoral de la oposición, que reivindica la victoria de Edmundo González Urrutia.
Estos aviones de Conviasa fueron los primeros procedentes de Venezuela en aterrizar en territorio estadounidense desde 2019, después de una orden emitida por el Departamento de Transporte de EE.UU. que restringió los vuelos entre ambos países, señaló el medio estatal Venezuela News.",2025-02-11T01:47:34Z,Agencia EFE,Colombia,El Heraldo
Panamá evalúa deportar venezolanos ante aumento del “flujo migratorio inverso”,https://www.elheraldo.co/mundo/2025/02/12/panama-evalua-deportar-venezolanos-ante-aumento-del-flujo-migratorio-inverso/,"El gobierno de Panamá analiza la posibilidad de deportar a ciudadanos venezolanos en respuesta al creciente “flujo migratorio inverso” provocado por el endurecimiento de las políticas migratorias en Estados Unidos.
Debido a la falta de relaciones diplomáticas con Venezuela, el país estudia dos alternativas: enviar directamente a los migrantes a su nación de origen o trasladarlos a través de un tercer país, informó una fuente oficial panameña.
“Con Venezuela no tenemos relaciones diplomáticas, pero la Cancillería panameña efectivamente va a tratar de hacer los contactos pertinentes a través de las autoridades para lograr que ellos reciban a sus nacionales”, afirmó el ministro de Seguridad Pública, Frank Ábrego, en declaraciones a periodistas.
Panamá puso en suspenso las relaciones diplomáticas con Venezuela el pasado 29 de julio, tras la proclamación de Nicolás Maduro como presidente reelecto en los comicios celebrados un día antes, sin que el Consejo Nacional Electoral (CNE) de ese país presentara las actas que lo sustentan, y reconoció como vencedor de los comicios al líder opositor Edmundo González Urrutia.
Precisamente el paso fronterizo con Costa Rica fue reforzado este martes por las unidades del Servicio Nacional de Fronteras (Senafront) de Panamá luego de que un grupo de migrantes que retornaban de Estados Unidos intentara entrar en territorio panameño para hacer el camino a la inversa hacia sus países de origen.
Tras detectar este “flujo migratorio inverso”, las autoridades de Panamá y Costa Rica acordaron este martes trasladar a los migrantes que retornan desde el norte del continente hacia el sur a albergues en las fronteras, para luego ser devueltos a sus países de origen en aviones pagados por Estados Unidos.
En ese sentido, Ábrego dijo que la reunión con su homólogo costarricense, Mario Zamora, “permitió establecer un protocolo inicial para gestionar el retorno de migrantes irregulares, que contempla su concentración en el Centro de Atención al Migrante (Catem) en Costa Rica”.
“Ellos los van a reunir aquí en el Catem, del lado de Costa Rica, y nosotros organizaríamos para llevarlos directo hacia Metetí (en el otro extremo del país, cerca de la frontera con Colombia), precisamente para hacer el flujo inverso, solo que en este caso no fuera a través de la selva (del Darién), sino que estamos buscando la alternativa de hacerlo gracias a la cooperación de nuestro aliado estratégico (EE.UU.) en forma aérea o marítima hacia los países vecinos de donde ellos son originarios”, explicó Ábrego a los periodistas.
Recordó Ábrego que usualmente “nosotros recibimos a los migrantes irregulares en Metetí, y los traemos hasta aquí a la frontera” tico-panameña en autobuses gestionados por las autoridades de Panamá, pero que se costean los propios migrantes.
Esta nueva coordinación entre Panamá y Costa Rica ocurre después de que se detectara un “flujo migratorio inverso” que hasta ahora ha “sido lento, pero muestra una tendencia al aumento”, según un comunicado de Panamá.
Durante los últimos años el mayor flujo migratorio en Panamá se producía a través de la peligrosa selva del Darién, alcanzando en 2023 la cifra récord de más de 520.000 migrantes que cruzaron esa jungla en su camino hacia Estados Unidos.
Sin embargo, ese número cayó a más de 300.000 en 2024, una situación que el Gobierno panameño vinculó a las nuevas políticas migratorias impulsadas por el nuevo mandatario, José Raúl Mulino, entre las que se encuentran los vuelos de repatriación financiados por Estados Unidos.
Siguiendo esta tendencia, el flujo de migrantes irregulares que entran por el Darién marcó una bajada “histórica” de un 94 % en enero pasado, frente al mismo periodo de 2024, con la entrada de 2.158 migrantes frente a los 34.839 que lo hicieron en el mismo periodo del año anterior, según datos oficiales divulgados por el Servicio Nacional de Migración.",2025-02-12T04:15:07Z,Agencia EFE,Colombia,El Heraldo
Maduro dice que revocación de la licencia Chevron afectó vuelos con migrantes deportados,https://www.elheraldo.co/mundo/2025/03/09/maduro-dice-que-revocacion-de-la-licencia-chevron-afecto-vuelos-con-migrantes-deportados/,"Nicolás Maduro , quien juró como presidente el pasado 10 de enero tras su cuestionada reelección, aseguró este sábado que la decisión del Gobierno de Estados Unidos de ponerle fin a la licencia que permitía a la petrolera Chevron operar en el país caribeño afectó los vuelos de deportaciones de migrantes venezolanos.
“Ahora tenemos un problemita ahí, porque con eso que ellos hicieron han dañado las comunicaciones que habíamos abierto, y a mí me interesaban las comunicaciones que habíamos abierto, porque yo me quería traer a todos los venezolanos que tienen presos y perseguidos injustamente solo por ser migrantes”, dijo Maduro en un acto por el Día Internacional de la Mujer transmitido por el canal estatal Venezolana de Televisión (VTV).
El líder chavista indicó que esa decisión tomada por la Administración de Donald Trump “afectó los viajes” que Venezuela tenía programados con aviones de la estatal Conviasa para traer a los migrantes.
El viernes, The Wall Street Journal informó que la Administración chavista advirtió en privado al Gobierno estadounidense que no acogerá a sus propios ciudadanos deportados después de que Estados Unidos haya puesto fin a la licencia de la petrolera Chevron.
El diario, que cita fuentes conocedoras del asunto, señala que se está desgastando el acuerdo de repatriación de venezolanos posterior a la reunión de enero del enviado de Trump, Richard Grenell, con Maduro, no reconocido como presidente por EE. UU., y el asunto de Chevron ha tensado las cuerdas.
El martes, el Ejecutivo de Trump puso fin a la licencia de Chevron en Venezuela y le dio un mes, hasta el 3 de abril, para salir del país caribeño, después de que el mandatario estadounidense criticara a Maduro por no acelerar las deportaciones de indocumentados en EE. UU. tan rápido como esperaba.
En total, 366 venezolanos fueron repatriados a Venezuela desde Estados Unidos en tres vuelos en febrero. El 24 de febrero llegó a Caracas otro vuelo con 242 repatriados procedente de México, incluyendo mujeres y niños, en virtud de un acuerdo con ese país.",2025-03-09T02:24:20Z,Agencia EFE,Colombia,El Heraldo
Venezuela anuncia un acuerdo con EE. UU. para reanudar vuelos de repatriación de migrantes,https://www.elheraldo.co/mundo/2025/03/22/venezuela-anuncia-un-acuerdo-con-ee-uu-para-reanudar-vuelos-de-repatriacion-de-migrantes/,"Venezuela anunció este sábado que acordó con Estados Unidos reanudar los vuelos de repatriación de migrantes a partir de este domingo, luego de haber denunciado un bloqueo por parte del Departamento de Estado norteamericano de las operaciones de deportación.
“Venezuela informa que, en el marco del Plan Vuelta a la Patria, y con el propósito del retorno de nuestros compatriotas a su nación con resguardo de sus derechos humanos, hemos acordado reanudar con el Gobierno de los EE. UU. la repatriación de migrantes venezolanos”, indicó el representante del chavismo en las negociaciones con Washington, Jorge Rodríguez, en un comunicado publicado en Instagram.
El primer vuelo está programado para este domingo y tendrá lugar después de que Washington enviara a más de 200 migrantes venezolanos a El Salvador, detenidos por su presunta vinculación con la organización criminal Tren de Aragua.
Rodríguez insistió en que “migrar no es un delito” y que Venezuela no descansará hasta lograr el regreso de “todos quienes lo requieran” y hasta “rescatar” a los connacionales que permanecen, según ha denunciado Caracas, “secuestrados en El Salvador”.
Asimismo, anunció que la Administración de Nicolás Maduro, quien juró en enero para un tercer mandato tras su cuestionada reelección, está contactando a “los mejores bufetes en materia de migración” en EE. UU. para que representen al país caribeño y a “todos y cada uno de los migrantes venezolanos”.
Un grupo de 311 migrantes venezolanos retornó el jueves a su país en un vuelo de repatriación de la estatal Conviasa, procedente de México, según informó ese día el titular del Ministerio de Interior, Diosdado Cabello.
En total, 919 venezolanos han retornado a su país en cinco vuelos desde el pasado febrero, cuando fueron repatriados 190 en un primer momento, 176 que estaban en la base militar estadounidense de Guantánamo y más recientemente 242, también procedentes de México, según cifras oficiales.
Cabello sostuvo el jueves que “ni uno solo” de estos repatriados pertenece a la organización criminal transnacional Tren de Aragua -nacida en una cárcel de la nación caribeña y designada como grupo terrorista por la Casa Blanca-, pese a los señalamientos de Estados Unidos.",2025-03-22T16:41:36Z,Agencia EFE,Colombia,El Heraldo
Gobierno venezolano emite “alerta máxima de viaje” a Estados Unidos: “Es un país peligroso”,https://www.elheraldo.co/mundo/2025/06/02/gobierno-venezolano-emite-alerta-maxima-de-viaje-a-estados-unidos-es-un-pais-peligroso/,"La Cancillería de Venezuela emitió este domingo una “alerta máxima de viaje” para todos sus connacionales que residan en Estados Unidos o tengan previsto viajar a ese país, que Caracas considera “peligroso” y al que ya había desaconsejado visitar.
“El Gobierno Bolivariano, a través del Ministerio del Poder Popular para las Relaciones Exteriores, emite una alerta máxima de viaje para todos los compatriotas venezolanos. Estados Unidos es un país peligroso donde los derechos humanos no existen para los migrantes ”, señala un video compartido en el canal de Telegram de la cartera.
En la grabación, una portavoz del Ministerio de Exteriores insta a quienes estén pensando en viajar a territorio estadounidense a “ cancelar de inmediato” sus planes y a aquellos que ya viven allí, a “considerar” salir.
Según la declaración, “las detenciones arbitrarias, el racismo asesino y la hipocresía institucional” son las razones por las que, a juicio de Venezuela, Washington representa “una amenaza real para la vida, la libertad y la dignidad de los venezolanos y de cualquier latinoamericano”.
El pasado martes, Venezuela desaconsejó a sus ciudadanos cualquier desplazamiento hacia los Estados Unidos e instó a aquellos que residen en ese territorio a abandonarlo, luego de que la Administración de Donald Trump publicara una alerta en la que insta a los estadounidenses a no viajar - bajo ningún motivo - hacia el país caribeño.
El Departamento de Estado de EE. UU. confirmó que mantiene la alerta de viaje a Venezuela en el nivel 4, el más alto, debido -según un comunicado de ese despacho- a “graves riesgos, como detención injusta, tortura durante la detención, terrorismo, secuestro, prácticas policiales arbitrarias , delitos violentos, disturbios civiles y deficiencias en la atención médica”.",2025-06-02T12:33:15Z,Agencia EFE,Colombia,El Heraldo
Dos colombianos viajaron en vuelos de repatriación de migrantes a Venezuela,https://www.elheraldo.co/mundo/2025/03/18/dos-colombianos-entre-los-migrantes-deportados-que-ingresaron-en-vuelos-a-venezuela/,"“Esto lo voy a decir por primera vez: en los vuelos esos que llegaron, llegaron dos personas de Colombia, para que ustedes vean. Que no tienen nada que ver con Venezuela ”, indicó sin precisar en cuál de los cuatro vuelos de repatriados llegaron los dos extranjeros , quienes, según Cabello, no tienen registro de delitos en Venezuela.
En una rueda de prensa, transmitida por el canal estatal Venezolana de Televisión (VTV), el chavista informó que los colombianos fueron enviados a su país “sin maltrato de ningún tipo, sin señalarlos de ningún delito que no hayan cometido”.
Este domingo, el secretario de Estado estadounidense, Marco Rubio, anunció que, bajo la Ley de Enemigos Extranjeros, fueron enviados a El Salvador cerca de 250 personas acusadas de pertenecer al Tren de Aragua , la megabanda transnacional que nació en una cárcel de Venezuela.
En respuesta a esto, el jefe negociador del chavismo, Jorge Rodríguez , calificó este lunes el traslado de estas personas como un “vulgar secuestro” y denunció que esta operación se llevó a cabo sin garantizar sus derechos humanos ni el debido proceso.
Según fuentes oficiales, un total de 366 venezolanos fueron repatriados desde Estados Unidos en tres vuelos en febrero pasado. El 24 de ese mes, llegó a Caracas otro avión procedente de México con 242 repatriados, incluyendo mujeres y niños.",2025-03-18T01:50:27Z,Agencia EFE,Colombia,El Heraldo
Llegaron a Venezuela 199 migrantes deportados desde Estados Unidos,https://www.elheraldo.co/mundo/2025/03/24/llegaron-a-venezuela-199-migrantes-deportados-desde-estados-unidos/,"Un grupo de 199 migrantes venezolanos retornó en la madrugada de este lunes a su país en un avión procedente de Honduras, a donde habían llegado desde EE. UU. , país del que fueron deportados , informó el titular de Interior, Diosdado Cabello .
El avión de la aerolínea estatal Conviasa viene “con 199 compatriotas, 199 compañeros venezolanos que regresan a su patria”, afirmó Cabello desde el aeropuerto internacional Simón Bolívar de Maiquetía -que sirve a Caracas -, en el estado costero de La Guaira (norte), durante una transmisión de la estatal Venezolana de Televisión (VTV).
Esta es la primera operación de deportación desde que la Administración de Nicolás Maduro , quien juró para un tercer mandato tras su cuestionada reelección, anunciara la reanudación de vuelos desde Estados Unidos , luego de haber denunciado un supuesto bloqueo por parte del Departamento de Estado.
El número dos del chavismo señaló que se trata del “cuarto vuelo” que reciben con connacionales desde suelo estadounidense e indicó que los viajes han tenido “poca regularidad, no por culpa de Venezuela”.
“Se reanuda esto que en verdad no debería tener ningún tipo de problema”, añadió el funcionario, quien confirmó que los deportados partieron desde el estado de Texas con rumbo a Honduras y entre ellos llegó uno con “una lesión en una pierna”.
Insistió en que “ni uno solo” de los que han vuelto bajo esta modalidad pertenece a la organización criminal Tren de Aragua, nacida en el país caribeño, e indicó que si viniese alguno en los próximos vuelos serían “los primeros” en decirlo.
En ese sentido, cuestionó la “narrativa que han querido imponer de la violencia de los venezolanos” fuera del país y exigió al Gobierno de El Salvador que devuelva a los nacionales que, afirmó, están “secuestrados” en esa nación.
La Administración chavista ha insistido en que no descansará hasta “rescatar” a este grupo de venezolanos, para lo que, según el representante del chavismo en las negociaciones con EE.UU., Jorge Rodríguez, ya han “contratado a los mejores bufetes de abogados en El Salvador para que defiendan” y “logren la libertad” de los deportados al país centroamericano.
Por su parte, el presidente de EE.UU., Donald Trump, afirmó el viernes que los migrantes venezolanos deportados y encarcelados en El Salvador fueron sometidos a un proceso “muy riguroso” para verificar que formaran parte del Tren de Aragua.
En total, 1.118 venezolanos han regresado en cinco vuelos desde el pasado febrero, cuando fueron repatriados 190 en un primer momento, 176 que estaban en la base militar estadounidense de Guantánamo y 242, también procedentes de México, según cifras oficiales.",2025-03-24T12:49:46Z,Agencia EFE,Colombia,El Heraldo
"“Eso no es una cárcel, es un campo de concentración”: Jorge Rodríguez sobre venezolanos recluidos en El Salvador",https://www.elheraldo.co/mundo/2025/03/27/eso-no-es-una-carcel-es-un-campo-de-concentracion-jorge-rodriguez-sobre-venezolanos-recluidos-en-el-salvador/,"El presidente de la Asamblea Nacional (AN, Parlamento) de Venezuela, el chavista Jorge Rodríguez, reiteró este jueves que los más de 200 migrantes venezolanos deportados desde Estados Unidos a El Salvador están “secuestrados” por el presidente de la nación centroamericana, Nayib Bukele.
“Nayib Bukele está protagonizando uno de los eventos más espantosos, más deleznables y más vergonzosos que haya conocido la historia de América”, señaló Rodríguez en una sesión del Legislativo transmitido por el canal estatal ANTV.
El diputado criticó que Bukele preste el territorio para que se instalen “campos de concentración, donde personas que solamente han cometido el delito de ser venezolanos y ser venezolanas, están siendo llevados a la llamada cárcel de máxima seguridad”.
El miércoles, la secretaria de Seguridad Nacional de Estados Unidos, Kristi Noem , recorrió la cárcel salvadoreña de máxima seguridad donde se encuentran detenidos los más de 200 migrantes venezolanos, expulsados en un vuelo por las autoridades estadounidenses tras acusarlos de presuntamente pertenecer a la banda criminal transnacional Tren de Aragua , nacida en una cárcel del país caribeño.
Noem, que llegó este miércoles a El Salvador en una visita oficial, recorrió el Centro de Confinamiento del Terrorismo (Cecot), una megacárcel símbolo de la llamada guerra contra las pandillas que el Gobierno de Bukele impulsa bajo un régimen de excepción.
Acompañada por un fuerte dispositivo de seguridad, según se observa en fotografías compartidas por la Presidencia, Noem comenzó su recorrido en el área de admisión de los internos donde pasan por un escáner.
A través de un video colgado en sus redes sociales, en el que habla frente a una celda repleta de reclusos tatuados, la secretaria de Seguridad agradeció a El Salvador y a su presidente por “su asociación con los Estados Unidos” para traer a “terroristas” y encarcelarlos, mostrándoles así las consecuencias “por la violencia que han perpetuado en Estados Unidos” y en las comunidades.
Hasta el momento, el Gobierno salvadoreño no ha explicado bajo qué normativa ha encarcelado en el Cecot a estas personas, dado que la Asamblea Legislativa salvadoreña no ha aprobado ningún acuerdo que lo permita y no poseen órdenes de captura o procesos penales en el país centroamericano.",2025-03-27T22:18:38Z,Agencia EFE,Colombia,El Heraldo
En Barranquilla se hizo entrega de 2 mil permisos de protección temporal a población migrante,https://www.elheraldo.co/atlantico/2025/04/10/en-barranquilla-se-hizo-entrega-de-2-mil-permisos-de-proteccion-temporal-a-poblacion-migrante/,"Durante una jornada de atención especial, que se llevó a cabo del 7 al 9 de abril, en el estadio Edgar Rentería de la ciudad de Barranquilla, la Gobernación del Atlántico a través de la oficina coordinadora de migrantes , colombianos retornados y población de acogida, realizó la entrega de 2.000 Permisos de Protección Temporal (PPT) a la población interesada que se encuentra en los municipios y la capital del departamento.
La jornada, que también contó con el apoyo de la Alcaldía de Barranquilla , Migración Colombia, y Aecid, realizó una Feria de Servicios en la que los migrantes luego de obtener sus documento podrán ingresar a los servicios de salud, educación, entre otros, a los que tendrán derecho, una vez queden regularizados en el territorio colombiano.
Al respecto, el subdirector general de Extranjería de Migración Colombia , Néstor David Medina, informó que “desde los servicios de la entidad se tuvo la logística dispuesta para entregar los PPT con aforos de aproximadamente 800 personas diariamente que han ingresado a reclamar sus documentos”.
Medina sostuvo que: “se ha dispuesto de una feria de servicios ofertados por la Gobernación del Atlántico así como la Alcaldía de Barranquilla para poder cubrir la integración socioeconómica de los migrantes venezolanos. Así que cuando reclaman su documento pasan a la feria, tenemos cuatro servicios básicos , salud, educación, empleabilidad y bancarización”.
Agregó que “el PPT es la llave de la integración, por eso para nosotros, desde Migración Colombia y del Gobierno Nacional, es muy importante que las personas puedan recibir su documento e inmediatamente después poder empezar su ruta de integración en Colombia”.
Por su parte, Susana de León, coordinadora departamental de migrantes, colombianos retornados y población de acogida, aseguró que a la gran jornada de regularización se han acercado migrantes de Santa Lucía , Repelón, Campo de la Cruz, Soledad, Sabanalarga, entre otros municipios del departamento para regular su situación en el país.
Resaltó que “desde la Gobernación es un compromiso brindar las oportunidades a los migrantes que se encuentran en el territorio para que accedan al mayor número de beneficios a los que tienen gracias a la normas en Colombia”.
La funcionaria informó que para el caso de los menores de edad es de suma importancia que el adulto responsable tenga consigo la partida de nacimiento y el documento que acredite que efectivamente se tramitó el registro del menor de edad.
De León expresó que una vez un migrante venezolano logra el permiso de protección temporal se le abren muchas puertas. La primera de ellas es el poder acceder a trabajo formal, sin que puedan ser explotados laboralmente, así como servicios de salud, educación y bancarización.
“Es importante recalcar que si un migrante accede al sistema laboral genera un gran impacto para la economía de nuestro departamento y de nuestro país al hacer sus aportes a seguridad social. Además tenemos una oportunidad hoy muy grande y es que tenemos aquí el servicio de bancarización para migrantes venezolanos y también colombianos retornados que les permite a ellos tener su tarjeta crédito o débito”, puntualizó.",2025-04-10T00:12:16Z,Redacción Locales,Colombia,El Heraldo
“Pronto nos iremos todos a casa”: Edmundo González a venezolanos en Perú,https://www.elheraldo.co/mundo/2025/01/30/pronto-nos-iremos-todos-a-casa-edmundo-gonzalez-a-venezolanos-en-peru/,"El líder opositor de Venezuela Edmundo González Urrutia , quien reivindica su triunfo en las elecciones presidenciales de julio pasado en su país, se encontró este miércoles en un breve acto con parte de los migrantes venezolanos que residen en Lima, a los que les prometió que pronto volverán “a casa”.
“Pronto nos iremos todos a casa”, les prometió González Urrutia a los centenares de venezolanos que se reunieron en la céntrica Plaza San Martín, tras ser recibido y condecorado por la presidenta Dina Boluarte y el Congreso.
“A pesar de la distancia, sé que Venezuela vive en cada uno de ustedes, en sus esfuerzos, en sus recuerdos, en sus sueños de regresar a una nación de oportunidades y justicia como la que vamos a construir”, les dijo asomado a un balcón del histórico Hotel Bolívar.
En el balcón, estuvo acompañado por los también opositores Antonio Ledezma , exalcalde metropolitano de Caracas, así como David Smolansky, exalcalde de El Hatillo y excomisionado de la Organización de Estados Americanos (OEA) para los Migrantes y Refugiados Venezolanos.
González Urrutia llegó a Perú, donde se reunió con la presidenta Dina Boluarte , después de hacer lo mismo con el mandatario de Ecuador, Daniel Noboa -quien también lo reconoce como ganador de las presidenciales-, tras visitar en las últimas semanas Argentina, Uruguay, Panamá, República Dominicana, Guatemala, Costa Rica y Estados Unidos.
González Urrutia comenzó esta gira después de que en septiembre pasado recibiera asilo en España al considerar que se encontraba en riesgo de ser detenido por las autoridades de su país por no aceptar los resultados del Consejo Nacional Electoral (CNE) venezolano, que proclamó la victoria de Nicolás Maduro sin publicar los datos detallados, como exigía su propio cronograma.",2025-01-30T02:18:40Z,Agencia EFE,Colombia,El Heraldo
Naufraga embarcación con 19 migrantes en Panamá y las autoridades buscan a sobrevivientes,https://www.elheraldo.co/mundo/2025/02/22/naufraga-embarcacion-con-19-migrantes-en-panama-y-las-autoridades-buscan-a-sobrevivientes/,"Una embarcación con 19 migrantes de nacionalidades colombiana y venezolana naufragó en aguas del Caribe de Panamá y las autoridades han desplegado un operativo de búsqueda, informó este sábado el Servicio Nacional de Fronteras (Senafront) del país centroamericano.
La embarcación zozobró en aguas de la comarca Guna Yala, frontera con Colombia , y en ella viajaban “19 migrantes de nacionalidad colombiana y venezolana, junto con dos panameños indígenas: el capitán y su ayudante”, dijo el Senafront en un comunicado.
Las autoridades no han detallado cuándo ocurrió el accidente, pero fuentes oficiales dijeron a ‘Efe’ que se trata de migrantes que, ante la imposibilidad de entrar a Estados Unidos, hacían el viaje de retorno a sus países.
De acuerdo con el comunicado oficial, la embarcación naufragó “debido a fuertes oleajes causados por el mal tiempo. Senafront, en coordinación con la comunidad, continúa las labores de búsqueda y rescate para ubicar a todas las personas y determinar su estado”.
El flujo de migrantes irregulares que llegan a Panamá por la selva del Darién, la peligrosa frontera natural con Colombia, se derrumbó un 94 % en enero pasado, en comparación con el mismo mes del año anterior, en medio de un endurecimiento de las medidas de seguridad panameñas y de la política inmigratoria de Estados Unidos.
En las últimas semanas grupos de migrantes han intentado entrar a Panamá desde la vecina Costa Rica, en un viaje a la inversa, es decir, de regreso a sus países, dado las crecientes trabas para ingresar a EE. UU. .",2025-02-22T20:26:19Z,Agencia EFE,Colombia,El Heraldo
Procuraduría alerta sobre “crisis humanitaria” en Darién: 9.000 migrantes volvieron este año,https://www.elheraldo.co/colombia/2025/06/05/procuraduria-alerta-sobre-crisis-humanitaria-en-darien-9000-migrantes-volvieron-este-ano/,"Al menos 9.000 personas migrantes regresaron a Colombia en lo que va de 2025 desde Panamá, México y Costa Rica, cruzando la selva del Darién , según datos divulgados este jueves por la Procuraduría , que urgió a las autoridades competentes a atender la “ crisis humanitaria ” que vive esta región fronteriza.
El órgano de control alertó sobre la “grave” falta de ayuda básica para las personas que intentaron migrar al norte del continente pero no pudieron llegar a Estados Unidos y tuvieron que regresar al Darién, un fenómeno llamado “flujo migratorio inverso”, y pidió a las Cancillerías de Colombia y Panamá que actúen con urgencia para brindar apoyo humanitario.
“No podemos estar con esta situación de flagrante violación de los derechos humanos básicos de estas personas que algún día, tal vez equivocadas, decidieron tomar ese rumbo del Darién y quedaron allí atrapadas en esta trampa mortal”, declaró en un video el procurador para los Derechos Humanos, Néstor Osuna.
El Tapón del Darién, una densa selva que marca la frontera natural entre Colombia y Panamá, se ha convertido en los últimos años en un paso clave para la migración irregular en el continente americano.
En 2024, más de 400.000 migrantes, en su mayoría venezolanos, cruzaron esta ruta, donde al menos 174 murieron, la cifra más alta registrada, según la Organización Internacional para las Migraciones (OIM).
Osuna explicó que un equipo de la Delegada para la Defensa de los Derechos Humanos visitó la zona y evidenció la “grave situación de déficit humanitario básico” que enfrentan los migrantes, cuyos principales países de origen son Venezuela, India, Afganistán, Colombia y Ecuador.
“Estas personas llegan con graves problemas de nutrición, de salud, de salud mental, de las necesidades más básicas. Llegan a unos alojamientos, además, también ilegales, sin ninguna atención adecuada por parte del Estado colombiano”, criticó el procurador, tras denunciar la presencia de redes criminales que se lucran con esta ruta migratoria.
El organismo de control subrayó que las personas en tránsito por el Darién se enfrentan a “múltiples riesgos como estafas, discriminación, detenciones arbitrarias y hostigamientos por parte de esos grupos armados que controlan el tránsito irregular”.
“Hacemos un llamado a todas las autoridades concernidas en este tema a que presten esta atención básica, humanitaria, de tal manera que esas personas (...) puedan realmente llegar a sus puntos de origen o rehacer su vida de alguna manera”, agregó.
La semana pasada, la Defensoría del Pueblo advirtió también de estas nuevas rutas de “migración a la inversa” y precisó que no solo se está haciendo por Capurganá, sino también en los municipios de Juradó y Bahía Solano, en el departamento del Chocó, fronterizo con Panamá.
Desde estos puntos en el Pacífico, los migrantes son trasladados por redes que “se ofrecen a llevarlos en embarcaciones” hasta Buenaventura, municipio que tiene el principal puerto del país en ese océano.
La Defensoría también alertó que, en Chocó, los migrantes enfrentan riesgos por la presencia de los grupos armados ilegales, como el Clan del Golfo, la principal banda criminal del país, y la guerrilla del Ejército de Liberación Nacional (ELN), que ejercen control territorial en esas zonas.
El mes pasado, el Gobierno de Panamá cerró la principal estación migratoria a la salida del Darién tras la drástica caída del flujo hacia Norteamérica de viajeros irregulares por las medidas restrictivas impuestas por el Gobierno estadounidense.",2025-06-05T17:21:56Z,Agencia EFE,Colombia,El Heraldo
Falta de recursos de la Usaid afecta a migrantes en Valledupar,https://www.elheraldo.co/cesar/2025/02/05/falta-de-recursos-de-la-usaid-afecta-a-migrantes-en-valledupar/,"En el 2020, en Valledupar a través del Hospital Eduardo Arredondo Daza se habilitó el Centro de Salud La Victoria, que por ocho años estuvo cerrado. En este lugar la principal atención la tienen migrantes venezolanos y retornados en la capital del Cesar, por la situación política y económica que enfrenta el vecino país.
Para ese entonces se celebró un contrato entre las directivas del HEAD y Fundación Americares, una ONG cuyo principal donante era la Agencia de Estados Unidos para el Desarrollo Internacional ( USAID ). La obra de adecuación demandó una inversión de $90 millones.
Los servicios que se prestan no tienen costo y son de medicina general, psicología y entrega de medicamentos, que son limitados para los migrantes que no tienen documentación o el Permiso Protección Temporal que les permite ser afiliado a una EPS.
Ahora la preocupación para ellos es quién o qué entidad podrá financiar los costos de la atención en salud que venían gozando, debido a la reciente decisión del presidente de Estados Unidos, Donald Trump, de congelar las ayudas internacionales de la USAID, que afecta a Colombia, ya que a través de estas miles de migrantes en especial los venezolanos se venían beneficiados.
Otra de las entidades que recibía recursos de la USAID en Valledupar era la Organización Internacional para las Migraciones (OIM), cuyos funcionarios indicaron no estar autorizados para dar algún tipo de declaración o postura ante la coyuntura actual.
En esta capital, donde hasta el 2022 había un censo de  39.126 personas venezolanas, hace presencia la asociación para migrantes, ‘Red Panas’, la cual se encarga de ayudar a gestionar ayudas y cualquier tipo de beneficio para aquellos que decidieron salir de Venezuela o colombianos que decidieron retornar a su país. Una de sus representes es Iveth Ibáñez, quien mostró su preocupación por la situación.
“Los que más se verán perjudicados son las personas irregulares que no tengan el permiso y que nosotros le hacíamos el enlace para que se le prestara el servicio en salud, van a quedar muy afectados y es preocupante, muchos me han llamado a preguntarme qué pueden hacer para seguir siendo beneficiados. Teníamos un apoyo incondicional porque nos atendían a la población mirante irregular en el HEAD, a mujeres gestantes, en embarazo, salud mental y otras en un segundo nivel”, explicó Iveth Ibáñez.
“Los migrantes estaban confiados y han sido muchas las atenciones recibidas por la USAID y la OIM, como el programa mundial de alimento, también teníamos el apoyo de Mercy Corps con capacitaciones, talleres, transporte humanitario para la movilidad de un enfermo”, indicó Ibáñez.
Otra de las problemáticas que resaltó es que desde hace varios meses está suspendido el trámite del Permiso Protección Temporal por parte de Migración Colombia, de lo cual los más perjudicados están siendo los niños, niñas y adolescentes, ya que se les imposibilita el acceso a la educación porque los colegios no los aceptan sin documentación.",2025-02-05T21:12:58Z,Milagro Sanchez Florez,Colombia,El Heraldo
ONG advierte de “desapariciones de corta duración” luego del traslado de migrantes desde EE. UU. a El Salvador,https://www.elheraldo.co/mundo/2025/03/22/ong-advierte-de-desapariciones-de-corta-duracion-luego-del-traslado-de-migrantes-desde-ee-uu-a-el-salvador/,"El traslado de Estados Unidos a El Salvador de migrantes para que guarden prisión en una megacárcel de este país “podría constituir desapariciones forzadas de corta duración”, ya que “la detención de estas personas en suelo salvadoreño carece de fundamento jurídico”, advirtió este viernes la organización no gubernamental Cristosal.
La ONG explicó, en un comunicado difundido hoy, que “en esta situación los migrantes quedan aislados, sin que sus familias reciban información sobre su paradero, situación jurídica o estado de salud, a merced de un sistema carcelario ampliamente denunciado por violaciones a los derechos humanos”.
La desaparición forzada es una grave violación de derechos humanos y un delito internacional reconocido en diversas convenciones, apuntó Cristosal y amplió que las desapariciones forzadas de corta duración ocurren cuando “una autoridad o un actor que actúa con su consentimiento priva de libertad a una persona y se niega a reconocer su detención o a proporcionar información sobre su paradero, generando incertidumbre sobre su vida e integridad”.
“El principio de no devolución prohíbe a los Estados transferir o expulsar a una persona de su jurisdicción o control efectivo cuando existan razones fundadas para creer que enfrentará violaciones graves a sus derechos humanos”, señaló.
Indicó que las personas afectadas o sus familiares pueden recurrir a mecanismos como el habeas corpus ante la justicia constitucional salvadoreña o presentar una comunicación al Grupo de Trabajo s obre Desapariciones Forzadas de las Naciones Unidas.
“El traslado de personas entre países, así como su detención en condiciones de total opacidad, no solo vulnera sus derechos fundamentales , sino que también sienta un peligroso precedente a nivel mundial”, advirtió Cristosal.
El Gobierno de El Salvador , hasta el momento y desde el fin de semana, no se ha refiero al tema, tampoco ha brindado detalles de cómo se encuentran los migrantes de origen venezolanos que fueron trasladados al Centro de Confinamiento del Terrorismo (Cecot) , donde están encarcelados líderes de pandillas.
Entre tanto, el presidente de Estados Unidos, Donald Trump , afirmó este viernes que los migrantes venezolanos deportados y encarcelados en El Salvador fueron sometidos a un proceso “muy riguroso” para verificar que formaban parte de la banda de crimen transnacional Tren de Aragua.
Trump respondió así a las informaciones de allegados y abogados de algunos de los más de 200 deportados , que aseguran que los migrantes no formaban parte de ninguna organización criminal, no tenían antecedentes y que fueron detenidos por sus tatuajes.",2025-03-22T01:35:02Z,Agencia EFE,Colombia,El Heraldo
Autorizan fin de ‘parole’ a más de medio millón de migrantes en EE. UU.,https://www.elheraldo.co/mundo/2025/05/31/tribunal-supremo-de-ee-uu-permite-al-gobierno-trump-retirar-la-residencia-temporal-a-532000-migrantes/,"El Tribunal Supremo estadounidense falló este viernes a favor de que el Gobierno de Donald Trump pueda retirar la protección legal temporal concedida por la anterior Administración de Joe Biden a 532.000 migrantes procedentes de Venezuela, Cuba, Nicaragua y Haití.
La máxima corte estadounidense ha concedido la solicitud de emergencia cursada por el Departamento de Seguridad Nacional con un voto de siete magistrados a favor y dos en contra: las liberales Sonia Sotomayor y Ketanji Brown Jackson.
La Administración Trump estaba tratando de impugnar un fallo de una jueza federal -que queda por ahora sin efecto- del estado de Massachusetts que consideró que el Gobierno no podía anular este “parole humanitario”, que permitía a estas 532.000 personas vivir y trabajar de manera provisional en EE.UU., sin analizar el procedimiento caso por caso.
“(El tribunal) no exige prácticamente nada al Gobierno en cuanto a daños irreparables. Y subestima las devastadoras consecuencias de permitir que el Gobierno trastoque precipitadamente la vida y el sustento de casi medio millón de extranjeros mientras sus demandas legales siguen pendientes”, escribe la jueza.
Brown Jackson subraya que el más de medio millón de migrantes encara ahora “dos opciones insostenibles”. Por un lado, pueden optar por abandonar EE.UU. y enfrentarse a “peligros en sus países de origen”, tal y como advirtió ya la jueza de Massachusetts, o pueden permanecer en el país después de que expire su “parole” “y arriesgarse a una expulsión inminente a manos de agentes del Gobierno, con las graves consecuencias que ello conlleva”.
El de hoy es el segundo fallo del Supremo este año en este terreno, después de que hace 10 días autorizara a Trump a retirar el estatus de protección temporal (TPS) a unos 350.000 migrantes venezolanos.
El llamado “parole humanitario” fue ampliado en enero de 2023 por el expresidente Biden (2021-2025) para facilitar la inmigración legal de ciudadanos de Venezuela, Cuba, Nicaragua y Haití, entre las nacionalidades con mayor representación entonces en las llegadas irregulares a la frontera sur con México.",2025-05-31T01:45:50Z,Agencia EFE,Colombia,El Heraldo
Venezolanos en Valledupar manifestarán por la posesión presidencial en apoyo a Edmundo González,https://www.elheraldo.co/cesar/2025/01/08/venezolanos-en-valledupar-manifestaran-por-la-posesion-presidencial-en-apoyo-a-edmundo-gonzalez/,"La población venezolana radicada en Valledupar, realizarán este 9 de enero a partir de las 4:00 p.m., una manifestación pacífica en la plaza del barrio Primero de Mayo , como muestra de apoyo al presidente electo Edmundo González Urritia.
La actividad está siendo organizada por el colectivo Con Venezuela, el cual tiene presencia en la mayoría de departamentos de Colombia, donde hay presencia de migrantes venezolanos. Es de señalar que en 2024 , la población venezolana en el departamento del Cesar fue de 70.683 personas , lo que representa el 2,4%, en Colombia.
Los municipios con mayor concentración son Valledupar , 38.587, Aguachica , 5.809, y Codazzi 4.010.  Asimismo, el Cesar se encuentra en el puesto número 12 de los departamentos con mayor presencia de población refugiada y migrante en el país.
Cabe señalar, que el líder opositor de Venezuela , Edmundo González Urrutia, alega haber ganado en las elecciones presidenciales de julio pasado y se encuentra de gira por varios países antes de regresar a Venezuela para intentar asumir el mando. Mientras tanto el presidente Nicolás Maduro , tiene todo preparado para juramentarse ante la Asamblea Nacional , este próximo 10 de enero, para un mandato hasta el 2031 .
“Igual que nuestro amigo Enrique Márquez , destacado progresista venezolano, ha sido detenido Carlos Correa , destacado defensor de derechos humanos en Venezuela. Esto, y otros hechos , impide mi asistencia personal al acto de posesión de Nicolás Maduro ”, publicó el jefe de Estado colombiano.
“La solicitud de Colombia no fue atendida en el sentido de máxima transparencia en las elecciones pasadas , cuando tal posibilidad se expuso en diversos espacios de encuentro político al que fuimos invitados. En Europa, en Venezuela y en los EE. UU. Las elecciones pasadas en Venezuela no fueron libres. No hay elecciones libres bajo bloqueos ”, advirtió.",2025-01-08T21:08:50Z,Milagro Sanchez Florez,Colombia,El Heraldo
"Atlántico, en alerta por congelamiento de fondos de Usaid para atender población migrante",https://www.elheraldo.co/atlantico/2025/02/03/distrito-departamento-y-las-ong-en-alerta-por-congelamiento-de-fondos-de-usaid-para-atender-poblacion-migrante/,"El reciente anuncio por parte del gobierno de Estados Unidos de congelar por los próximos 90 días los fondos de ayudas internacionales mediante órdenes ejecutivas ha desatado la preocupación en varios países del mundo, entre ellos Colombia, debido a que parte de esos recursos era utilizado para la atención de ciudadanos migrantes.
Los fondos provenientes del denominado Usaid son parte fundamental del financiamiento de programas para población migrante en Barranquilla. Así lo comentó a EL HERALDO la Alcaldía, asegurando que la ausencia de estos fondos genera preocupación, aunque por el momento no han recibido notificación oficial.
“En la Alcaldía de Barranquilla teníamos unos proyectos y programas que veníamos trabajando con Usaid. Nosotros como Distrito no hemos recibido alguna notificación de parte de ellos; sin embargo, haremos la revisión que sea pertinente. La Alcaldía siempre ha estado apoyando todos los procesos en favor de nuestra gente y la población migrante en especial. Nosotros como administración esperaremos como avanza lo relacionado con Usaid y somos respetuosos de las decisiones”, señaló a este medio.
Igualmente, el gobernador Eduardo Verano dejó ver su preocupación al no contar dichos fondos, que eran empelados en temas esenciales como la educación, brindándole este derecho fundamental a la población migrante.
“No lo tenemos todavía muy claro, pero realmente toda ayuda que tengamos menos para tener más recursos, para educar mejor a nuestra gente, evidentemente nos preocupa. Haremos todo lo que sea necesario para rescatar, recuperar los contactos que sean necesarios para volver a tener todos los apoyos y las ayudas de Usaid. Todas esas ayudas son muy importantes, pero no solamente las ayudas como tal, por lo que representan económicamente, sino las exigencias que nos hacen para podernos dar la ayuda. Nos obligan a ser cada vez mejores, superiores. Ese nivel de exigencia es el que más nos interesa”, comentó.
“Aún no hemos sacado conclusiones, porque seguimos a la expectativa de los anuncios que se vienen dando día tras día de parte de la administración del presidente Donald Trump en los Estados Unidos y también de la situación política en Venezuela y pues principalmente de aquí en Colombia, donde residimos”, dijo.
“Esto va a suponer primero: la suspensión de las ayudas; dos: el cierre de los proyectos y despido de las personas contratadas y eso ya es un tema de desempleo y del golpe que esto va a tener a nivel nacional; tercero: el impacto en las comunidades más necesitadas que requieren de asistencia alimentaria, médica y humanitaria y por último , todo lo de ayuda en integración que se están deteniendo en este momento”, señaló.
A nivel de cifras, según explicó la ONG, estás son alarmantes. Se estima que en Venezuela hay 31 millones de personas y de esas más de 8 millones de personas han migrado en los últimos 10 años. De ellas, según cifras de Naciones Unidas, 7.8 millones son las que cuentan y de esas, en Colombia, se encuentran a la fecha 2.8 millones, según cifras de Migración Colombia. Tan solo aquí en el Atlántico y Barranquilla, hay más de 200 mil migrantes.
“Ya lo anunciaron, suspendieron hasta nueva orden los puntos visibles, que eran los sitios donde acudían las personas que querían regularizar su estatus migratorio. El estado debe garantizar el acceso y por eso el impacto mayoritario va a ser para Colombia en este momento. Estamos en crisis, este número va a crecer, el flujo de migrantes no ha bajado desde la toma del poder y la usurpación del actual gobierno de Venezuela”, analizó Viloria.
“Estamos haciendo lo mismo y teniendo los mismos resultados, entonces hay que hacer cosas diferentes para obtener resultados diferentes y no depender únicamente de la ayuda y cooperación de los Estados Unidos. Por otro lado, ver de qué manera se puede incidir ante la Unión Europea, Canadá y otros de los principales donantes para que aumenten su apoyo y den su respaldo en este momento de contingencia”, cerró.",2025-02-03T22:53:21Z,Andrés Noé Gómez,Colombia,El Heraldo
"300.549 migrantes han cruzado el Darién en 2024, 41 % menos que el año pasado",https://www.elheraldo.co/mundo/2024/12/17/300549-migrantes-han-cruzado-el-darien-en-2024-41-menos-que-el-ano-pasado/,"Un total de 300.549 migrantes , la gran mayoría venezolanos, han cruzado este 2024 la peligrosa jungla del Darién , frontera entre Panamá y Colombia, un 41 % menos que el año pasado, cuando se registraron números récords, según cifras presentadas este martes por el Gobierno panameño, que relaciona esa bajada de los tránsitos al severo paquete de medidas para enfrentar la crisis migratoria.
“El paquete de medidas, las medidas tomadas por el Servicio Nacional de Fronteras, las medidas administrativas, el clima también nos ha favorecido, el cambio de políticas. Es un conjunto de todo que se ve reflejado en la disminución del flujo migratorio”, dijo a EFE el director de Servicio Nacional de Migración, Roger Tejada.
Migración de Panamá presentó este martes un informe de gestión a seis meses desde que entró al poder el Gobierno de José Raúl Mulino el pasado 1 de julio, con políticas más severas para frenar la inédita crisis migratoria en Darién, la peligrosa selva usada a diario por centenares de transeúntes en su camino desde Suramérica hasta EE.UU.
Esos 300.549 migrantes reportados hasta lo que va de diciembre, suponen una reducción de menos 210.554 transeúntes (un 41 %) por esa selva en comparación con el mismo lapso de 2023, año que registró la cifra récord de más de 520.000 personas cruzando el Darién.
Del total de viajantes que han atravesado este año ese paso fronterizo, 209.070 son venezolanos (el 70 %, siendo así la mayoría); 17.456 colombianos (6 %); 16.466 ecuatorianos (5 %); 12.366 chinos (4 %); 11.932 haitianos (4 %) y 33.259 de otros países (11 %), según la información oficial.
Las autoridades migratorias aseguran que la caída del flujo migratorio se debe a las medidas impuestas por el nuevo Ejecutivo como un acuerdo con Estados Unidos, firmado el mismo día que Mulino tomó posesión, para devolver a migrantes así como el cierre de “pasos no autorizados” en Darién creando un “ corredor humanitario”.
“Se habilitó, se permitió (y) se difundió que solamente se iba a permitir una sola ruta, que no es la más segura es la menos peligrosa”, explicó el director de Migración durante la presentación de los datos sobre ese “corredor humanitario” por el Darién.
Hasta este 17 de diciembre han partido 51 vuelos en el marco de ese acuerdo con EE.UU. devolviendo a 1.548 migrantes, la mayoría hacia Colombia y Ecuador, según destacan las cifras presentadas por las autoridades migratorias, que recordaron que aún faltan otros dos vuelos hasta terminar el año presente.
Además, el Servicio Nacional de Migración mostró este martes que han identificado a 21 miembros de grupos del crimen organizado como el Tren del Llano y Tren de Aragua (de origen venezolano), Las (disidencias) de las FARC (Colombia), MS-13 y MS-18 (El Salvador) e ISIS (Irak), entre otros.
Tejada detalló a EFE que para este 2025 prevén que el acuerdo con Estados Unidos para devolver a los migrantes continúe y que pueda “incrementarse”, aunque estarán pendientes de las políticas del futuro Gobierno de Donal Trump, que asume el próximo 20 de enero.
“El programa que firmamos con EE. UU. (...) se prevé que pudiera tener mayor incremento. Todo depende de los cambios de política que se den. No hemos tenido ninguna conversación oficial, hasta el momento, pero se prevé esa situación porque es la intención que hemos visto del presidente electo ( Donald Trump )”, expuso Tejada.
El Darién es una selva plagada de peligros naturales y presencia de grupos criminales que es usada a diario por centenares de personas que desean llegar a Norteamérica en busca de mejores condiciones de vida. El incremento de ese flujo migratorio ha sido progresivo en los últimos años hasta que en 2023 hubo un número de tránsitos récord.",2024-12-17T19:17:03Z,Agencia EFE,Colombia,El Heraldo
Iglesia venezolana celebra anuncio de canonización de Carmen Rendiles: “Es una gran alegría para todos”,https://www.elheraldo.co/mundo/2025/03/31/iglesia-venezolana-celebra-anuncio-de-canonizacion-de-carmen-rendiles-es-una-gran-alegria-para-todos/,"La Iglesia de Venezuela celebró con “gran alegría” la aprobación este lunes por parte del papa Francisco del decreto del milagro por el que se canonizará a la beata Carmen Elena Rendiles , quien se convertirá en la segunda santa venezolana, después de que se anunciara la futura canonización del médico José Gregorio Hernández.
“La Iglesia en Venezuela está de júbilo”, dijo a la prensa el arzobispo de Caracas, monseñor Raúl Biord , quien aseguró que se trata de una “gran alegría” para el país caribeño, que el pasado 25 de febrero recibió la esperada noticia sobre el anuncio de la canonización de quien es conocido como el ‘Médico de los pobres’.
En ese sentido, sostuvo que “es realmente una alegría para todos” porque, además, demuestra que los venezolanos son “gente buena, como estos dos santos”, en un contexto en el que “ha habido brotes de xenofobia en distintos países” contra migrantes.
El jerarca expresó que ambos beatos, cuyas respectivas fechas de canonización serán “anunciados en el próximo consistorio de cardenales”, dedicaron “su vida por los pobres” y por “decir la presencia de Dios en el pueblo venezolano”.
Por su parte, la vicaria general de la Congregación Siervas de Jesús, Carmen Edilma Aristizábal, dijo a EFE que “todo el mundo decía que (Rendiles) era una gran santa , y hoy esto se ha hecho una gran realidad”.
Rendiles, que nació en Caracas el 11 de agosto de 1903 y murió el 9 de mayo de 1977, fue la fundadora de Siervas de Jesús y su beatificación se produjo el 16 de junio de 2018, después de que se aprobara un milagro que consistió en la curación de una médica venezolana en julio de 2003.
El segundo milagro aprobado para ser declarada santa fue una “curación milagrosa, atribuida a su intercesión, de una mujer a la que en 2015 le fue diagnosticada hidrocefalia triventricular idiopática”.
Esta será la segunda santa del país, después de la del beato José Gregorio Hernández, una noticia que fue acogida con gran alegría en Venezuela, donde incluso se declarará como Día de Júbilo Nacional la fecha que se fije para la canonización del beato, según la Asamblea Nacional.
Aún no se conoce la fecha de la canonización, ya que el papa tendrá que instituir un consistorio para elegir el día y actualmente se encuentra convaleciente tras haber sido dado de alta después de 38 días hospitalizado por una grave infección respiratoria. Una posibilidad sería que ambos venezolanos fueron proclamados santos el mismo día.
La ceremonia de beatificación de la monja fue celebrada en Caracas ante miles de personas por el entonces prefecto de la Congregación para las Causas de los Santos, Angelo Amato, en el estadio de béisbol de la Universidad Central de Venezuela (UCV), la principal del país caribeño. EFE",2025-03-31T21:33:42Z,Agencia EFE,Colombia,El Heraldo
Comenzó la entrega de PPT para migrantes venezolanos en Barranquilla,https://www.elheraldo.co/barranquilla/2025/04/08/comenzo-la-entrega-de-ppt-para-migrantes-venezolanos-en-barranquilla/,"Desde las primeras horas de este lunes 7 de abril, cientos de ciudadanos venezolanos radicados en Barranquilla se agruparon en largas filas a las afueras del estadio Edgar Rentería a la espera de obtener sus permisos de permanencia temporal (PPT).
Las filas se extendieron hasta la vía 40, diagonal al puente de La María. En ellas se observaban cientos de menores, quienes en compañía de sus padres esperaban pacientes, sin importar el inclemente sol de la mañana.
Tal es el caso de Kerolyne, de 36 años, nacida en San Cristóbal, Venezuela, quien hizo la fila en compañía de su esposo y sus tres pequeños hijos. Asegura que lleva más de 8 años viviendo en Barranquilla y cuenta con su PPT al día, pero sus hijos no disponen del certificado, mismo que está siendo exigido por las instituciones educativas a las que pertenecen los niños para continuar prestando el servicio. La familia comenta que comenzó su espera alrededor de las 7:00 de la mañana y por la multitud debió esperar algunas horas.
Al interior del estadio no solo se podían observar personas interesadas en acceder por primera vez a su PPT o renovarlo, sino también todos aquellos ciudadanos que deseaban acceder a los beneficios que este certificado les brinda. Entre ellos se encuentran el acceso a salud, educación y bancarización.
Es la historia de Katiuska González , una mujer de 34 años que actualmente reside en Campo de la Cruz, con su hijo de 12 años, con quien salió de su casa a las 4 de la mañana para poder reclamar el permiso del menor, y al obtenerlo decidió renovar el servicio de salud del niño, del cual asegura: “Hasta el momento nunca nos ha fallado, siempre lo atienden y le brindan los medicamentos que necesita”.
Sin embargo, no todos los casos son igual de exitosos, así le ocurrió a Johana Rubio, quien asistió a la jornada con su esposo y su hijo con el objetivo de inscribir al menor en el sistema de Migración Colombia y acceder a los beneficios de educación para él, pero al presentar una copia de su documento de identidad en vez del original no se les permitió continuar con el proceso.
Susana De León, coordinadora en el Atlántico para la población migrante, colombianos retornados, refugiados y comunidad de acogida, asegura que en el sistema figuran más de 15.000 PPT sin reclamar, y esto se debe a que  “en algún momento les hicieron los registros en los SAIS, es decir, la gente llegaba a los SAIS, allí les creaban los correos electrónicos y no les daban las claves, no tenían después entonces cómo saber que su PPT ya estaba listo”.
Además del documento que, según Jair Navaja , coordinador de la jornada, “equivale a una cédula colombiana con la distinción de que las personas no podrán ejercer el derecho al voto popular ni emplearse en cargos gubernamentales”, los migrantes pueden acceder a los beneficios de la feria de servicios: “En temas de salud, la inscripción inmediata al sistema de salud; además, pueden acceder a educación, a bancarización por avance en una entidad fintech creada especialmente para la atención de migrantes. Está también la Secretaría de Educación, con entidades aliadas como el Sena, Banco Unión, el Sisbén y toda la oferta de servicios que ofrece la Alcaldía de Barranquilla”, aseguró Martha Hernández , directora (e) de Migración Colombia.",2025-04-08T11:29:22Z,Redacción Locales,Colombia,El Heraldo
"Más de 400.000 migrantes pasaron el Darién en 2024, según Defensoría del Pueblo",https://www.elheraldo.co/colombia/2025/02/08/mas-de-400000-migrantes-pasaron-el-darien-en-2024-segun-defensoria-del-pueblo/,"Más de 400.000 migrantes , la mayoría de ellos venezolanos, pasaron en 2024 por el Tapón del Darién , la frontera natural de Colombia y Panamá , informó este viernes la Defensoría del Pueblo , que alertó sobre los altos riesgos de violencia sexual y de género que pueden sufrir las mujeres y adolescentes.
La Defensoría detalló en un comunicado que la mayoría de los migrantes provienen de Venezuela (302.185), seguidos de los de Ecuador (22.785), Colombia (17.529), Haití (17.329), China (12.214) e India (6.927).
El Servicio Nacional de Migración (SNM) informó el pasado 1 de febrero que el flujo de migrantes irregulares que entran por la peligrosa selva del Darién marcó una bajada “histórica” de un 94 % en enero pasado, frente al mismo periodo de 2024.
De acuerdo con las cifras comparativas publicadas por la entidad, en enero de este año entraron por el Darién 2.158 migrantes, en comparación con los 34.839 que lo hicieron en el mismo periodo de 2024.",2025-02-08T04:39:52Z,Agencia EFE,Colombia,El Heraldo
Una niña de ocho años muerta y 20 rescatados en naufragio de lancha con migrantes en Panamá,https://www.elheraldo.co/mundo/2025/02/23/una-nina-de-ocho-anos-muerta-y-20-rescatados-en-naufragio-de-lancha-con-migrantes-en-panama/,"Una niña venezolana de ocho años murió y 20 personas fueron rescatadas tras el naufragio en aguas del Caribe de Panamá de una embarcación que transportaba a 21 personas, 19 de ellas migrantes de Colombia y Venezuela que regresaban a sus países, informaron este sábado las autoridades panameñas.
Las personas rescatadas, entre las que están el capitán de la embarcación ABDOM y su ayudante, ambos indígenas panameños de acuerdo con la información oficial, “reciben atención médica y asistencia humanitaria por parte del Senafront”, indica la misiva oficial.
El organismo de seguridad panameño explicó que el naufragio tuvo lugar la noche de este viernes en aguas próximas a la comunidad de Mansucum, situada en la comarca indígena Guna Yala, “en el contexto del flujo migratorio inverso, activándose de inmediato los protocolos de emergencia con unidades de la Brigada Caribe”.
De acuerdo con la información oficial, la lancha que naufragó ignoró una advertencia sobre las condiciones climáticas “adversas” en la zona, como sí hicieron otras dos embarcaciones que suspendieron el viaje hacia la localidad de La Miel, cercana a la frontera con Colombia, lo que derivó en este “lamentable accidente”.
El Senafront “lamenta profundamente la pérdida de la menor y extiende sus condolencias a sus familiares. Las autoridades reiteran su compromiso con la seguridad y el cumplimiento de las normas de navegación”.
En su primer comunicado, el ente de seguridad panameño señaló que la embarcación naufragó “debido a fuertes oleajes causados por el mal tiempo” y que en coordinación con la comunidad, continuaba las labores de búsqueda y rescate” de los ocupantes.
En un primer momento las autoridades no han detallado cuándo ocurrió el accidente, pero fuentes oficiales dijeron a EFE que se trataba de migrantes que, ante la imposibilidad de entrar a Estados Unidos, hacían el viaje de retorno a sus países.
El flujo de migrantes irregulares que llegan a Panamá por la selva del Darién, la peligrosa frontera natural con Colombia, se derrumbó un 94 % en enero pasado, en comparación con el mismo mes del año anterior, en medio de un endurecimiento de las medidas de seguridad panameñas y de la política inmigratoria de Estados Unidos.
En las últimas semanas grupos de migrantes han intentado entrar a Panamá desde la vecina Costa Rica, en un viaje a la inversa, es decir, de regreso a sus países, dado las crecientes trabas para ingresar a EE. UU.",2025-02-23T12:41:19Z,Agencia EFE,Colombia,El Heraldo
Agencia Cultural 7-80: arte venezolano para la transformación social,https://www.elheraldo.co/sociedad/migracion/2024/09/16/agencia-cultural-7-80-arte-venezolano-para-la-transformacion-social/,"Sin embargo, debajo de la sombra de un frondoso árbol de trupillo, un grupo de 13 niños y adolescentes entre los 8 a 17 años , se reúnen para recibir clases de instrumentos musicales, especialmente de piano y cuatro venezolano . El cuatro (una pequeña guitarra) es utilizado para promover la integración entre migrantes venezolanos, refugiados y barranquilleros.
Esta organización, liderada por gestores culturales y comunicadores sociales que han dejado su país de origen, ha encontrado en las artes escénicas un poderoso instrumento para promover la integración y la transformación social en la ciudad, gracias al respaldo de HIAS, ACNUR y la Corporación Opción Legal.
“Do-Re-Mi-Fa-Sol-La-Si”, repetía el formador musical Víctor Acosta, mientras le sacaba algunas notas al cuatro. A su lado lo acompañaba la también formadora Leonela Miranda quien tocaba el teclado y entregaba algunas instrucciones. Ambos lucen un suéter negro del que sobresalía un mensaje: “Arte, Cultura y Protección por una niñez y juventud libre de violencia ”, ese es el objetivo de sus talleres.
“A través de la música hemos podido ver cómo los niños han desarrollado su capacidad cultural, porque no todo debe girar en torno a lo que ellos están mirando aquí, sino que este espacio les ayuda a explorar nuevos mundos. Por ejemplo, hay momentos en los que los niños pueden cambiar sus perspectivas al aprender a tocar un instrumento. Eso les ayuda a abrir su mente ”, dijo Leonela, quien lleva el nombre de una popular novela venezolana que fue muy vista en nuestro país a mediados de los 80′.
“El cuatro venezolano también lo tocan en el llano colombiano. Es un instrumento muy sutil que le traemos a las personas que están aquí radicadas, más que todo a los niños que están comenzando una nueva vida aquí en Colombia, es para que ellos no olviden su cultura venezolana”, detalló Miranda, quien se siente dichosa por poder aportar a la formación de estos jóvenes.
En un salón 22 niños y niñas reciben clases de Artes plásticas. El ejercicio a desarrollar es guiado por  Jorge Del Río, formador de Artes Plásticas colombiano que les pidió a los menores dibujarse a sí mismo en un papel yendo al lugar de sus sueños. Estas ideas ahora integrarán un mural en el sector de La Cangrejera. Junto a Del Río también trabaja una psicóloga que es la encargada de abordar temas de emociones y realiza orientación psicosocial.
Y es que desde su creación, esta agencia ha demostrado que el arte no solo es un vehículo de expresión, sino también un medio para impactar profundamente en la sociedad. Mediante el teatro, la danza y otras disciplinas escénicas, sus miembros buscan crear conciencia sobre problemáticas sociales como la migración, la violencia de género y la inclusión, temas que afectan tanto a migrantes como a locales.
“Los talleres me parecen muy buenos, me gusta el de música, pero no más que los talleres de fotografía. Siento que nos enseñan mucho, no solamente vienen a darnos conocimientos, sino que nos enseñan a expresar nuestras emociones y los temas de Derechos Humanos”.
“Me siento feliz en Colombia , realmente en los lugares que he llegado, me ha tocado convivir con personas muy amables. Aquí en La Playa es el lugar donde me he sentido más cómodo. Mi sueño es llegar a ser médico forense y fotógrafo”, agregó el joven.
Este año, la agencia dio un gran paso al participar en la primera edición del Festival de Microteatro en Barranquilla . Allí presentaron ‘Heroína somos muchas’, una obra que abordó el tema de la lucha de las mujeres frente a las adversidades.
Cargada de emoción y denuncia, la obra se convirtió en un punto de conexión entre el público y las historias reales que viven muchas mujeres, generando un alto impacto en los asistentes y resaltando la importancia de visibilizar estos problemas.
Alejandro De La Hoz , representante legal y director operativo de la Agencia Cultural 7-80, es un comunicador social y artista audiovisual que se siente pleno al poder trabajar por su comunidad. “En medio de las actividades que desarrollamos, también tenemos el honor de aportar a la agenda de ciudad. Hace poco presentamos la obra de teatro ‘Heroína somos muchas’, que promueve el mensaje de prevención contra la violencia basada en género. Es importante llegar a estos espacios donde este mensaje sea también promovido”.
“En medio del proceso ha surgido la idea de crear una comparsa, en la que niños y niñas, refugiados, migrantes y colombianos participen en una comparsa en el Carnaval de Barranquilla, esto como esa señal de integración efectiva, para demostrar cómo el Carnaval sirve para exaltar distintas culturas”.
Ramón González, director general de esta Agencia Cultural que surgió hace tres años, contó que han desarrollado iniciativas en diversos barrios del Suroccidente de Barranquilla y también del Área Metropolitana. En este sentido, le han apostado por ver en el arte y la cultura una herramienta de transformación social que les permita vincular a las comunidades y, sobre todo, generar espacios de construcción de confianza para que la comunidad venezolana pueda convivir de una manera segura.
“Gracias al apoyo del Alto Comisionado para los Refugiados, en este caso ACNUR, pudimos llegar desde el 2021 a diversas comunidades con actividades musicales o de artes plásticas, que permitieron que niñas, niños y adolescentes, a través de nuestro primer proyecto llamado ‘Arte y Cultura con sentido social’, pudiesen conocer espacios de integración a partir esta iniciativa, lo que ha generado que diversas organizaciones fijen la mirada al trabajo que venimos haciendo”.
El taller al que un equipo periodístico de EL HERALDO pudo asistir en La Cangrejera, es la segunda intervención que realizan en este sector. Inicialmente llegaron con un proyecto financiado por el Ministerio de Cultura, llamado ‘Casa Tricolor: Escuelita Comunitaria de Arte y Cultura 7-80′ que impactó a más de 50 niños a los que través de disciplinas artísticas pudieron conocer de temas como Derechos Humanos, prevención de riesgos y prevención de violencia basada en género.
Actualmente desarrollan un proyecto respaldado por HIAS, una ONG internacional que ha financiado a diversas organizaciones a través de su proyecto de localización. “Nuestro actual proyecto se llama ‘Arte, Cultura y Protección por una niñez y juventud libre de violencia’. Lo que buscamos con esta iniciativa es poder ofrecer espacios de esparcimiento en los que los beneficiarios puedan sentirse plenos”, concluyó el también comunicador social.
Cada taller, es una oportunidad para sembrar conciencia y construir una sociedad más inclusiva y solidaria. Su trabajo no solo ilumina la vida de quienes participan en las actividades, sino que inspira a toda la comunidad a reflexionar y actuar en pro de un cambio.",2024-09-16T17:41:18Z,Jonathan Díaz Cárdenas,Colombia,El Heraldo
