fecha,autor,pais,medio,titulo,cuerpo,url
2026-07-06 01:40,Alejandro Domínguez,México,Milenio,Migrantes venezolanos deportados de EU mueren tras terremotos en La Guaira,"M+.- Migrantes venezolanos en Estados Unidos perdieron el estatus que les permitió estar por años como refugiados y, horas después de haber regresado a Venezuela , murieron durante los terremotos que sacudieron al país Latinoamericano. El vuelo de repatriación 164, operado por GlobalX, despegó desde Phoenix, Arizona, paró por más migrantes en El Paso, Texas, y desde Miami, Florida, desde donde voló a Caracas. Aterrizó el miércoles 24 de junio a las 10:22 horas en el Aeropuerto Internacional Simón Bolívar. Posteriormente, 146 personas acababan de ser deportadas desde Estados Unidos: 120 hombres, 19 mujeres y siete menores de edad. Bajo custodia de la autoridad venezolana, fueron trasladados al hotel El Santuario La Llanada en La Guaira, mientras se hacían los trámites administrativos de repatriación , según detallaron algunos de sus familiares, quienes incluso se comunicaron con ellos ya estando ahí para acordar detalles de su reencuentro. Pero desde que ocurrió el doble terremoto, dejaron de saber de ellos. Parte del sitio colapsó. La zona está restringida y la seguridad es controlada por el Servicio Bolivariano de Inteligencia Nacional (Sebin). Nadie que ellos no permitan puede acceder al sitio , que desde hace años era utilizado como instalación gubernamental. ​ MILENIO documentó las labores que ahí se realizan. Remoción de escombros, búsqueda, rescate e identificación de cuerpos. La mañana del miércoles, a una semana de haberse derrumbado, personal con casco trabajó sobre los escombros , acompañado de al menos tres funcionarios forenses con vestimenta blanca. Un vehículo de carga, presumiblemente para el traslado de cuerpos, esperaba dentro del terreno. Mientras tres retroexcavadoras eran utilizadas esporádicamente para mover de un lado a otro los restos del edificio. Familiares de algunos deportados subieron fichas de búsqueda a la plataforma para localizar desaparecidos. Poniéndole nombre y rostro a estas probables víctimas mortales de los terremotos. Ninguna autoridad en Venezuela se ha pronunciado sobre lo ocurrido con los 146 migrantes. Si alguno sobrevivió, si murieron y cuándo serán devueltos con sus familiares. La tragedia de estos migrantes comenzó en octubre, cuando la Corte Suprema de Estados Unidos validó una política de la administración Trump que ordenó la cancelación del Estatus de Protección Temporal (TPS), afectando a alrededor de 300 mil venezolanos que entraron a ese país bajo un programa de protección humanitaria. Cada semana, Estados Unidos realiza vuelos como el que trasladó a este grupo de migrantes. RM",https://www.milenio.com/internacional/migrantes-deportados-de-eu-mueren-en-terremotos-de-venezuela
2026-03-12 14:31,Agencia AP,México,Milenio,María Corina Machado: “Trump es un aliado fundamental” para la transición en Venezuela,"La líder de la oposición venezolana, María Corina Machado , afirmó el jueves que el gobierno de Donald Trump permanece como un “aliado fundamental” para la transición democrática en Venezuela , pese al reconocimiento oficial de Estados Unidos a la chavista Delcy Rodríguez como presidenta legítima del país caribeño. ""Hay obstáculos, hay procesos complejos, pero efectivamente un aliado fundamental es el gobierno de Estados Unidos y el presidente Donald Trump"", dijo Machado en una rueda de prensa en Santiago, la primera que concede tras la decisión de Washington. El pasado jueves, Estados Unidos y Venezuela anunciaron el restablecimiento de sus relaciones diplomáticas y consulares . Días después, Trump adelantó durante la cumbre “Escudo de las Américas”, celebrada en Miami, que había reconocido formalmente al gobierno de Rodríguez. Machado, quien viajó a Chile para asistir a la investidura del presidente ultraderechista José Antonio Kas t, expresó confiar en la hoja de ruta establecida por Trump, destacando que el proceso engloba “tres fases”, que incluye la la estabilización, recuperación y transición democrática del país. “La única nación en el mundo que ha arriesgado la vida de sus ciudadanos para conseguir la libertad en Venezuela es Estados Unidos” , dijo la ganadora del Premio Nobel de la Paz, cuya medalla entregó al mandatario estadunidense, en referencia al operativo militar desplegado por Estados Unidos que culminó en la captura y detención de Nicolás Maduro . “Gracias a esa decisión del presidente Trump, hoy Nicolás Maduro enfrenta la justicia” . Machado agregó que, tan pronto sea posible, desea regresar a su país aunque aseguró que solo lo hará cuando haya estabilidad: “tenemos que asegurarnos que cada cada paso que damos sea firme” , matizó. En ese sentido, denunció que Rodríguez es “parte medular, fundamental, de la estructura del régimen criminal de Nicolás Maduro” y destacó que Estados Unidos “le ha dado claras instrucciones para que sectores del régimen desmonten la propia estructura represiva, de corrupción y criminal que ellos armaron”. Machado también se refirió a los millones de venezolanos desplazados debido a la crisis política, económica y social que azota el país tras participar la víspera en la investidura del ahora presidente Kast , un ultraderechista que ha prometido tipificar la inmigración irregular como un delito y expulsar los cerca de 330 mil extranjeros indocumentados que viven en Chile, en su gran mayoría venezolanos. Aseguró en ese marco estar “muy agradecida del presidente Kast“ , recalcando que ”todo país tiene el derecho, el deber, de garantizar su seguridad"" . Con unos 19 millones de habitantes, Chile se ha convertido en los últimos años en uno de los principales destinos de la inmigración latinoamericana. En 2024, la población extranjera representó el 8,8% del total nacional, el doble respecto a 2017 y encabezada por los venezolanos (41,6%). CHZ",https://www.milenio.com/internacional/maria-corina-machado-afirma-trump-es-aliado-clave-en-venezuela
2026-01-06 22:06,Carlos Zaid,México,Milenio,Migrantes venezolanos ven esperanza tras detención de Nicolás Maduro,"Existe expectativa de que, tras el conflicto en Venezuela con la intervención de Estados Unidos , mejoren las condiciones de vida de la población , que por décadas ha enfrentado pobreza, deficiencias en servicios públicos, inseguridad, desempleo y falta de vivienda, situación que ha obligado a miles de personas a abandonar el país. Valentina Rodríguez llegó al Estado de México hace poco más de dos semanas procedente de Venezuela, donde dejó a sus hijos pequeños. En entrevista con Milenio Estado de México , explicó que decidió migrar debido a la crisis que vive su país y porque en México reside su hermana , quien cuenta con residencia permanente desde hace diez años. Rodríguez consideró que el escenario actual podría abrir una etapa de cambio para su nación, aunque advirtió que la recuperación no será inmediata. Señaló que la falta de ingresos, el alto costo de los alimentos y el colapso de los servicios básicos fueron determinantes para abandonar Venezuela. La joven explicó que, una vez que la situación se normalice, su intención es regresar, aunque reconoce que ese proceso tomará tiempo. Este día, Valentina acudió junto con un grupo de aproximadamente 30 personas a las instalaciones de la Comisión Mexicana de Ayuda a Refugiados (COMAR) , ubicadas en la calle Los Remedios, en la colonia San Luis Tlatilco, en Naucalpan, para solicitar residencia permanente. La COMAR, organismo dependiente de la Secretaría de Gobernación, es la instancia encargada de recibir y analizar las solicitudes de reconocimiento de la condición de refugiado y de otorgar protección complementaria a personas extranjeras que lo requieran. Como parte del proceso, la institución entrega una constancia que acredita el inicio del trámite y protege a la persona solicitante de ser devuelta a su país de origen. Entre enero y septiembre de 2025, la COMAR registró más de 58 mil 800 solicitudes de refugio de distintas nacionalidades. Tan solo entre octubre de 2024 y junio de 2025 se contabilizaron 42 mil 145 solicitudes, de las cuales 39 mil 048 fueron admitidas a trámite, principalmente de personas originarias de Honduras, Cuba, Haití, El Salvador y Venezuela. kr",https://www.milenio.com/comunidad/migrantes-venezolanos-ven-esperanza-tras-conflicto-con-eu
2025-12-11 17:36,Ramón Bragaña,México,Milenio,Migrantes venezolanos varados en Oaxaca celebran el Nobel de María Corina Machado,"La esperanza regresó para 52 migrantes venezolanos deportados , —quienes permanecen en un albergue de San Pedro Tapanatepec, Oaxaca— luego de que María Corina Machado recibió el Premio Nobel de la Paz , un símbolo de lucha contra el régimen de Nicolás Maduro. María Ángeles, migrante venezolana, explicó a MILENIO que ella, su esposo y su hija de tres meses de edad, tuvieron que salir del país porque su esposo, quien era policía, se negó a reprimir a los manifestantes en la pasada elección , donde, según los venezolanos, se consumó otro fraude más de los cometidos por Maduro. Para María Ángeles y para el resto de la población, quienes son parte de los nueve millones de venezolanos que han emigrado para mejorar su calidad de vida, el Premio Nobel de la Paz muestra el verdadero sentimiento venezolano . La mujer y sus paisanos que se encuentran en el albergue ubicado en la zona oriente del Istmo de Tehuantepec, han iniciado los trámites para regularizar su estancia en el país; sin embargo, ese asunto se debe resolver en un plazo estimado de seis meses. Este jueves, la ganadora del Premio Nobel de la Paz anunció que planea llevar su premio de regreso a Venezuela, pero se negó a revelar cuándo regresaría , tras haber dejado el país en secreto para recibir el galardón. La líder de la oposición venezolana arribó a Oslo esta madrugada, pero no llegó a tiempo a la capital noruega para la ceremonia de entrega del premio, celebrada horas antes. Machado salió secretamente de Venezuela rumbo a Oslo, desafiando un prohibición de viajar, impuesta por las autoridades durante una década y tras pasar más de un año escondida.  Cuando Machado ganó el Premio Nobel de la Paz en octubre, lo dedicó en parte al presidente estadunidense Donald Trump, quien ha dicho que él mismo merecía el honor. Machado se ha alineado con los halcones cercanos a Trump que argumentan que Maduro tiene vínculos con bandas criminales que representan una amenaza directa para la seguridad nacional de Estados Unidos, a pesar de las dudas planteadas por la comunidad de inteligencia estadunidense. En una conferencia de prensa, cuando se le preguntó a Machado si apoyaría una invasión estadunidense a territorio venezolano, respondió que su país ya había sido invadido por actores como agentes rusos e iraníes y cárteles de la droga . Con información de Reuters ksh ​",https://www.milenio.com/estados/migrantes-venezolanos-celebran-nobel-maria-corina-machado
2025-04-24 16:36,Jhonatan González,México,Milenio,Migrantes venezolanos protestan en Chiapas; piden que los retornen a su país,"Más de mil 700 personas originarias de Venezuela que abandonaron el llamado ""sueño americano"" se encuentran en lista de espera para ser retornadas a su país lo antes posible. Este jueves realizaron una protesta pacífica frente a las oficinas del Instituto Nacional de Migración (INM), al oriente de Tuxtla Gutiérrez, donde solicitaron a las autoridades mexicanas agilizar los retornos aéreos y pidieron al gobierno venezolano intervenir en el asunto. Eber Niño manifestó que no cuentan con recursos para regresar a su país. Señaló que llevan poco más de siete meses en territorio mexicano y que son muchas las familias que permanecen varadas tanto en Tapachula como en Tuxtla Gutiérrez . Desde febrero a la fecha, más de mil 700 personas se han anotado en la lista para retornar a Venezuela, situación que se ha intensificado desde que Donald Trump asumió nuevamente la presidencia de Estados Unidos. La mayoría también permanece varada en Tapachula , junto a miles de migrantes de distintas nacionalidades. Alice Urbina Vázquez se encuentra en la frontera sur y ya no puede continuar su camino debido a que su pasaporte venció y sus hijos no cuentan con dicho documento . Decidieron regresar a su país, pero han pasado varios meses sin poder movilizarse . Está a la espera desde el 4 de febrero , junto a su familia, de ser llamada tras haberse anotado en la lista de espera para abordar un vuelo humanitario , como ya lo han hecho cientos de venezolanos. Asegura que se unió a la protesta pacífica para que los gobiernos de México y Venezuela los tomen en cuenta. Adelaida Álvarez declaró que es una de las personas que ya no lograron avanzar hacia el centro y norte del país para intentar cruzar a Estados Unidos . Actualmente busca ser parte de quienes retornan en vuelos humanitarios a Venezuela para comenzar de nuevo. De manera reciente, 70 personas fueron retornadas , sin embargo, más de mil 700 continúan varadas en Chiapas . Lamentó que se dé prioridad a familias con niños , pero recordó que todos son seres humanos y también requieren retornar a Venezuela . Aclaró que no pretenden avanzar hacia el norte de México , sino únicamente regresar a su país . MO",https://www.milenio.com/estados/migrantes-protestan-en-tuxtla-gutierrez-piden-volver-a-venezuela
2025-04-20 16:34,Agencia EFE,México,Milenio,Bukele propone a Maduro liberar a presos políticos a cambio de migrantes venezolanos,"El presidente de El Salvador, Nayib Bukele , le propuso este domingo a su homólogo venezolano, Nicolás Maduro , un acuerdo humanitario. Éste consiste en repatriar a los migrantes venezolanos expulsados desde Estados Unidos y detenidos en una cárcel de máxima seguridad del país centroamericano, acusados de pertenecer a la banda criminal transnacional Tren de Aragua , a cambio de la liberación de los presos políticos. Señor @NicolasMaduro , usted ha dicho en numerosas ocasiones que quiere a los venezolanos de regreso y en libertad. A diferencia de usted, que tiene presos políticos, nosotros no tenemos presos políticos. Todos los venezolanos que tenemos bajo custodia fueron detenidos en el… El mandatario salvadoreño expresó que ""a diferencia de nuestros detenidos, muchos de los cuales han asesinado, otros han cometido violaciones, y algunos incluso habían sido arrestados en múltiples ocasiones antes de ser deportados, sus presos políticos no han cometido ningún delito"". En el mensaje, Nayib Bukele expresó que algunos presos políticos son: El mandatario mencionó también a los cuatro dirigentes políticos asilados en la embajada de Argentina y otros venezolanos presos políticos. Además, ""se incluirían los casi 50 ciudadanos detenidos de otras nacionalidades: estadunidense, alemana, dominicana, argentina, boliviana, israelí, chilena, colombiana, ecuatoriana, española, francesa, guyanesa, neerlandesa, iraní, italiana, libanesa, mexicana, peruana, puertorriqueña, ucraniana, uruguaya, portuguesa y checa"". ​",https://www.milenio.com/internacional/bukele-pide-liberar-presos-politicos-migrantes-venezolanos
2025-04-19 10:19,Agencia Reuters,México,Milenio,Corte Suprema bloquea deportación de migrantes venezolanos en EU,"La Corte Suprema de Estados Unidos detuvo el sábado a la administración del presidente Donald Trump de deportar a hombres venezolanos bajo custodia de migración después de que sus abogados dijeran que estaban en riesgo inminente de expulsión sin la revisión judicial previamente ordenada por los jueces. La Casa Blanca no respondió inmediatamente el sábado las peticiones de comentarios. Los jueces conservadores Clarence Thomas y Samuel Alito disintieron públicamente de la decisión, emitida hacia las 12:55 horas (22:55 en CdMx). Los abogados de la Unión Estadunidense por las Libertades Civiles (ACLU, por sus siglas en inglés) presentaron el viernes solicitudes urgentes en múltiples tribunales, incluida la Corte Suprema, instando a una acción inmediata tras informar de que algunos de los hombres ya habían sido subidos a autobuses y se les había comunicado que iban a ser deportados. La ACLU dijo que la rápida evolución de los acontecimientos significaba que el gobierno estaba dispuesto a deportar a los hombres utilizando una ley de 1798 que históricamente sólo se ha empleado en tiempos de guerra, sin darles una oportunidad realista de impugnar su expulsión, como había exigido la Corte Suprema. ???? @MSNBC cuts away from Oval Office coverage just as @POTUS reads the facts about Salvadoran MS-13 gangbanger Kilmar Abrego Garcia. The Fake News doesn't want the American people to know the TRUTH. pic.twitter.com/QkpK0JK2Hl El caso plantea interrogantes sobre la adhesión de la administración Trump a los límites establecidos por la Corte Suprema. Conlleva el riesgo de un choque significativo entre las dos ramas coiguales del gobierno y potencialmente una crisis constitucional en toda regla . Elegido el año pasado con la promesa de tomar medidas enérgicas contra los migrantes, Trump invocó la Ley de Enemigos Extranjeros de 1798 en un intento de deportar rápidamente a los miembros acusados del Tren de Aragua , una banda criminal originaria de las cárceles venezolanas que su administración califica de grupo terrorista. Trump y sus principales ayudantes han afirmado que su poder ejecutivo les otorga una amplia autoridad en asuntos de migración, poniendo a prueba el equilibrio de poderes entre las ramas del gobierno . Durante una audiencia el viernes, un abogado del gobierno dijo en un caso relacionado que no estaba al tanto de los planes del Departamento de Seguridad Nacional para deportar a los hombres el viernes, pero que podría haber deportaciones el sábado. Trump se anotó una victoria el viernes cuando un tribunal de apelaciones dejó en suspenso una amenaza del juez de distrito James Boasberg de presentar cargos por desacato . Boasberg también denegó una solicitud de ACLU para bloquear a Trump de deportar a presuntos miembros del Tren de Aragua , citando un fallo de la Corte Suprema del 7 de abril que permitió a Trump usar la Ley de Enemigos Extranjeros , aunque con ciertos límites. REPORTER: There's a group of Venezuelan men in Texas who have been alerted that they are soon going to be deported under the Alien Enemies Act. Have you authorized that operation? @POTUS : ""If they're bad people I would certainly authorize it, yeah... our people voted for me to… pic.twitter.com/xRb6YfZYEy Boasberg dijo que le preocupaba que el gobierno deportara a más personas tan pronto como el sábado , pero que ""en este momento simplemente no creo que tenga el poder de hacer nada al respecto"". Trump pidió hace un tiempo la destitución de Boasberg tras un fallo adverso, lo que provocó una rara reprimenda del presidente de la Corte Suprema, John Roberts. Mientras se desarrollaba una audiencia en el tribunal de Boasberg, la ACLU trabajaba en una vía separada para detener las deportaciones de venezolanos detenidos en Texas. Los abogados de la ACLU se presentaron ante la Corte Suprema después de no obtener una respuesta rápida de las presentaciones anteriores el viernes ante el juez de distrito James Hendrix en Abilene, Texas, y la Corte de Apelaciones del Quinto Circuito en Nueva Orleans para bloquear cualquier deportación de este tipo. En la orden del sábado, la Corte Suprema invitó a la administración a presentar una respuesta a la solicitud de la ACLU después de que el Quinto Circuito actuara . La ACLU dijo que los hombres habían recibido formularios que indicaban que estaban clasificados como miembros del Tren de Aragua . La cuestión es si la administración Trump ha cumplido con el estándar de la Corte Suprema para proporcionar a los detenidos el debido proceso antes de enviarlos a otro país, posiblemente a la notoria prisión en El Salvador donde otros están encarcelados. No estaba claro el viernes cuántas personas potencialmente iban a ser deportadas, y a dónde podrían ser llevadas . SNGZ ​ ​",https://www.milenio.com/internacional/corte-suprema-bloquea-deportacion-migrantes-venezolanos-eu
2025-04-18 18:57,Agencia EFE,México,Milenio,"EU pretende enviar más migrantes venezolanos a El Salvador, acusa la ACLU","La ACLU (Estadunidense por las Libertades Civiles) denunció que el gobierno de Estados Unidos busca expulsar a más migrantes venezolanos a El Salvador, la organización presentó recursos de emergencia , incluso dirigidos al Supremo, para frenar el traslado de los suramericanos. En las demandas, la ACLU le solicita a las cortes que intervengan para evitar que los migrantes no sean expulsados del país bajo la Ley de Enemigos Extranjeros de 1798, que solo se ha usado en tiempos de guerra. La organización argumenta que el gobierno Trump está ignorando una decisión del Supremo al querer expulsar a los migrantes sin ""notificar (a sus abogados) o darles una oportunidad de ser escuchados"". La ACLU asegura que, según información entregada por familiares de los detenidos en un centro en Anson (Texas), e l gobierno busca enviar a los migrantes al país centroamericano esta noche o mañana. Según el recurso, los migrantes son acusados por oficiales del Servicio de Inmigración y Aduanas ( ICE ) de pertenecer al Tren de Aragua, una banda criminal transnacional originada en una cárcel de Venezuela . Además, se les entregaron documentos en inglés para que los firmaran y aceptaran su expulsión. Los magistrados del Supremo emitieron un fallo que permite al gobierno continuar con las expulsiones de migrantes a una megacárcel en El Salvador, siempre y cuando se les notifique del traslado y se les dé la oportunidad de impugnar la decisión dentro de un periodo ""razonable"". El gobierno de Estados Unidos llegó a un acuerdo con el presidente de El Salvador, Nayib Bukele , para poder enviar a migrantes detenidos en el país hacia el Centro de Confinamiento del Terrorismo ( Cecot ), una prisión de máxima seguridad sobre la recaen denuncias de abusos a los derechos humanos. Como parte del trato, del que no se conocen detalles específicos, Washington pagará a El Salvador seis millones de dólares anuales para sostener el sistema carcelario del país centroamericano. En total, Estados Unidos ha enviado a más de 200 migrantes, en su mayoría venezolanos, a esta cárcel , acusándolos de pertenecer al Tren de Aragua . Sin embargo, según un análisis publicado la semana pasada por el portal Bloomberg, un 90 por ciento de los más de 200 hombres que Estados Unidos tiene encarcelados en El Salvador no tienen antecedentes penales en territorio estadunidense . ​ARE",https://www.milenio.com/internacional/eu-pretende-enviar-migrantes-venezolanos-salvador-senala-aclu
2025-04-15 15:04,Abraham Jiménez,México,Milenio,"Migrantes venezolanos piden retornar a su país, mantendrán protestas para su repatriación","Migrantes venezolanos que se encuentran en Tapachula , piden a las autoridades mexicanas y venezolanas que implementen un corredor humanitario que les permita retornar a su país . La gran mayoría de estos migrantes venezolanos quedó atrapada tras las políticas migratorias de Estados Unidos que implementó Donald Trump, las cuales no permiten el ingreso de migrantes e incluso contemplan programas de deportación para regresarlos a su país de origen. Este pasado martes, los migrantes protestaron en las afueras de la estación migratoria siglo 2 1 , para pedir al presidente de Venezuela, Nicolás Maduro, que les ayuden con vuelos humanitarios para poder retornar a su país. Y es que con el cierre de la aplicación CPONE , la gran mayoría de migrantes se quedaron varados en México sin tener idea de si intentar cruzar de manera ilegal a Los Estados Unidos, quedarse en el país o regresar a sus lugares de origen, por lo que muchos de estos migrantes han decidido mejor intentar retornar a su país. En este sentido poco más de 200 migrantes que se manifestaron para exigir a las autoridades venezolanas abrir un corredor migratorio , en la que un grupo de mujeres venezolanas y personas de la tercera edad mostraron algunas cartulinas pidiendo ayuda “¡Ayuda Aviones Tapachula”, “Queremos regresar a nuestro país”, “Sr presidente, presidente Maduro Somos dos mil migrantes en Tapachula, Tuxtla Gutiérrez y Ciudad de México, ¡urgentes vuelos humanitarios!”, eran algunas de las pancartas que mostraban. Por su parte, se indica que el Instituto Nacional de Migración ( INM ) tiene la disposición de acordar vuelos de repatriación a Venezuela, pero que el gobierno sudamericano aún no brinda una respuesta positiva, por lo que afirman las autoridades mexicanas siguen en este proceso de acuerdos bilaterales. Al momento se afirma que son poco más de 2.000 personas que están a la espera de los vuelos humanitarios , ya que hacerlo por su cuenta les cuesta alrededor de 1.000 dólares, siempre y cuando tengan pasaporte vigente, sin embargo, la mayoría cuenta con su cédula de identidad. Por el momento, se mantienen grupos de migrantes a las afueras de las instalaciones de la estación migratoria siglo XXI, donde esperan una respuesta favorable a su petición , se prevé que para el día de mañana se manifiesten de nueva cuenta, pidiendo a las autoridades venezolanas abrir el corredor humanitario. ​AH",https://www.milenio.com/estados/migrantes-venezolanos-protestan-para-su-repatriacion-en-chiapas
2025-03-30 16:42,Agencia AFP,México,Milenio,"Llega vuelo con 175 deportados desde EU a Venezuela; reciben al primer criminal de ""peso""","Las autoridades de Venezuela informaron este domingo sobre la llegada del primer criminal de ""peso"" deportado de Estados Unidos al recibir un nuevo vuelo con 175 migrantes venezolanos expulsados por Washington. En medio del endurecimiento de su política migratoria, el gobierno del presidente estadunidense, Donald Trump, ha tachado a los migrantes irregulares de criminales y ha acusado a muchos venezolanos de pertenecer a la temida banda Tren de Aragua . #SiNosBuscanNosEncuentran | El vicepresidente sectorial de Política, Seguridad Ciudadana y Paz, Diosdado Cabello Rondón ( @dcabellor ), en nombre de presidente de la República, Nicolás Maduro, recibió este domingo 175 venezolanos provenientes de los Estados Unidos que arriban a la… pic.twitter.com/si6pgZIsV9  El ministro, que ha rechazado en distintas oportunidades los señalamientos de Estados Unidos contra los migrantes, insistió en afirmar que hasta ahora en los vuelos de deportación no ha llegado ningún miembro del Tren de Aragua . Venezuela y Estados Unidos, con relaciones diplomáticas rotas desde 2019, tuvieron un acercamiento en enero pasado para acordar vuelos de deportación. El pacto fue interrumpido durante un mes luego de que Washington revocara la licencia a la petrolera Chevron para operar en Venezuela en medio del embargo impuesto por Washington en 2019. Los vuelos se retomaron hace una semana. El de este domingo es el tercero en aterrizar en el país desde la reanudación , aunque el primero operado con bandera estadunidense desde que se anunció el acuerdo. Los anteriores vuelos habían sido operados por la estatal aerolínea venezolana Conviasa. En total, 918 personas han llegado a Venezuela deportadas de Estados Unidos . Otros 553 migrantes han retornado procedentes de México y no está claro si estuvieron en suelo estadunidense. Según la ONU, casi 8 millones de venezolanos han dejado su país huyendo de una crisis económica que comenzó a revertirse en 2021. El gobierno asegura que más de un millón 200 mil han regresado . ksh ​",https://www.milenio.com/internacional/venezuela-recibe-criminal-peso-deportado-eu
2025-03-23 16:07,Agencia EFE,México,Milenio,"Nicolás Maduro exige a EU cesar ""persecución"" contra migrantes venezolanos","Nicolás Maduro , presidente de Venezuela, exigió, el domingo 23 de marzo, a Estados Unidos que cese la “persecución” contra los migrantes venezolanos y reiteró que la deportación de más de 200 ciudadanos del país caribeño hasta El Salvador es un “secuestro”. El sábado, Venezuela anunció que acordó con Estados Unidos reanudar los vuelos de repatriación de migrantes a partir del domingo 23 de marzo, luego de haber denunciado un bloqueo por parte del Departamento de Estado estadunidense de las operaciones de deportación. El primer vuelo está programado para el domingo y tendrá lugar después de que Washington enviara a más de 200 migrantes venezolanos a El Salvador, detenidos por su presunta vinculación con la organización criminal Tren de Aragua. El jueves, el representante del chavismo en las negociaciones con Estados Unidos, Jorge Rodríguez, anunció que la Administración de Maduro, está contactando a ""los mejores bufetes en materia de migración"" en el país de las barras y las estrellas para que representen al país caribeño y a ""todos y cada uno de los migrantes venezolanos"". De igual forma, aseguró que ya han ""contratado a los mejores bufetes de abogados en El Salvador para que defiendan"" y ""logren la libertad"" de los deportados al país centroamericano. Venezuela dijo este lunes que el traslado de más de 200 migrantes desde Estados Unidos a El Salvador el domingo, bajo la Ley de Enemigos Extranjeros invocada por el presidente Donald Trump, fue un ""vulgar secuestro"" y denunció que esta operación se llevó a cabo sin garantizar sus derechos humanos ni el debido proceso. En este sentido, el gobierno de Nicolás Maduro emitirá ""una solicitud para que ningún venezolano"" viaje a Estados Unidos. RM",https://www.milenio.com/internacional/nicolas-maduro-exige-a-eu-cesar-persecucion-a-migrantes-venezolanos
2025-03-19 01:15,Daniela Pacheco,México,Milenio,"El Salvador, convertido en el nuevo Guantánamo","Venezuela aseguró que no descansará hasta rescatar a sus nacionales, a quienes considera ""secuestrados"" en El Salvador, país al que Estados Unidos envió a más de 250 migrantes acusados de ser supuestamente integrantes de la banda criminal Tren de Aragua. El país del eterno intervencionismo y su nuevo aliado en América Latina, en cabeza de Nayib Bukele, deciden el destino de cientos de personas de una tercera nacionalidad que ni siquiera pudieron acceder a un debido proceso. La deportación de migrantes venezolanos se hizo bajo el marco de una ley de 1978, conocida como de Enemigos Extranjeros, que permite al presidente de EE.UU. ordenar la detención y deportación de foráneos que amenacen la seguridad del país en tiempos de guerra, a pesar de la reciente orden de un juez de frenar por 14 días este tipo de acciones. Su último uso data de la II Guerra Mundial para deportar a ciudadanos de ascendencia japonesa. Con la decisión de Donald Trump, todos los venezolanos mayores de 14 años que pertenezcan al Tren de Aragua, organización designada como terrorista por la Casa Blanca, se encuentren en EE.UU. y no estén naturalizados o sean residentes permanentes legales, pueden ser detenidos y expulsados. Así como en su momento lo hicieron con migrantes colombianos deportadas y deportados, a quienes Trump calificó de “asesinos, capos narcos, miembros de bandas, la gente más ruda que has conocido o visto”, y de los cuales se supo posteriormente que ninguno tenía antecedentes penales, la Casa Blanca describió como “monstruos atroces y terroristas” a los más de 250 deportados venezolanos. Sin ninguna prueba de vinculación criminal, más allá de la criminalización de la migración, Bukele se mostró orgulloso de los resultados de su trato con el secretario de Estado estadounidense, Marco Rubio. Sus “buenos oficios” le generarán, al menos de forma inicial y según información de la agencia AP, unos 6 millones de dólares. Seguramente, no sin que Estados Unidos olvide las denuncias por corrupción de miembros del Gabinete de Bukele en ese país y su conexión con las pandillas, así como las sistemáticas violaciones a los derechos humanos derivadas de la “política de seguridad” del nuevo consentido de Trump. Parece que convertirse en el nuevo Guantánamo, este sí con voluntad del propio gobierno, traerá una nueva articulación entre mandatarios de extrema derecha que desprecian abiertamente la democracia. Mientras tanto, los migrantes quedan aislados de sus familiares, sus derechos suspendidos, y al vaivén de la poca transparencia en la información que caracteriza al Gobierno de Nayib Bukele. Hay quienes aplauden o al menos se acostumbraron a las escenas cinematográficas en las que se retrata el desprecio por la condición humana, impulsadas por el mandatario salvadoreño. Sin embargo, cuando se violan los derechos constitucionales de una persona, todos nuestros derechos constitucionales están en peligro. No es ningún poder justiciero, sino la renuncia de un Estado a su obligación de preservar la vida y garantizar justicia. La estrategia de Trump y Bukele no es solo una demostración conjunta de autoritarismo, sino un experimento político peligroso: la normalización de la violencia estatal contra grupos vulnerables, bajo la justificación de la seguridad nacional. La criminalización de la migración, sin pruebas ni debido proceso, no sólo destruye vidas y familias, sino que también sienta un perturbador precedente para futuras políticas de represión en la región. Hoy son las y los migrantes latinos los convertidos en chivos expiatorios, pero mañana Trump irá por los negros, por las diversidades, y por toda y todo aquel que no encaje en su visión de nación. La pregunta no es sólo qué tan lejos llegará el mandatario republicano en su cruzada, sino hasta qué punto los pueblos y los gobiernos seguirán permitiendo que el miedo justifique la violación de derechos fundamentales.",https://www.milenio.com/opinion/daniela-pacheco/mirada-latinoamericana/el-salvador-convertido-en-el-nuevo-guantanamo
2025-02-24 09:28,Agencia Reuters,México,Milenio,"Aterriza avión con 242 migrantes venezolanos en su país, provenientes de México","Un tercer grupo de migrantes venezolanos llegó el lunes procedente de México, tras ser trasladados desde Estados Unidos, en un vuelo en que venían 242 personas, incluyendo 74 mujeres, adolescentes y niños , algunos sin identificación. Estados Unidos viene avanzando desde inicios de febrero en el proceso para poner fin a la protección contra la deportación de cientos de miles de venezolanos como parte de las medidas migratorias del presidente estadunidense, Donald Trump. El ministro del Interior, Diosdado Cabello, quien estuvo en el aeropuerto a las afueras de Caracas para la llegada de la nave de Conviasa, la aerolínea estatal venezolana, dijo que en el grupo que arribó por primera vez vinieron mujeres, niños y niñas . Cabello agregó que algunos de los menores ""nacieron por allá"" en el exterior y carecían de documentos venezolanos , pero señaló que se les entregarían. Con las decisiones de la administración Trump, unos 348 mil venezolanos con Estatus de Protección Temporal (TPS, por su sigla en inglés) perderán el alivio de la deportación y el acceso a permisos de trabajo para abril , según un aviso relacionado del gobierno, que dijo que las condiciones en Venezuela ya no justificaban las protecciones y que eran contrarias a los intereses del país. #ÚltimoMinuto | llegan 242 nuevos migrantes venezolanos procedentes de México. El protocolo es diferente, informó el Ministro de Interior y Justicia, Diosdado Cabello porque vienen mujeres, niños, hombres y una adolescente de 16 años sola que será recibida por su papá. pic.twitter.com/8wVNfXzujd Con el vuelo del lunes han retornado al país 609 ciudadanos, luego que el 10 de febrero llegaran los dos primeros vuelos con un 190 hombres venezolanos entre 20 y 30 años y el jueves pasado arribaran otros 177 desde la base naval estadounidense en Guantánamo, Cuba, que pasaron por Honduras y finalmente llegaron a Venezuela. Entre esos deportados que llegaron el jueves pasado había 126 personas con cargos o condenas penales , 80 de las cuales estaban presuntamente afiliadas a la banda Tren de Aragua , dijo un portavoz del Departamento de Seguridad Nacional de Estados Unidos, que añadió que 51 no tenían antecedentes penales. No quedan migrantes detenidos en Guantánamo tras las deportaciones del jueves pasado, dijo el portavoz. SNGZ ​",https://www.milenio.com/internacional/venezuela-recibe-avion-242-migrantes-deportados-eu
2025-02-20 17:11,Agencia EFE y AFP,México,Milenio,EU asegura haber iniciado el traslado de 177 migrantes desde Guantánamo hacia Venezuela,"El gobierno de Estados Unidos aseguró este jueves que inició el traslado de 177 migrantes retenidos en la base militar de Guatánamo, en Cuba, hacia Venezuela. En una publicación en la plataforma X, el Servicio de Inmigración y Aduanas (ICE) dio a conocer que un avión del gobierno estadunidense transportó hoy a los migrantes desde la base hacia Honduras, donde fueron ""recogidos por el gobierno venezolano y llevados a su país de origen"". Un vuelo con 170 migrantes venezolanos deportados por Estados Unidos llegó este jueves a la base militar estadunidense en Honduras, donde abordaron otro avión enviado por el gobierno de Nicolás Maduro con destino a Caracas, informó el gobierno izquierdista hondureño. El canciller hondureño Enrique Reina publicó una foto, en su cuenta en la red social X, que muestra el avión de la compañía estadounidense GlobalX en la base de Palmerola, unos 50 kilómetros al norte de Tegucigalpa, el cual según el portal flightradar24 llegó procedente de Guantánamo (Cuba). En un trabajo conjunto, por instrucciones de la Presidenta @XiomaraCastroZ en cooperación con los EE.UU., y la República Bolivariana Venezuela con quienes Honduras tiene relaciones diplomáticas, con la labor de @Sedenahn @riximga @CancilleriaHN se realizan Acciones Humanitarias… pic.twitter.com/wC4Y2mXTt1 La AFP no ha logrado confirmar con autoridades del gobierno si el avión llegó de la base militar estadunidense de Guantánamo , donde el gobierno de Donald Trump ha enviado migrantes, incluidos con antecedentes penales. Los migrantes abordarán un vuelo de la aerolínea venezolana Conviasa, según la publicación del canciller, quien aseguró que el traslado responde a un trabajo de ""cooperación"" con Estados Unidos y Venezuela. En la red social X, la embajadora de Estados Unidos en Honduras, Laura Dogu, agradeció al gobierno de Xiomara Castro, aliada de Maduro. El Presidente Trump trabaja para hacer que EE.UU, y la región sean más seguras, más protegidas y más prósperas. Apreciamos los esfuerzos de la Presidenta @XiomaraCastroZ , @cancilleriahn y @Sedenahn para recibir los vuelos. https://t.co/ecE8aEHWua El vicecanciller hondureño, Tony García, dijo a la AFP que Honduras no se está convirtiendo en un ""tercer país seguro"" o ""puente"" de migrantes expulsados por la administración de Trump, como han hecho otros países de Centroamérica. ""Este es un trasbordo"", los migrantes ""se cambian de avión y siguen"" hacia su país, no se quedan en albergues -como en Panamá y Costa Rica-, subrayó García, quien, ante la consulta de si el vuelo partió de Guantánamo, dijo tener información de que ""llegó de Estados Unidos"". Los migrantes venezolanos deportados por Estados Unidos llegaron a Caracas, así fue dado a conocer mediante redes sociales. Personal del aeropuerto, así como medios de comunicación esperaron su descanso de los ciudadanos, quienes levantaron los brazos al bajar del avión. ???????????????? | Llegaron a Caracas los criminales deportados desde la Base Naval de Guantánamo. pic.twitter.com/11B6XFcLky   Un total de 135 migrantes de diversas nacionalidades, entre ellos 65 niños, deportados por Estados Unidos llegaron el jueves a Costa Rica, desde donde serán repatriados, informó el gobierno. El vuelo de la aerolínea GlobalX, procedente de San Diego, arribó a una base junto al aeropuerto internacional Juan Santamaría, 20 kilómetros al noroeste de la capital, constató un periodista de AFP . Los deportados , entre ellos dos embarazadas, fueron llevados hacia autobuses en los que están siendo trasladados a un centro de migrantes, a unos 370 kilómetros de San José, en la frontera con Panamá, para seguir el proceso de repatriación. Omer Badilla, viceministro de Gobernación de Costa Rica, precisó que en el grupo llegaron 65 niños, todos con algún familiar, y que ninguno de los migrantes tiene antecedentes penales. En el grupo hay ciudadanos de Afganistán, China, Rusia, Irán, Armenia, Georgia, Vietnam, Jordania, Kazajistán y Ghana. Costa Rica, al igual que Panamá, sirve de puente a las deportaciones masivas del gobierno de Donald Trump. Guatemala también ofreció su territorio pero aún no recibe vuelos de deportados no guatemaltecos. La semana pasada llegaron a Panamá 299 migrantes asiáticos, un centenar de los cuales fueron trasladados el martes al campamento de refugio de San Vicente, en Metetí, 230 kilómetros al este de la capital, en la selvática provincia del Darién. La República Bolivariana de Venezuela informó que en el marco del Plan de Vuelta a la Patria solicitó la repatriación de un grupo de connacionales que fueron llevados injustamente a la base naval de Guantánamo. Mediante un comunicado se informó que dicho requerimiento ha sido aceptado y los ciudadanos han sido trasladados a Honduras desde donde serán recuperados por aviones Conviasa y traídos de regreso para reunirse con sus familiares. La mayoría de los líderes de la Comunidad del Caribe (Caricom) se mostraron este jueves dispuestos a aceptar a sus ciudadanos que sean deportados desde Estados Unidos por la política migratoria del presidente estadunidense, Donald Trump. En la misma línea, su homólogo de Antigua y Barbuda, Gaston Browne, aseguró que su deber es aceptar a sus ciudadanos porque no quiere convertirlos en apátridas. Por su parte, el ministro de Asuntos Exteriores de San Cristóbal y Nieves, Denzil Douglas, pidió que se establezcan y se sigan los protocolos públicos y los nombres de los inmigrantes se envíen previamente a las autoridades . El primer ministro de Montserrat, Reuben Meade, propuso a los líderes caribeños fomentar el turismo de otras potencias mundiales como Europa, Canadá, China o la India, y no de Estados Unidos. Meade comentó a EFE que el Caribe sigue preocupándose demasiado por Estados Unidos cuando, en realidad, hay otros actores en el mundo. Trump dio ayer un paso más en su política de mano dura contra la inmigración ilegal, que ha llevado a la detención masiva de personas indocumentadas en Estados Unidos. y su posterior deportación a sus países de origen. Se trata de una orden ejecutiva para eliminar las prestaciones federales dirigidas a migrantes indocumentados y mejorar los criterios de verificación para la obtención de esas ayudas. HCM ​",https://www.milenio.com/internacional/eu-asegura-haber-iniciado-traslado-177-migrantes-desde-guantanamo
2024-10-16 21:17,Agencia EFE,México,Milenio,Migrantes en Denver buscan trabajo y vivienda digna mientras Trump los criminaliza,"Moisés Didenot y su esposa conversaban con sus vecinos afuera del conjunto de apartamentos donde viven . Era un viernes por la noche, el sol de verano ya se había escondido y varios niños jugaban bajo la mirada atenta de sus padres. De repente, cuatro hombres y una mujer, algunos armados y con pasamontañas, se acercaron: ""Venimos a protegerlos de la delincuencia "", les dijeron. Ellos, sorprendidos, les pidieron que se fueran porque había menores en la zona. Aurora, un suburbio de Denver donde más de 40 mil migrantes venezolanos como Didenot han llegado en los últimos dos años , se ha convertido en una zona cero de la desinformación en las elecciones estadunidenses del 5 de noviembre . El ex presidente y candidato republicano Donald Trump visitó Aurora la semana pasada, dibujándola como una ciudad "" invadida "" por el Tren de Aragua , una banda criminal transnacional de origen venezolano . Las autoridades locales han refutado esta narrativa, acusando al republicano de estar "" exagerando gravemente "". En medio de esta tormenta política, los migrantes describen un ambiente de ""miedo"" y denuncian intimidaciones, mientras luchan por construir una vida en Estados Unidos para poder sostener a sus seres queridos en Venezuela. La visita del grupo armado en casa de Didenot sucedió cuatro días antes del debate presidencial en septiembre, cuando Trump replicó en cadena nacional una información falsa que ya era viral en redes sociales: el Tren de Aragua había "" tomado "" varios edificios de Aurora. En realidad, tanto el conjunto residencial donde vive Didenot como otros tres en la ciudad son propiedad de una misma empresa, envuelta en líos legales desde 2023 debido al deterioro de los apartamentos, explica a EFE la alcaldía de Aurora. Según medios locales, el propio dueño de la compañía es quien creó el rumor del "" caos "" en los edificios, y poco después un video en el que se ve a varios hombres armados entrar a uno de los apartamentos recorrió las principales cadenas de televisión nacionales . La Policía de Aurora ha arrestado a una decena de personas "" relacionadas "" con el Tren de Aragua que han sido acusadas de una serie de delitos , incluyendo agresión, abuso doméstico e intento de asesinato. La mayoría de ellos, menores de 25 años. La alcaldía aclara que estos son "" incidentes específicos "" que han sido "" caracterizados erróneamente "". Los residentes de los apartamentos coinciden con esa visión y cuestionan incluso que los detenidos sean realmente miembros del grupo criminal. Varios migrantes que piden ocultar su identidad señalan a EFE que creen que los jóvenes arrestados usan el nombre del Tren de Aragua para intimidar , pero no están vinculados con la organización. Mike LaSusa, investigador en el centro de pensamiento InSight Crime , explica a EFE que no existen "" indicios "" de que la pandilla opere como un grupo "" coordinado "" en Estados Unidos, sino que su presencia está ligada a casos individuales. Los edificios han sido abandonados por la empresa, que lleva varios meses sin cobrar el alquiler. Varias ventanas están rotas, las escaleras se ven roídas y en los pasillos hay muebles rotos y bolsas de basura . Hace varias semanas que Carlos Daniel Ordosgoitti y su novia, Iranny Carreño, no pueden dormir en paz por los ratones, los chinches y el temor a que lleguen desconocidos. A principios de septiembre, Ordosgoitti le concedió una entrevista en cámara a un joven que aseguró ser "" periodista "". Días después, vio con horror cómo una foto suya editada, con tatuajes en los brazos y una pistola , aparecía en YouTube . Por su parte, Didenot decidió buscar otro lugar para vivir después de que en una casa adyacente pegaron carteles alertando a los transeúntes de "" no pasar "" porque estaba el Tren de Aragua. Didenot no es el único al que le ha costado encontrar un ingreso estable . En las calles de Aurora se puede ver en varios semáforos a migrantes limpiando vidrios . José trabaja cada mañana en una avenida. La estrategia para sacarle una sonrisa a los conductores : dibujar un corazón con jabón en el parabrisas. Algunos lo reciben con amabilidad y le dan billetes de hasta veinte dólares. Otros, le insultan e incluso le han amenazado con pistolas . mach",https://www.milenio.com/internacional/migrantes-denver-enfrentan-miedo-desinformacion-eleccion
2024-08-13 16:16,Wendoline Adame,México,Milenio,Guardia Nacional se enfrenta contra migrantes venezolanos en Silao; captan disparos | VIDEO,"La noche del lunes 12 de agosto, un grupo de 48 migrantes centroamericanos, mayormente originarios de Venezuela , fue detenido por elementos de la Guardia Nacional mientras viajaban a bordo de un tren con destino a los Estados Unidos . El incidente tuvo lugar en la comunidad de San Francisco de Asís , en Silao, Guanajuato , y rápidamente escaló a un enfrentamiento entre los oficiales y los habitantes locales. Según los primeros reportes, los residentes de la comunidad intentaron intervenir en la detención, pidiendo a gritos que dejaran en paz a los migrantes. Esto desencadenó una confrontación directa con los elementos de la Guardia Nacional , durante la cual se presume que los oficiales realizaron disparos. Testigos afirman que se escucharon gritos de ""¡Asesinos!"" mientras el tren continuaba su marcha, y la situación culminó de manera trágica cuando se reportó preliminarmente que una niña de cuatro años habría sido asesinada durante el incidente. Difunden video de enfrentamiento entre migrantes y GN El hecho fue captado en video y difundido a través del portal "" José Cruz Informa "", en el cual se observa a los habitantes protestando y gritando en defensa de los migrantes, seguido de los disparos que se escuchan a lo lejos. Las autoridades aún no han emitido un comunicado oficial detallado sobre lo sucedido, y se espera que en las próximas horas se den a conocer más detalles sobre las investigaciones y posibles consecuencias del enfrentamiento . MILENIO contactó a la vocería de la Guardia Nacional de Guanajuato quien confirmó un operativo migratorio en la mencionada comunidad y aunque inicialmente negaron que hubiese disparos de arma de fuego, al mostrárseles los videos que muestran claramente las detonaciones, quedaron de comunicarse posteriormente. #VIDEO | ????️ Captan enfrentamiento entre Guardia Nacional y migrantes venezolanos en Silao. Se reportó preliminarmente la muerte de una niña de cuatro años, lo que agravó aún más la tensión en la comunidad. AQUÍ toda la información???????? https://t.co/4DkkuxPX9h pic.twitter.com/6ugQlln4fj De acuerdo a su versión, hubo un operativo de Migración en un puesto de mando de rescate humanitario denominado ' Nápoles ', cuando detectaron a bordo de un tren en tres góndolas un grupo de aproximadamente 100 migrantes , el personal habría bajado al tren para revisar el interior, en el lugar se encontraba personal del Instituto Nacional de Migración dando indicaciones a los migrantes de bajar del tren. Los migrantes comenzaron a gritar pidiendo auxilio y ello generó una respuesta de los habitantes de la comunidad que se confrontaron con la Guardia Nacional para intentar ayudarlos. Finalmente, algunos migrantes lograron huir y 48 fueron detenidos y trasladados a la oficina del INAMI en León. ​",https://www.milenio.com/politica/comunidad/guardia-nacional-enfrenta-migrantes-silao-video
2024-08-04 12:11,Agencia EFE,México,Milenio,Miedo y esperanza entre migrantes venezolanos en México,"Una mezcla de desolación y esperanza de volver a su país invade a los venezolanos varados en Tijuana, donde representan uno de cada cuatro migrantes irregulares interceptados este año , cuando se ha multiplicado el éxodo por la crisis política agravada por las elecciones del domingo pasado. Evelin Mora, venezolana de 29 años, compartió a EFE que hace nueve años tuvo que salir de manera forzada de Venezuela , por amenazas, además de las condiciones precarias y la represión que se vive en su país, por lo que dejó atrás a su familia para salvaguardar su integridad y poder continuar con el desarrollo de su vida. Las autoridades de México detectaron a casi 1.4 millones de “personas en situación migratoria irregular” entre enero y mayo de 2024, de las cuales 377 mil 401 son originarias de Venezuela, según informó el Instituto Nacional de Migración (INM). En una protesta en contra del gobierno actual de Nicolás Maduro , la venezolana Andreina Silva dijo que las familias en su país están ""aterrorizadas"" porque ""si salen, están expuestas a que los secuestren o les puedan hacer algo”. Asimismo, llamó a sus paisanos a ""que sigan luchando desde donde puedan y de manera segura"", porque, dijo, no quiere ""ver más hermanos muertos"".  Neuri Alexander Morán Sulvarán , otro manifestante venezolano, denunció que ""el gobierno dictatorial de Nicolás Maduro hoy en día está apresando a todos los venezolanos"". Un grupo de migrantes venezolanos se unió a la serie de manifestaciones impulsadas por la oposición en diversos países el sábado en contra de Nicolás Maduro y el presunto fraude electoral , con banderas de su país y pancartas con frases como “Queremos libertad en Venezuela”, “No al fraude electoral” y “Rechazo a la dictadura y la represión”. El Consejo Nacional Electoral (CNE) de Venezuela ratificó este viernes que el jefe de Estado, Nicolás Maduro, consiguió la reelección en los comicios presidenciales del domingo pasado, con 51.95 por ciento de los votos , frente al 43.18 por ciento de apoyos obtenidos por el candidato de la oposición mayoritaria, Edmundo González Urrutia, con 96.87 por ciento de las actas escrutadas. SNGZ ​ ​ ​",https://www.milenio.com/internacional/migrantes-venezolanos-mexico-experimentan-miedo-esperanza
2024-07-30 17:15,Isis Rábago,México,Milenio,Migrantes venezolanos lamentan triunfo de Maduro y se derrumba el sueño de regresar a su país,"En la colonia Santa Rosa de Gómez Palacio, Durango, alrededor de 80 migrantes de origen venezolano permanecen varados desde hace varios días, algunos hace semanas están en la espera de encontrar alguna oportunidad para continuar con su viaje a la frontera norte del país y cruzar hasta Estados Unidos hoy más que nunca. Luego de las elecciones del pasado domingo en Venezuela, en donde el Consejo Nacional Electoral (CNE) anunció el triunfo de Nicolás Maduro, el grupo manifiesta un sentimiento de tristeza y aseguran que, si los resultados hubieran sido diferentes, regresarían a trabajar a su país. Iván Manuel Marín de la ciudad de Maiquetía en Venezuela, desde hace dos meses emprendió su camino al norte y en el cruce por México ha vivido situaciones complicadas, pero hoy más que nunca tiene la decisión firme de llegar al vecino país del norte. Pero ahora el panorama es diferente pues la situación se complicó en la frontera, por eso decidió que no continuará su viaje como ilegal, sino que espera la cita del CBP One para realizar el trámite como el asilo político, lo cual podría tardar alrededor de otro mes más. En relación con los resultados electorales de las pasadas elecciones en Venezuela, para Iván Manuel el proceso fue un fraude, pues a los migrantes los contaron como si hubieran votado. Junto con el grupo de venezolanos, se encuentran también migrantes de otras nacionalidades, como hondureños y guatemaltecos que los acompañan en el camino para conseguir el tan conocido como “Sueño Americano”. Conforme a la información que han obtenido de sus familiares que permanecen en Venezuela, es que la gente está asustada, “porque el gobierno está saliendo a matar gente, a matar personas, sabe, al pueblo, están matando al pueblo, maltratando a las mujeres, la cosa está muy fuerte en Venezuela”. Para los migrantes venezolanos, los resultados de las elecciones recientes derrumban los sueños frágiles que se empezaban a construir de tener una vida mejor junto a sus seres queridos y dejar atrás la corrupción que asegura, ha vivido su pueblo durante 24 años. dahh.",https://www.milenio.com/estados/durango-migrantes-venezolanos-lamentan-triunfo-de-maduro
2024-07-28 18:32,Agencia AFP,México,Milenio,Migrantes venezolanos esperan resultado de las elecciones desde Colombia,"Vanessa despidió a su hija. Brando ha visto a sus amigos partir. En la frontera de Venezuela con Colombia , la migración domina las conversaciones durante una elección que decide entre la continuidad del presidente Nicolás Maduro o un cambio con el opositor Edmundo González Urrutia . La ONU estima que más de 7 millones de venezolanos han migrado durante el gobierno del izquierdista Maduro, quien este domingo busca un tercer mandato que lo proyectaría a 18 años en el poder. Su principal adversario es el diplomático Edmundo González Urrutia , postulado por la alianza opositora Plataforma Unitaria tras la inhabilitación de su candidata original, la liberal María Corina Machado . Su hija vive en Colombia junto a su padre, y es parte de un fenómeno migratorio que despierta preocupación en América Latina . En el estado Táchira , como suele pasar en la provincia, en especial en zonas fronterizas, los apagones eléctricos son cotidianos y la falta de combustible obliga a hacer kilométricas filas en gasolineras. Los centros electorales amanecieron con extensas filas en San Cristóbal , pero la afluencia de votantes empezó a caer sobre el mediodía. El gobierno de Maduro desestima las cifras de migración y puso en marcha un plan para repatriar venezolanos llamado "" Vuelta a la patria "". aag",https://www.milenio.com/internacional/migrantes-venezolanos-esperan-resultado-elecciones-colombia
2024-07-05 15:58,Ramón Bragaña,México,Milenio,Migrantes venezolanos cambian sueño americano por el 'Oaxaca dream',"Mayra Galindes y su esposo, migrantes venezolanos, salieron de su país el 6 de abril, con el objetivo de llegar a los Estados Unidos, sin embargo, la falta de recursos, extorsiones, inseguridad por toda la ruta migratoria, además del miedo a ser deportados a su país, hicieron que cambiaran el sueño americano por el Oaxaca dream. Al igual que ellos, cientos de migrantes se quedan en territorio oaxaqueño, buscando establecerse y comenzar a generar dinero, para ellos y para sus familiares que quedaron en Venezuela. Mayra consiguió un trabajo de cocinera en Oaxaca, frente a la terminal de autobuses de primera clase; ella vende platillos venezolanos como lo son: arepas, arroz con plátano y pollo frito. Mayra se ha ganado la confianza de sus patrones, quienes les brindan la oportunidad de apoyarlos con un espacio donde descansar y vivir de manera digna. Debido a las modificaciones a las leyes migratorias de los Estados Unidos, Mayra y su esposo están dispuestas a instalarse de manera permanente en territorio mexicano. Buscarán tener su propio puesto con los ahorros que logren juntar y evitar así ser deportados a Venezuela. Con información de defensoras de migrantes se conoce que, más de un millón de venezolanos han pasado en Oaxaca, buscando llegar a los Estados Unidos. HCM",https://www.milenio.com/politica/comunidad/migrantes-venezolanos-cambian-sueno-americano-establecerse-oaxaca
2024-04-10 20:55,Wilmer Gil López,México,Milenio,"Migrantes venezolanos protagonizan pelea en Cacahuatepec, Oaxaca","Al menos dos grupos de migrantes venezolanos protagonizaron una pelea a golpes mientras intentaban abordar un autobús en San Juan Cacahuatepec , en la región de la Costa de Oaxaca . ​ En un video se ve cómo dos hombres se enfrentan a puñetazos , uniéndose luego otro hombre y una mujer para defender a uno de los agresores . El grupo, compuesto por al menos once personas , incluidos dos menores de edad, buscaba subir a un autobús para seguir su viaje hacia el centro del país . A pesar de que la pelea ocurrió en la vía pública, no había presencia de seguridad y la autoridad local no informó sobre el incidente. Este año, el flujo migratorio en la región de la Costa ha aumentado considerablemente, siendo Pinotepa Nacional el punto donde los migrantes buscan rutas hacia la frontera con Estados Unidos . En las últimas semanas, para evitar la detección de autoridades del Instituto Nacional de Migración (INM), los migrantes han optado por la ruta Pinotepa Nacional – San Juan Cacahuatepec – Santa María Zacatepec – Huajuapan de León, antes de dirigirse directamente a la Ciudad de México . MO",https://www.milenio.com/estados/conflicto-migrantes-venezolanos-san-juan-cacahuatepec-oaxaca
2024-03-21 09:46,Pedro Domínguez,México,Milenio,Migrantes venezolanos regresarán a su país en programa 'Vuelta a la Patria': SRE,"La titular de la Secretaría de Relaciones Exteriores (SRE), Alicia Bárcena , informó sobre la cooperación con el gobierno de Venezuela para repatriar a migrantes que entran a México desde ese país . Durante la conferencia mañanera en Palacio Nacional, la canciller aseguró que las personas venezolanas también han sido apoyadas con programas sociales como Jóvenes Construyendo el Futuro . Sin embargo, la deportación no es la única medida referente a los migrantes que atraviesan territorio mexicano; también se les ofrece trabajo y apoyos sociales . Las oportunidades laborales que se dan a las personas en tránsito son posibles por un acuerdo entre el gobierno federal y la iniciativa privada , tanto mexicana como venezolana. Sumado a lo anterior, también se gestionan refugios para los migrantes pues el objetivo es brindarles ayuda humanitaria . La canciller detalló que los migrantes repatriados no son exclusivamente de Venezuela, pues también han sido provenientes de Colombia y Ecuador . La funcionaria precisó que el apoyo económico se entrega a través de una tarjeta, tal como se hace en México con los programas sociales. Además, se trabaja junto con las empresas venezolanas Polar y Pedevesa, así como las mexicanas Bimbo y Femsa en ese país para que les den trabajo a los venezolanos repatriados. La canciller dijo que se han logrado repatriar a una “cantidad muy importante” con el apoyo de la Secretaría de Gobernación, sin precisar cuántas personas han sido beneficiadas con este programa. Y para reducir el flujo migratorio, dijo que t ambién se está buscando firmar un convenio similar con los gobiernos de Colombia y Ecuador. Finalmente, mencionó que para atender el fenómeno migratorio en el país se firmó un pacto con 50 empresas que abrirán 10 mil ofertas de trabajo, exclusivamente para los migrantes que se han quedado a vivir en México. En tanto, el presidente López Obrador dijo que su gobierno no ha dejado de trabajar y ha emprendido acciones para mejorar las condiciones de vida de los migrantes. SNGZ",https://www.milenio.com/politica/sre-firma-convenio-vuelta-patria-venezuela
2024-01-05 16:07,Ramón Bragaña,México,Milenio,Migrantes bloquean carretera de Oaxaca; exigen reapertura del Centro de Movilidad de Juchitán,"Un grupo mayoritariamente conformado por migrantes venezolanos bloqueó la carretera Panamericana en el tramo Juchitán - La Ventosa, Oaxaca . Le solicitaron a las autoridades federales y estatales la reapertura del Centro de Movilidad Migratoria de Juchitán , cerrado desde el jueves 4 de enero. ​ Este centro les brindaba la oportunidad de viajar de manera segura hacia la Ciudad de México y continuar luego hacia la frontera norte de México. La noticia del cierre tomó por sorpresa a muchos, quienes llevaban días esperando reunir los recursos para comprar los boletos . Jairo Rodríguez, migrante venezolano, explicó a Milenio el perjuicio que implica este cierre para ellos . El 31 de diciembre, autoridades federales y estatales anunciaron el cierre de este Centro de Movilidad Migratoria para el 4 de enero, afectando a decenas de familias que aún llegan con la esperanza de comprar un boleto para dirigirse al centro del país. Ivis Gallardo , migrante venezolana, se encontró en esta situación sin conocer la decisión y se unió al bloqueo con la firme convicción de no moverse hasta que reabran la terminal para migrantes. De acuerdo con las autoridades, en el Centro de Movilidad Migratoria de Juchitán pasaron más de 190 mil migrantes durante los 101 días que estuvo en operación. MO",https://www.milenio.com/estados/migrantes-bloquean-carretera-cierre-centro-movilidad-oaxaca
2024-01-03 09:06,Gaspar Vela,México,Milenio,Secuestro de 31 migrantes en Tamaulipas es atípico: SSPC,"Las autoridades ya analizan videos del autobús en el que fueron secuestradas 31 personas migrantes en el estado de Tamaulipas , y dan seguimiento a los teléfonos de las víctimas, informó la Secretaria de Seguridad y Protección Ciudadana (SSPC), Rosa Icela Rodríguez , quien catalogó este hecho como atípico . En la conferencia de prensa matutina, que en esta ocasión se lleva a cabo en Mérida, Yucatán, la funcionaria explicó que las autoridades federales y estatales llevan a cabo diversas acciones, para ubicar a los responsables de esta privación ilegal de la libertad y a los migrantes. Rosa Icela señaló que entre las víctimas hay venezolanos, ecuatorianos, hondureños, colombianos y mexicanos. Además, precisó que la Fiscalía de Tamaulipas encabeza la investigación, con el apoyo de la federación. La funcionaria agregó que este secuestro de migrantes es atípico , por el número de víctimas. En este marco, el presidente Andrés Manuel López Obrador , dijo que confía en el gobierno del morenista Américo Villareal - mandatario de Tamaulipas -, y confío en que habrá resultados en las indagatorias. CHZ",https://www.milenio.com/politica/comunidad/sspc-secuestro-de-migrantes-en-tamaulipas-es-atipico
2023-12-30 10:34,Redacción,México,Milenio,"En Gómez Palacio, resguardan a grupo de migrantes venezolanos","Cinco adultos y quince menores originarios de Venezuela , llegaron al sector centro de Gómez Palacio, Durango , en espera de abordar el tren con destino a la ciudad fronteriza de Juárez, Chihuahua , por lo que fue necesario que elementos de la Policía Municipal les brindaron apoyo. El grupo de personas se negó en todo momento acudir al albergue municipal , argumentando que si se retiraban se les podría pasar el convoy ferroviario, por lo que los efectivos con apoyo del DIF, optaron por brindarles cobijas, leche, cereal y jugos. Hecho registrado el viernes a las 10:29 de la noche. Los venezolanos que se encontraban en el cruce de calle Centenario y avenida Victoria, fueron trasladados por los uniformados a la antigua estación del tren que se ubica en parte posterior de la presidencia municipal. Señalaron que esperarían el paso de la ""Bestia"" con el objetivo de abordarlo y llegar a la frontera con el vecino país de Estados Unidos. donde esperan cumplir con el sueño americano. El personal de la Dirección de Seguridad Pública Municipal y Protección Ciudadana exhortó al grupo de migrantes a extremar precauciones, para evitar un posible accidente o tragedia en el trayecto por territorio mexicano, mientras que durante su estancia en Gómez Palacio, Durango, se les brindaría seguridad. cale",https://www.milenio.com/estados/gomez-palacio-resguardan-frio-grupo-migrantes-venezolanos
2023-12-28 13:26,Ángel Domínguez,México,Milenio,"INM realiza redada contra migrantes en Matamoros, Tamaulipas","Migrantes e integrantes de la asociación civil Ayudándoles a Triunfar, denunciaron que durante la noche de este miércoles y mañana de jueves, elementos del Instituto Nacional de Migración realizaron una redada en contra de los migrantes venezolanos y haitianos que aún se encuentran pernoctando en el bordo del río Bravo en Matamoros, Tamaulipas. Afirman que fueron perseguidos por cerca de dos cuadras, tirandoles sus pertenecías como mo chilas, documentos y celulares, objetos recogidos por INM. Dicho campamento está habilitado y cercado desde el 2020, donde debido a la gran cantidad de migrantes que cruzaron a los Estados Unidos esta semana, muchas casas de campaña habían quedado vacías, por lo que autoridades municipales en coordinación con el INM revisarían cuales estaban ocupadas y cuales no pues, las desocupadas empezarían a derrumbarlas. Gladys Cañas, presidenta de la organización, exhortó a las autoridades a respetar a los migrantes, porque muchos de ellos están esperando su cita a través de la aplicación CBP One . Además de que se detuvo a un haitiano en la noche y que ha causado el temor de su esposa que se encuentra en el noveno mes de gestación, a una semana de aliviarse. La mujer de nombre Patricia señaló que ella se encontraba dentro del campamento migrante cuando fue comunicada que perseguían a su esposo, quién acaba de llegar de trabajar. Preocupada y nerviosa, señala que, hablará con las autoridades para conocer el estado de su pareja pues, afirma desconocer el motivo de su detención. SJHN",https://www.milenio.com/estados/migrantes-varados-matamoros-tamaulipas-denuncian-redada-inm
2023-12-01 20:09,Alejandro Reyes,México,Milenio,Migrantes venezolanos saturan México en su intento por llegar a Estados Unidos,"Luis, 23 años, salió de Venezuela por la situación de su país, no tenía trabajo. Dice que allá el gobierno está asesinando a mucha gente, que le tiene miedo , también a la policía, que emigra para buscar una mejor vida. -La situación allá es de locos-, dice. Está de paso en México, a la mitad del país, en el estado de Hidalgo, lo acompaña su esposa y su hija de tres años. Esperan el tren en Atitalaquia , en la estación de Bojay, que los lleve al norte. Cuenta que más que el miedo, muchas veces no tenía para comer, que por eso está migrando para llegar a Estados Unidos . Ha caminado y tomado autobuses, por primera vez se subirá a un tren. Luis salió hace tres meses de Venezuela, en agosto, no recuerda la fecha. Su objetivo es cruzar a Estados Unidos, trabajar, ayudar a sus papás, a sus cinco hermanas y tener una vida estable . -Yo le dije a mi mamá que me iba por una mejor vida, que me apoyara en el camino, que apenas llegara le iba a demostrar que también podía, que íbamos a estar bien, me dijo que estaba bien, que ella me apoyaba en todo lo que pudiera y fue cuando yo me vine. *** Venezuela ocupa el primer lugar de migrantes indocumentados detenidos en México por el Instituto Nacional de Migración (INM) en su camino por llegar a la frontera con Estados Unidos y cruzar a ese país. Entre enero y marzo de este año se registraron en el país 111 mil 505 detenciones, de las cuales Venezuela ocupó el primer lugar con 19 mil 944 personas aseguradas , de acuerdo con la Unidad de Política Migratoria, Registro e Identidad de Personas de la Secretaría de Gobernación (Segob). Para el mes de octubre el número de indocumentados detenidos en México se elevó a 588 mil 626 migrantes, de los cuales Venezuela se mantiene en el primer lugar con 168 mil 639 personas aseguradas. La oficina del Alto Comisionado de las Naciones Unidas para los Refugiados (ACNUR), señala que más de 7.7 millones de personas han salido de Venezuela buscando protección y una vida mejor y que la mayoría –más de 6.5 millones de personas– ha sido acogida por países de América Latina y el Caribe. *** Miguel, un joven alto, delgado, de 27 años, migró de Venezuela por la situación política, económica y social de su país. Dice que la economía allá está por los suelos. - Uno no se siente seguro en este momento en nuestro país -, cuenta. Salió de Venezuela el 29 de septiembre. Lleva dos meses viajando. Su objetivo es llegar a Estados Unidos e iniciar una nueva vida con su esposa, Naomi y su hijo, Damián, de dos años, darles la seguridad que no puede en su país. Miguel dice que quiere un futuro mejor para ellos y ayudar a su familia. A la mitad de su paso por México, reconoce que es “un poco fuerte” viajar con su esposa y su hijo aunque agradece a Dios que en su camino se han encontrado con personas buenas que los han ayudado. En Estados Unidos lo espera un primo, Manuel. Su idea es llegar, comenzar a trabajar, ahorrar y en un futuro cercano volver a su país. Desde el primer día que salió de su casa Miguel viaja con miedo por su hijo y su esposa. -Pero hasta ahora vamos bien, gracias Dios, mi mamá, mi papá, mi hermana, se quedaron tristes pero entendieron que todo es por un futuro mejor-, dice antes de subir al tren que lo acerque a la frontera norte de México. *** Entre enero y octubre de este año elementos de la Oficina de Representación del Instituto Nacional de Migración en el estado Hidalgo detuvieron a mil 22 migrantes indocumentados, de los cuales los venezolanos están en primer lugar, de acuerdo con la Unidad de Política Migratoria. Los indocumentados fueron detenidos en 18 municipios de la entidad. Venezuela encabeza la lista con 185 personas, le sigue Ecuador con 175, Guatemala con 159, Colombia con 66 y Senegal con 49. En diez meses se han detenido en Hidalgo a migrantes de 36 países de América del Norte, América Central, Islas Caribe, América del Sur, Asia y África, de los cuales 79 son menores de edad de entre cero y 17 años entre acompañados y no acompañados. *** Nayibe tiene 23 años y dice que dejó Venezuela por un mejor futuro y una mejor calidad de vida, que allá en su país eso no lo puede tener. Viaja con su hijo pequeño, Emiliano. -El país ahorita es caótico por los servicios principales como el agua, la luz, medicinas, para la gasolina tenemos que hacer colas todo un día, la luz llega cinco horas y el resto del día no hay, el agua es lo mismo, se paga mucho por el gas-, cuenta. Nayibe salió de Venezuela el 6 de octubre. Ha caminado y tomado autobuses más de un mes. En Hidalgo, México, será la primera vez que tome el tren para viajar en sus entrañas y llegar a la frontera con Estados Unidos. Dice que allá la esperan unos amigos que la ayudarán. -¿Y no tienes miedo? -Pues sí, como todo. Sonríe. Salir de la casa de uno y dejar su tierra es lo más difícil que uno puede hacer pero con Dios siempre y pa’lante, no mirar atrás. -¿Cuál es tu objetivo? -Poder llegar a Estados Unidos y trabajar para poder adquirir muchas cosas en mi país, casa, carro, propiedades, un negocio y más que todo brindarle un futuro a mi bebé que tiene dos años. -¿Y piensas volver a Venezuela algún día? -Sí, sí es lo que pienso hacer, trabajar por unos años y luego devolverme otra vez a mi país porque no hay nada como estar en el país de uno.",https://www.milenio.com/sociedad/migrantes-venezolanos-y-su-travesia-hacia-estados-unidos
2023-11-06 21:57,Agencia AFP,México,Milenio,"Incendio en Chile deja 14 migrantes venezolanos muertos, incluidos varios niños","Un voraz incendio en un asentamiento de viviendas precarias en el sur de Chile dejó 14 migrantes venezolanos muertos , entre ellos ocho niños, informó el alcalde suplente de la municipalidad de Coronel, Javier Valencia. "" Se trata de familias venezolanas "" que viven de manera muy precaria, apuntó tras indicar que en el asentamiento las viviendas están construidas con materiales ligeros donde el fuego se propaga rápidamente. Al menos una de las casas "" sólo tenía una entrada y salida "", puntualizó el coronel Luis Rozas , prefecto de Carabineros de Concepción, una de las principales ciudades del sur de Chile. Aunque se desconocen las causas del siniestro, el alcalde dijo que investigaban el posible recalentamiento de una estufa. Valencia lamentó el aumento en los últimos años de la construcción de viviendas en terrenos no habilitados , conocidos en Chile como campamentos, donde se han hecho más comunes los incendios. Coronel fue una de las zonas más afectadas por el fuego, debido a las altas temperaturas del verano austral a principios de este año. ???????????????? | URGENTE: Al menos 14 fallecidos, entre ellos 8 adultos y 6 niños de nacionalidad venezolana, en un incendio de viviendas en Coronel, región Biobío, Chile. pic.twitter.com/eEHUk5rRpJ aag ​",https://www.milenio.com/internacional/incendio-chile-mata-14-migrantes-venezolanos-incluidos-ninos
2023-10-18 18:05,Agencia EFE,México,Milenio,"Más de 900 mil migrantes venezolanos volvieron a su país ""en últimos meses""","Más de 900 mil migrantes venezolanos retornaron a su país ""por distintas vías y medios"" en los ""últimos meses"", aseguró este miércoles el viceministro para América Latina, Rander Peña, durante su participación en una reunión preparatoria para la cumbre sobre migración que se llevará cabo el 22 de octubre en México. Durante el encuentro, en el que participó de manera virtual, según un video que compartió en X, antes Twitter, Peña resaltó la necesidad de una ""cooperación judicial y policial "" que tenga el objetivo de ""desmantelar las redes de coyotes (traficantes de personas) que juegan con el dolor y la necesidad humana"". Sostuvimos reunión de trabajo preparatoria para la Cumbre de Palenque México, el próximo 22 de octubre, en la que distintos países abordaremos temas sobre la migración en la Región, desde Venezuela hemos traido el msj del Pdte. @NicolasMaduro y manifestamos: (sigue) pic.twitter.com/Yq02I72qIS Además, expresó que la región ""debe exigir el levantamiento inmediato"" de las sanciones impuestas al país caribeño, debido a que son la ""causa estructural de la migración venezolana"". El mandatario Nicolás Maduro afirmó recientemente que han retornado a la nación ""casi un millón"" de los aproximadamente ""dos millones"" de migrantes que, según el mandatario, salieron en los últimos años, como consecuencia de la ""guerra económica brutal"" y las sanciones internacionales, a juicio del jefe de Estado. Aseguró que el gobierno ha apoyado a estos connacionales, ""en buena medida"", con el plan ""Vuelta a la Patria"", puesto en marcha en 2018 para facilitar el retorno de migrantes. Según el gobierno, este programa será activado para retornar a migrantes que se encuentran en Estados Unidos, con el que firmó un acuerdo sobre migración para efectuar, de manera ""ordenada, segura y legal"", vuelos de repatriación de venezolanos desde el país norteamericano. Los datos del gobierno contrastan con los de la Plataforma de Coordinación Interagencial para Refugiados y Migrantes de Venezuela (R4V), que asegura que la movilización del país caribeño es la mayor en el continente americano, con 7.32 millones de personas que salieron de su país en los últimos años. aag",https://www.milenio.com/internacional/900-mil-migrantes-regresaron-venezuela-meses
2023-10-12 15:53,Óscar Rodríguez,México,Milenio,Migrantes venezolanos acusan extorsión del INM en su paso por México rumbo a EU,"En Oaxaca, migrantes de Caracas, Venezuela que buscaban arribar a los Estados Unidos junto a sus familias, denunciaron ser víctimas de extorsiones por parte de agentes del Instituto Nacional de Migración (INM). Los extranjeros se quejaron que al subir a las unidades de transporte fueron obligados a descender de los camiones por agentes migratorios quienes les cobraron una cuota de paso a pesar de tener sus papeles y pasaporte en aparente orden. Hay reportes sobre que los migrantes que no pagaron la cuota a los agentes del INM, fueron bajados de los autobuses en plena carretera donde continuaron su viaje a pie. De acuerdo con las quejas de los migrantes, durante su viaje con destino a EU han tenido que enfrentar grandes adversidades, desde cruzar a pie por la selva de Colombi a hasta ser víctimas de asaltos por parte de las pandillas centroamericana, pero ninguna se compara a lo que vivieron en México donde se encontraron con la corrupción de las instituciones , en particular del INM , cuyos agentes les cobraron derecho de piso. Por su parte, el INM rechazó las acusaciones de los migrantes. El Centros de Movilidad Migratoria de la Defensoría de los Derechos Humanos del Pueblo de Oaxaca (DDHPO ) pidió que se garantizara el tránsito seguro y digno de los flujos migratorios en el territorio nacional. RM",https://www.milenio.com/estados/migrantes-venezolanos-reportan-extorsion-inm-paso-mexico
2023-10-06 22:20,Agencia AFP,México,Milenio,"Pese a advertencia de EU, migrantes venezolanos siguen peligrosa ruta por selva del Darién","Con su pequeño hijo en hombros, Dennis Font viene de cruzar la peligrosa selva panameña del Darién . Ninguna advertencia de repatriación a Venezuela lo detendrá en su empeño de llegar a Estados Unidos. Dennis de 32 años, cuenta a AFP en Lajas Blancas que viaja con otros dos hijos y su esposa. Dejó Venezuela, donde era albañil por la situación del país, 250 km al este de Ciudad de Panamá, casi cinco horas de carretera con tramos maltrechos, en la frontera con Colombia. Allí, en un campamento de acogida de migrantes viene de enterarse como muchos de sus compatriotas que pasaron cuatro días atravesando el Darién, que Estados Unidos acordó con el gobierno de Nicolás Maduro la ""repatriación directa"" de venezolanos que migran por vía ilegal. El miedo a la deportación no es mayor que ese anhelo, para muchos en el Centro de Recepción Temporal para Migrantes de Lajas Blancas, donde organismos internacionales ayudan a las instituciones panameñas para atender a los migrantes. En el centro de acogida de migrantes los caminos son de tierra. Duermen en barracones de madera , en colchones en el piso, entre la ropa tendida. Afuera hay baños comunales junto a un pequeño lavadero y varias duchas improvisadas. A este centro, visitado este viernes por los presidentes, Rodrigo Chaves, Costa Rica y Laurentino Cortizo, Panamá, llegan los migrantes en viajes organizados en canoa , tras ser detectados por las autoridades panameñas. Los mandatarios de ambos países vecinos, que se reunieron para abordar la crisis migratoria , vieron cómo llegaban los migrantes en canoas. Chaves abogó por una política clara de Estados Unidos y que los países emisores y los de paso de migrantes se pongan de acuerdo para asegurar que la gente que llegue lo haga de manera legal, ordenada y humanitaria. Igualmente, Cortizo pidió un acuerdo entre países para evitar el viacrucis inhumano por el Darién. En la puerta de un barracón, mientras peina a una de sus dos niñas con quienes viaja, la venezolana Scarlett Ibarra, de 32 años, dice aferrarse ""a Dios"". Ha cruzado el Darién con una veintena de familiares. La selva del Darién con 575 mil hectáreas de superficie, es uno de los corredores más peligros para los migrantes que, desde Sudamérica, tratan de llegar a Estados Unidos recorriendo América Central y México. Según el departamento de Migración de Panamá , hasta el 6 de octubre más de 417 mil personas, una quinta parte menores de edad, habían cruzado en 2023 el Darién. Esa cifra pulveriza el récord de todo el año anterior, cuando fueron 248 mil. La mayoría son venezolanos, en total son más de 265 mil, 48 mil ecuatorianos y más de 38 mil haitianos , aunque también hay asiáticos y africanos. Muchos mueren en este camino de ríos caudalosos, plagado de animales salvajes y son víctimas de bandas criminales que los extorsionan. Cuando los migrantes atraviesan la selva son trasladados a distintos centros donde se les brinda atención médica y servicios básicos. Daniel asegura que volvería a cruzar el Darién. Algunos cadáveres quedan en la ruta y son devorados por los animales. Nixon Espino, un barbero de 19 años, oriundo de Maracaibo noroeste de Venezuela, viaja con hermanos. ​IDM",https://www.milenio.com/internacional/pese-advertencia-eu-venezolanos-continuan-ruta-selva-darien
2023-09-09 06:45,César Cubero,México,Milenio,"Alerta Casa INDI por ""asombrosa"" alza en llegada de migrantes venezolanos","El coordinador de la Casa Institución Normativa de los Indigentes (INDI) , José Jaime Salinas Flores, reveló a la plataforma MILENIO -Multimedios que la situación que se vive con la migración en el estado se está agravando. Principalmente porque en las tres semanas recientes hay una cantidad “asombrosa” de migrantes que arribaron a la ciudad y al albergue en familias completas. En este movimiento reciente, agregó, alrededor del 80 por ciento son personas nacidas en Venezuela . La mayoría, expresó, viendo con esperanza su teléfono celular a la espera de que les llegue la cita por parte de las autoridades migratorias de los Estados Unidos . Con esta ola, dijo, el mayor problema al que se enfrentan es que las familias no aceptan que las mujeres y niños estén en la casa hogar y los hombres en el albergue para las personas de sexo masculino. Ante esa situación, reconoció, llegan al punto de no saber qué hacer y hasta terminan por casi forzar a que las madres usen el albergue para ellas y sus hijos. Hacer esta división, enfatizó, es producto de la experiencia, la cual les enseñó que se vuelve un caos si se da albergue en un mismo sitio a decenas de familias completas. Por último, Salinas Flores agradeció la buena voluntad de la sociedad y aprovechó para pedir su apoyo en este mes de septiembre, en especial con donativos de agua embotellada y de artículos de limpieza. ",https://www.milenio.com/politica/comunidad/sorprende-cantidad-migrantes-llegaron-casa-indi-monterrey
2023-08-18 14:42,Ramón Bragaña,México,Milenio,"En Juchitán, agreden con piedras a migrantes venezolanos; una menor resultó lesionada","Un grupo de migrantes venezolanos fueron agredidos por un hombre con piedras, mientras descansaban junto a la terminal de autobuses de primera clase de Juchitán , en Oaxaca. De acuerdo con testigos, el agresor pasó junto al grupo de migrantes y lanzó piedras, mientras gritaba que se fueran de la ciudad. Durante la agresión, una menor venezolana resultó con una lesión en la cabeza. Comerciantes que se encontraban en el lugar llamaron a la Policía Municipal. Oficiales acudieron, pero no lograron encontrar al implicado. Miguel Quetu, alcalde de Juchitán, explicó a MILENIO que la administración municipal que él encabeza no cuenta con los recursos para habilitar un albergue y brindarles atención a los más de tres mil migrantes que se han convertido en una población flotante. Por su parte Bernardo Rodríguez Alamilla, fiscal general de Oaxaca, dijo a MILENIO que se está trabajando con los tres niveles de gobierno en coordinación con el Instituto Nacional de Migración (INM) , para atender la seguridad de los migrantes a su paso por Oaxaca. Estas agresiones, han puesto en alerta a la comunidad migrante y se les suman el acoso sexual y las violaciones a mujeres migrantes reportadas. ABR",https://www.milenio.com/estados/juchitan-lanzan-piedras-migrantes-venezolanos-lesionan-menor
2023-06-29 08:23,Nexos,México,Milenio,El Tren de Aragua y su expansión en América Latina,"Por: Henry M. Rodríguez Zambrano Ilustración: Izak Peón, cortesía de Nexos La expansión territorial del Tren de Aragua por el continente supone un reto mayor, teniendo en cuenta la impunidad de su operación en Venezuela, donde tiene una base de operaciones ideal para que su criminalidad prospere. Además, la experiencia del grupo en el control de prisiones y la corrupción de los agentes de seguridad dificulta que las fuerzas del orden puedan actuar. La megabanda ha buscado replicar estructuras penitenciarias similares en Perú y Chile, donde las autoridades tienen menos experiencia en el trato con este tipo de redes criminales que se encuentran en prisión. Esta situación es una clara muestra de la complejidad y la magnitud de los desafíos que enfrenta la seguridad en la lucha contra el crimen organizado transnacional, que requiere de una respuesta integral que abarque aspectos de seguridad, migración, justicia y desarrollo social. Lee aquí el texto completo.",https://www.milenio.com/nexos/el-tren-de-aragua-y-su-expansion-en-america-latina
2023-06-26 16:41,Lucía Cisneros,México,Milenio,Aumenta cifra de migrantes venezolanos en frontera de Nuevo Laredo,"Aumentó a mil 500 migrantes de Venezuela que han llegado que han Nuevo Laredo . En un inicio se instalaron en el puente 1 'Puerta de las Américas', posteriormente en la Plaza Juárez, y debido a que no quieren moverse de lugar finalmente se quedarán en la plaza Morelos ubicada en Reynosa entre Victoria y Nicolás Bravo frente al Hospital General Zona 11 del IMSS conocido como Hospital de la Bandera. Tal es el caso de Daniel que llego a México en el mes de mayo, se fue a la frontera de Matamoros y debido que no consiguió una cita en la aplicación de CBP ONE decidió moverse de frontera. Mencionó que dejo a toda su familia en su país y decidió iniciar su trayecto hasta la frontera para buscar el ""Sueño Americano"" . Destacó que, se levantó una lista y están llamando alrededor de 50 personas al puente. Cabe mencionar que por Laredo, Texas ya no hay citas en la aplicación por lo que será la autoridad de Estados Unidos quien decida su estatus migratorio. Y ante el aumento de las altas temperaturas el Gobierno Municipal colocó más de 16 toldos en la plaza Morelos donde se encuentran los venezolanos. Humberto Fernández Diez de Pinos, director de Protección Civil y Bomberos dijo que, los migrantes no quieren moverse cerca del puente 1 por tener su oportunidad de cruzar Estado Unidos, por lo que decidieron instalarlos en la plaza mencionada y colocaron baños portátiles, regaderas, además de brindar alimento y bebida. Destacó que en conjunto con Bienestar Municipal, Dirección de Salud Municipal y la Jurisdicción Sanitaria número 5 llevaron a cabo una brigada de salud y dieron tención médica general y aplicación de vacunas tanto a menores como a los adultos. ​aypc",https://www.milenio.com/estados/aumenta-cifra-de-migrantes-venezolanos-en-nuevo-laredo
2023-06-07 23:04,Azucena Rangel,México,Milenio,Migrantes venezolanos sufren complicaciones para obtener papeles que permitan establecerse en ...,"Cada año miles de venezolanos llegan a México con el objetivo de poder establecerse en el país, sin embargo cada vez la situación para ellos es más complicada debido a los trámites migratorios que ponen trabas para poder darles una visa o documentación que les permita trabajar o estudiar en el país. En entrevista para MILENIO , Francisco D´ Angelo , quién es director legal de la Asociación de Venezolanos en México , compartió como para sus compatriotas cada vez es más complicado poder quedarse debido a que la Comisión Mexicana de Ayuda a Refugiados (Comar) les pide documentos que deben solicitar a la embajada Venezolana, a la cual muchos no acuden por miedo , ya que para el gobierno de Nicolás Maduro , quiénes abandonan el país son considerados traidores. Ante esto, dijo que como consecuencia, lo que ocurre es que en México hay miles de venezolanos que viven en la informalidad , muchos de ellos viven en las calles o dedicándose a actividades de muy bajos ingresos, por lo cual su calidad de vida no mejora . De acuerdo con el Instituto de Política Migratoria, en México hay una población de 87 mil 152 venezolanos, de los cuales sólo 50 mil cuentan con una visa permanente para permanecer en el país; además, entre 2016 y mediados de 2022, los venezolanos presentaron un total de 35 mil 123 solicitudes de asilo en México, de las cuales 21 mil 400 fueron resueltas y 18 mil 514 venezolanos fueron reconocidos como refugiados.  Para quienes deciden salir de Venezuela el camino es largo, ya que muchos intentan establecerse en países cercanos antes de decidir migrar más al norte, sin embargo , la falta de oportunidades los obliga a seguirse moviendo , muchos con la esperanza de poder llegar a los Estados Unidos , pero el camino pone a prueba sus mayores miedos y capacidades de supervivencia. De acuerdo con información del Instituto de Política Migratoria entre el 25 y el 50 por ciento de los venezolanos en los países de América Latina y el Caribe no tienen un estatus legal dado que muchos de los estatus disponibles son temporales y duran entre unos pocos meses y algunos años, por lo cual es probable que algunos venezolanos que inicialmente obtuvieron un estatus legal lo hayan perdido , mientras que otros probablemente pasen mucho tiempo tratando de renovarlo. aag",https://www.milenio.com/politica/migrantes-venezolanos-sufren-complicaciones-obtener-papeles
2023-05-09 21:28,AFP,México,Milenio,"""Voy a luchar en su memoria"": madre de migrante atropellado en Texas","María Cabarcas sintió un ""desespero"" repentino . Retenida en un centro de migrantes en Texas, lloraba sin motivo. Al día siguiente le dijeron que su hijo, que había cruzado con ella a Estados Unidos desde México y la esperaba afuera, había muerto embestido por una camioneta. El domingo, una veintena de personas, varios de ellos migrantes venezolanos, se encontraban en una parada de autobuses en la ciudad texana de Brownsville cuando un residente local los atropelló. Ocho fallecieron. María, una venezolana de 43 años, hace más de una semana que llegó a Texas con toda su familia tras atravesar el Río Bravo desde la ciudad de Matamoros. A penas pisaron suelo estadunidense, se entregaron a la patrulla fronteriza. Su esposo Wilmer Colina, de 40 años, y su hijo Enyerbeth Cabarcas, de 23, fueron a llevados a un centro de detención a una hora en autobús de Brownsville. Ella y sus dos hijas, una de ellas menor de edad, fueron enviadas a otro, para mujeres, cerca de Eagle Pass, 500 km al norte. Desde entonces, María no volvió a saber de su hijo. Su marido cuenta que al ser detenido le tomaron las huellas dactilares y muestras de ADN, y después le entregaron una orden para presentarse ante un juez unos días más tarde. Luego, como ha estado ocurriendo en las últimas dos semanas con los migrantes hombres, la policía de fronteras lo transportó en un autobús a Brownsville. Su hijastro Enyerbeth fue liberado después en la misma ciudad, pero no se encontraron. Mientras Wilmer dormía a la intemperie en los alrededores de la estación de autobuses, el muchacho se quedó en el refugio Ozanam , un lugar de acogida para personas sin hogar apartado del centro. Cientos de migrantes, mayoritariamente venezolanos, aguardan en Brownsville a sus familiares detenidos al cruzar la frontera, para seguir luego rumbo a otras partes de Estados Unidos. Ellos esperaban por María, quien finalmente fue liberada el domingo. Al salir, le entregaron sus pertenencias y su celular. Allí fue que recibió la noticia del atropello . Un conocido, también migrante, le dijo que había visto a su hijo en el accidente. ""Me enviaron imágenes donde él está tirado allí"", cuenta a AFP María, pero aún no tiene información oficial de su deceso. Dice que un día antes de la tragedia, le llegaron señales de que algo podía estar pasando. ""Una señora (que estaba en el centro de detención) me oró, me dijo que le entregara la vida de mi hijo a Dios y yo no entendía por qué"", le contó en un audio de WhatsApp a su esposo. Finalmente el lunes, gracias a ayuda humanitaria, María pudo tomar un autobús hacia Brownsville junto con sus dos hijas, y encontrarse con Wilmer. El objetivo de Enyerbeth era llegar a Chicago, donde reside el hermano de su padrastro, quien los apoya financieramente en el viaje. ""Él soñaba con comprarme una casa y comprarse un carro para trabajar, estar conmigo siempre, ayudarme"", dice María . La policía de Brownsville anunció el lunes cargos de homicidio involuntario contra George Álvarez , el hombre de 34 años con antecedentes penales que presuntamente estrelló su camioneta contra una multitud cerca del refugio Ozanam, dejando al menos ocho muertos y una decena de heridos, algunos en estado crítico. Las autoridades investigaban lo ocurrido, sin descartar ningún motivo para el incidente. Un sobreviviente comentó a AFP que antes de arrollar a las personas en la acera, el chófer los insultó. El ambiente de tensión se mantiene en Brownsville. El lunes, un hombre armado identificado como Joseph Serino llegó en su auto hasta el refugio Ozanam e intentó entrar, pero los vigilantes no se lo permitieron. Luego fue detenido, informó la Policía. Para disipar temores, una iglesia local organizó la tarde del lunes un encuentro con migrantes. Allí, canciones populares de Venezuela sirvieron de catarsis para decenas de migrantes que las entonaban con una voz que parecía venir de las entrañas. Sentado en una banca azul, a Wilmer la angustia le estruja las cuerdas vocales y le cuesta hablar. María insiste en que deben seguir: ""Trabajar y luchar por el sueño que mi hijo venía a cumplir. En su memoria"", dice. Mientras, en los parlantes del evento se escuchaba: ""Y si un día tengo que naufragar y el tifón rompe mis velas, enterrad mi cuerpo cerca del mar, en Venezuela"". JLMR",https://www.milenio.com/internacional/estados-unidos/luchar-memoria-madre-migrante-atropellado-texas
2023-02-22 19:55,Armando Moreno,México,Milenio,"""Confunden mi bandera con la de su país"", elotero ayuda a migrantes venezolanos de paso por To...","Una familia venezolana conformada por padre, madre y tres hijos, fue acogida y ayudada por Román García , mejor conocido como “El Güero Colombia” , quien cuenta con una cadena de negocios de venta de elotes y frituras. El Güero detectó de inmediato a la familia, la cual caminaba con cansancio por las céntricas calles de Torreón y supo desde un principio que era vulnerable, por lo que les ofreció su ayuda incondicional. No obstante, cuando Román se acercó para ofrecerles un poco de alimento, la familia se mostró escéptica, desconfiada y sobre todo a la defensiva. Román enfatizó que la pregunta de la venezolana fue a la defensiva, por lo que este respondió dócilmente y con un gran sentido humano. Expuso que entró en confianza junto con su familia, la cual no habló debido a que venía cansada y con bastante hambre. ¿Por qué ayudarlos si no sabes quiénes son? El saber quiénes son no es importante. Lo importante es mitigar el cansancio y saciar el hambre que soportan cada paso que dan para llegar a los Estados Unidos. ¿Es la primera familia inmigrante que ayudas? No, no es la primera. Fíjate que tengo imán con inmigrantes venezolanos, ya que han sido varias familias venezolanas que he ayudado y lo que me sorprende es que viajan en familia. Si tuviera la necesidad de migrar hacia otro país, yo no me iría con toda mi familia, porque no quiero exponerla al peligro. Bueno, cada quien piensa diferente y en verdad me sorprende que viajen desde tan lejos con toda la familia. Mis respetos. También pasa algo curioso, me he fijado y es que ven la bandera de Colombia que tengo colgada y la confunden con la de su país , por lo que piensan que soy venezolano. ¿Qué clase de ayuda les ofreces? Les ofrezco comida , que para mi es lo esencial. También les proporcionó un poco de ropa de uso y cobijas . Hacemos la coperacha , para que se lleven una feriecita para el camino. ¿Crees que ofreciendo ayuda tu negocio prospere? Bueno, no es mi finalidad ¡Claro que no! Mi objetivo es solidarizarme con el vulnerable , con el débil, con el austero, con el desprotegido. Claro que sí soy creyente de las buenas bondades y bendiciones que son multiplicadas desde el cielo. ¿Es tuya esta iniciativa de ayudar? Sí, es mía y la comparto con mi madre , quien tiene un corazón enorme para ofrecer y ayudar a quien más lo necesite, a dmiró a mi mamá, ya que nunca me dice que no, m e entusiasma cuando me dice “claro hijo” vamos ayudarles. Soy un hombre afortunado de contar con una madre así y que decir mi papá , quien también aporta lo suyo sin mirar a quién. GERR",https://www.milenio.com/politica/comunidad/coahuila-elotero-ayuda-migrantes-venezolanos-paso-torreon
2023-02-02 11:44,Reynaldo Gutiérrez,México,Milenio,Llegan migrantes venezolanos a refugio temporal de Tampico,"Al refugio temporal de Tampico llegaron unos venezolanos , un padre y sus dos hijos, quienes buscan llegar a Estados Unidos para dejar atrás la pobreza en que se encuentra su país. Domingo Cruz García , narra que en su tierra natal no hay agua, ni luz, por lo que al vivir en la pobreza se vieron obligados a emigrar. Tratando de contener el llanto por dejar a su esposa y el resto de su familia, manifestó que ha sido difícil la travesía, sobre todo porque les han robado el poco dinero con el que salieron de Venezuela desde hace dos meses y pasan días sin comer. Manifiesta que algunos prestadores de servicio de transporte abusan de los migrantes , cobrándoles tarifas exageradas, sobre todo cuando escuchan su tono de voz y descubren que no son mexicanos. Refiere que anoche llegaron al refugio temporal de invierno en Tampico, donde los han atendido ""bien chévere"" recibiendo alimentos y cobija para mitigar el frío. Por la mañana salieron rumbo a las oficinas de migración para seguir su trayecto hacia la frontera de Tamaulipas. ​ VLSS",https://www.milenio.com/politica/comunidad/frente-frio-llegan-venezolanos-refugio-temporal-tampico
2022-11-27 13:04,Blanca Elizabeth Carmona,México,Milenio,Desalojan a migrantes venezolanos del campamento instalado en Río Bravo,"Las autoridades municipales, estatales y federales desalojaron con el uso de la fuerza pública a los migrantes venezolanos que estaban instalados junto al Río Bravo , en Ciudad Juárez, Chihuahua. Elementos del grupo antimotines de la Secretaría de Seguridad Pública Municipal (SSPM) avanzaron a lo largo del campamento retirando a los migrantes , quienes habían formado una fila para tratar de impedir el desalojo pero fueron obligados a retroceder o retirarse. Personas no identificadas aventaron piedras desde la parte alta y varios presentes resultaron heridos , entre migrantes y policías. En el lugar había niños, adolescentes y mujeres. Sin que quedara claro cómo ocurrió, las últimas carpas fueron incendiadas y fue necesario que personal de Bomberos entrara. Las autoridades dispusieron de varios camiones para trasladar a los migrantes a refugios o albergues.",https://www.milenio.com/internacional/desalojan-migrantes-venezolanos-campamento-instalado-rio-bravo
2022-11-17 17:49,AFP,México,Milenio,Migrantes venezolanos cruzan a EU para pedir asilo tras fallo judicial,"Unos 600 venezolanos que permanecían en un campamento al borde del río Bravo, en la mexicana Ciudad Juárez (norte), cruzaron la frontera con Estados Unidos para pedir asilo, luego de que un juez de ese país levantara una restricción migratoria, informaron este jueves autoridades. Los venezolanos dejaron el miércoles las carpas que ocupaban desde fines de octubre y pasaron el río ""para entregarse a la patrulla fronteriza"" estadounidense, reportó el gobierno de Ciudad Juárez en un comunicado, que estimó en ""más de 600"" el número de migrantes. La partida de los venezolanos se registró luego de que el pasado martes el juez estadounidense Emmet Sullivan dictaminó que el Título 42, aplicado desde el gobierno de Donald Trump como medida anticovid, se usó contra los migrantes de manera ""arbitraria y caprichosa"" para bloquear sus solicitudes de asilo. Por solicitud del Departamento de Seguridad Nacional (DHS), el mismo juez concedió luego cinco semanas al gobierno de Joe Biden para poder prepararse frente a una temida avalancha de migrantes, en su inmensa mayoría latinoamericanos. La sentencia del martes entrará en vigor el 21 de diciembre a medianoche. Desde enero y hasta el 22 de septiembre pasado, las autoridades fronterizas de Estados Unidos han interceptado a 2,3 millones de migrantes. Solo en octubre hubo 185.527 personas interceptadas a lo largo de la frontera con México, un aumento de 1,5% en un mes, según la Oficina de Aduanas y Protección Fronteriza (CBP, por sus siglas en inglés). La gran mayoría fueron rechazados en virtud del Título 42. El número de venezolanos, cubanos o nicaragüenses que intentan cruzar la frontera terrestre ha aumentado un 149% con respecto a octubre de 2021, mientras que el de los procedentes de México y el norte de Centroamérica ha bajado 12% desde esa fecha, según datos oficiales. El pasado 12 de octubre, los gobiernos de Washington y México anunciaron un acuerdo que autoriza a 24.000 venezolanos a ingresar a Estados Unidos mediante una petición formal y por vía aérea, mientras aquellos que crucen la frontera ilegalmente serán devueltos a territorio mexicano.  HCM",https://www.milenio.com/internacional/migrantes-venezolanos-cruzan-eu-pedir-asilo-fallo-judicial
2022-11-17 01:11,Agustín Gutiérrez Canet,México,Milenio,El gobierno abandona a los migrantes,"Un mes después de que el secretario de Relaciones Exteriores, Marcelo Ebrard Casaubón, acordó con Estados Unidos recibir a migrantes venezolanos y brindarles apoyo, la crisis humanitaria hoy es peor. En la columna Sin Ataduras del 20 de octubre advertimos: “Los venezolanos se pudren en México entre el abandono y la desesperación, país que alguna vez fue el paraíso del asilo”, opinión que trató de desmentir un insensato funcionario menor de la SRE. El gobierno asumió en el extranjero compromisos internacionales que dentro no es capaz de cumplir y, aún peor, arroja la mayor parte de la carga a organizaciones privadas, laicas y religiosas. Hoy es cada vez más evidente que el canciller asumió la responsabilidad de aceptar a miles de venezolanos sin prever las consecuencias humanitarias ni el daño al prestigio internacional de México. Pareciera que el gobierno mexicano, con tal de cooperar con Estados Unidos en frenar la migración a cambio de respetar la política energética, actualmente sometida a consultas en el marco del T-MEC, es capaz de sacrificar a miles de migrantes como carne de cañón. El presidente de Médicos sin Fronteras, Christos Christou, de visita en México, declaró a El País que está muy preocupado por la situación de los 41 mil migrantes que se han quedado atrapados en nuestro territorio. La mayoría de los albergues, pertenecientes a organizaciones humanitarias privadas, no se dan abasto, mientras que reciben escaso apoyo del Estado. Familias enteras duermen en la calle, pues los albergues están llenos y no hay más lugar para ellas. Ante el desamparo, el doctor Christou se reunió con Maximiliano Reyes Zúñiga, subsecretario de Relaciones Exteriores para América Latina y El Caribe, y con Alejandro Encinas Rodríguez, subsecretario de Gobernación de Derechos Humanos: “A ellos les expresé mi ansiedad por la situación aquí. Les dije que tienen que hacer más a nivel federal y coordinarse mejor. También quería asegurarme de que ellos ven la situación de emergencia como la vemos nosotros”. La reacción de los funcionarios, según el médico, fue la siguiente: “Todos me escuchaban, pero no parecían sentirse presionados, no parecían sentir que la situación actual se salía de la normalidad de los últimos años. Pero nosotros pensamos que las cosas ahora mismo están yendo terriblemente mal”. Esto fue lo que el doctor Christou observó durante una visita a Reynosa: “Vimos familias enteras detenidas, aunque tenían todos los papeles necesarios para estar legalmente en México. Cuando ves menores detenidos, pues te empiezas a preocupar, cuando ves a niños durmiendo en la calle, sin agua, sin acceso a servicios básicos, te preocupas. No hay respuesta suficiente de las autoridades y necesitamos que sean ellos los que lideren el esfuerzo por atender a estas personas”. Así padecen el desamparo miles de seres humanos en México, según la prestigiosa ONG, ganadora del premio Nobel de la Paz. gutierrez.canet@milenio.com @AGutierrezCanet ",https://www.milenio.com/opinion/agustin-gutierrez-canet/sin-ataduras/el-gobierno-abandona-a-los-migrantes
2022-11-07 11:48,Anahy Meza y Antonio Hernández,México,Milenio,Rescatan a seis migrantes venezolanos de domicilio particular en Ciudad Madero,"En ciudad Madero, elementos de la Policía Estatal rescataron a seis migrantes venezolanos que se encontraban en un domicilio particular , hecho que fue reportado por los vecinos al 911. La Secretaría de Seguridad Pública informó que los hechos ocurrieron en este municipio pero no sé especificó la fecha, hora o incluso la colonia dónde presuntamente fueron localizados. Hasta el momento solo se ha dado a conocer de manera oficial que fueron rescatados de un domicilio particular. Presuntamente tras un llamado al 911 de alguien que se dio cuenta de la situación, la policía pudo dar con la ubicación y encontró a cuatro hombres y dos mujeres , que no tenían estancia legal en país. Por lo que tras rescatarlos, fueron entregados al Instituto Nacional de Migración (INM) , quien verificará su estatus migratorio en el país. SJHN",https://www.milenio.com/estados/rescatan-migrantes-domicilio-particular-ciudad-madero
2022-11-02 11:40,Said Betanzos,México,Milenio,"En Tijuana, llegan primeros migrantes venezolanos a albergue municipal","Diez migrantes venezolanos , que integran tres familias, llegaron al albergue municipal de Tijuana, instalado en la Unidad Deportiva Reforma, con lo que comenzó la operación del lugar. Se trata de cinco adultos y cinco menores retornados de Estados Unidos a México bajo el título 42. El titular de la Dirección Municipal de Atención al Migrante ( DMAM ), Enrique Lucero Vázquez, señaló que la intención de este espacio es que las personas tengan un lugar donde dormir mientras toman una decisión. Durante su estancia, los migrantes recibirán comida, atención médica y psicológica , así como asesoría sobre los procesos de asilo tanto en México como en Estados Unidos. El albergue estará coordinado por los tres órdenes de gobierno, organismos internacionales y organizaciones de la sociedad civil y tendrá una temporalidad de 30 días , es decir hasta el 1 de diciembre de este 2022. ROA",https://www.milenio.com/estados/tijuana-primeros-migrantes-venezolanos-llegan-albergue-municipal
2022-11-01 15:27,Leonardo Lugo,México,Milenio,Mauricio Tabe pide a Segob brindar refugio digno a migrantes venezolanos,"El alcalde Mauricio Tabe pidió al gobierno federal garantizar los derechos humanos y proveer de un refugio a cerca de 200 migrantes venezolanos que pernoctan afuera de la embajada de Venezuela -ubicada en la alcaldía Miguel Hidalgo - en espera de ayuda para regresar a su país de origen. Mediante una carta enviada al secretario de Gobernación (Segob), Adán Augusto López, el mandatario solicitó dar respuesta a los trámites que requieren los migrantes, luego de ser rechazados por Estados Unidos. Indicó que la alcaldía ha recibido cientos de comentarios de vecinos, que están preocupados por las condiciones inhumanas en las que pernoctan estos migrantes a las afueras del consulado venezolano, ubicado en la calle de Schiller, en Polanco.  En un comunicado, Tabe Echartea exhortó a los distintos niveles del gobierno mexicano a llevar a cabo las gestiones necesarias para asistir a este sector que se ha visto afectado por las decisiones políticas tomadas entre México y Estados Unidos.   HCM",https://www.milenio.com/politica/comunidad/tabe-pide-segob-brindar-refugio-digno-migrantes-venezolanos
2022-10-31 19:30,Jannet López Ponce,México,Milenio,SRE rechaza uso de la fuerza y pide a EU mantener protocolos ante migración,"La Secretaría de Relaciones Exteriores (SRE) pidió al gobierno de Estados Unidos respetar los protocolos acordados para garantizar la dignidad de los migrantes y no caer en el uso excesivo de la fuerza, por lo que solicitaron información detallada sobre los aparentes disparos de balas de goma en contra de venezolanos por parte de la Patrulla Fronteriza. A través de Twitter, Roberto Velasco, jefe de la Unidad para América del Norte de la cancillería, señaló que tras conocer los reportes de presuntos disparos de goma en contra de migrantes venezolanos que se encontraban en la frontera entre México y Estados Unidos, el gobierno mexicano rechazó este tipo de acciones. Por lo que señaló que la cancillería mexicana pide que se respeten los protocolos migratorios que ya se habían establecido para respetar en todo momento los derechos humanos, la dignidad y la integridad de las personas que están en situación de movilidad. Respecto de los hechos observados en la frontera entre Cd. Juárez, Chihuahua y El Paso, Texas, el @GobiernoMX ha solicitado información al gobierno de ???????? y reitera la necesidad de mantener protocolos para garantizar la dignidad e integridad de todas las personas en la frontera. Esta tarde se reportó que u n grupo de migrantes venezolanos comenzaron una protesta pacífica en el cruce entre Ciudad Juárez, Chihuahua, y El Paso, Texas; sin embargo, fueron detenidos al intentar hablar con personal de migración y los elementos de la Patrulla Fronteriza respondieron con balas de goma.",https://www.milenio.com/politica/mexico-pide-eu-datos-dispersion-migrantes-cd-juarez
2022-10-31 16:07,Blanca Carmona,México,Milenio,"En Chihuahua, Patrulla Fronteriza dispersa protesta de migrantes venezolanos con balas de goma","Elementos de la Patrulla Fronteriza presuntamente dispararon balas de goma contra los migrantes venezolanos que se encuentra junto al Río Bravo, que delimita a México de Estados Unidos. Luego de una manifestación que inició de forma pacífica, las balas disparadas pegaron contra dos adultos y una menor de edad, de acuerdo con datos preliminares. Los venezolanos realizaron una protesta pacifica portando una bandera y al parecer cruzaron el cauce del Río Bravo que divide Ciudad Juárez de El Paso, Texas. Una persona se acercó a hablar con un funcionario de Migración y fue detenido, lo que molestó a los venezolanos, quienes abogaron para que no se llevaran sin lograrlo. Luego los ánimos se “calentaron” y debido a que los venezolanos continuaban de lado estadunidense, los elementos de la Patrulla Fronteriza detonaron armas con balas de gomas, indican datos preliminares.  DMZ",https://www.milenio.com/policia/chihuahua-patrulla-fronteriza-dispara-balas-goma-migrantes
2022-10-28 18:00,Said Betanzos,México,Milenio,"En BC, asociación exige a gobierno de EU trato igualitario y digno para migrantes venezolanos","La asociación norteamericana ‘Al Otro Lado’ exigió un trato igualitario y digno para los migrantes venezolanos retornados a México , a quienes ahora les dan asesoría jurídica. ​ Ese Título 42 que aplica el gobierno de Estados Unidos para expulsarlos, es injusto, desordenado y discriminatorio, denunció Erika Pinheiro, directora de la organización. Los haitianos y venezolanos no pueden ingresar a norteamérica, pero sí lo permitan de forma ilimitada los ucranianos a través de un programa humanitario. Ante esta situación, comenzaron a reunirse con los migrantes para ofrecerles de manera particular y gratuita asesoría jurídica. Y ponen especial atención cuando son familias separadas, pues a veces a la madre e hijos les permiten ingresar pero al padre no, ejemplificó. Por su parte, Soraya Vázquez, subdirectora de la asociación, explicó que pidieron al Instituto Nacional de Migración (INM) expida a los venezolanos una visa por razones humanitarias de al menos un año y no el documento que les permite permanecer en México 25 días. Mencionó que con ese corto tiempo sólo pueden acceder a solicitar refugio en México, pero si quieren solicitar asilo en Estados Unidos puede ser perjudicial para ellos ledz",https://www.milenio.com/estados/bc-exigen-eu-trato-igualitario-digno-venezolanos
2022-10-26 19:37,Silvia Arellano,México,Milenio,Migrantes venezolanos piden al Senado su apoyo,"Integrantes de la organización Apoyo a Migrantes Venezolanos, acompañadas de representantes de organizaciones de sociedad civil de México y Estados Unidos, solicitaron la intervención del Senado para que se establezca un corredor humanitario en las principales entidades federativas, se establezca de forma urgente, una mesa de trabajo interinstitucional, que los legisladores visiten los lugares en donde se encuentran las personas venezolanas e insistir al Instituto Nacional de Migración (INM) la entrega de las Tarjetas de Visitante por Razones Humanitarias. En rueda de prensa, acompañados por los senadores del Grupo Plural, Emilio Alvarez Icaza y Gustavo Madero, los venezolanos enfatizaron cómo la política migratoria actual en México afecta a las personas migrantes, y especialmente a quienes son sujetas de protección internacional, al no contar con mecanismos claros, eficientes y accesibles para solicitar asilo, obtener regular estancia y para el acceso a derechos como trabajo, salud, educación, entre otros. Estas situaciones, señalaron en un posicionamiento, aunadas a la detención migratoria, la deportación y el traslado a otros estados del país, deja a las personas en indefensión, y vulnerables a ser víctimas de delitos como la extorsión y la trata de personas. Las organizaciones solicitaron en el Senado que se brinde apoyo y se tome acción para que el gobierno mexicano desarrolle las siguientes actividades: Explicaron que esta tarjeta permitiría tomar decisiones con la mente más clara y trabajar para ellos y sus familias , hecho que tiene un efecto positivo para el desarrollo del país. EHR",https://www.milenio.com/politica/migrantes-venezolanos-piden-al-senado-su-apoyo
2022-10-26 17:34,Marco Flores,México,Milenio,"En Nogales, deportación masiva de migrantes venezolanos continúa sin incidentes","Sin incidencias, ni conflictos se ha realizado el proceso de deportación de migrantes venezolanos de Estados Unidos hacia México a través de la Aduana en Nogales, aunque autoridades municipales se preparan con la habilitación de albergues en caso de que decidan regresar a la frontera .  Por una parte, el secretario del ayuntamiento, Jorge Jáuregui Lewis, informó que el municipio mantiene constante comunicación con el Instituto Nacional de Migración (INM ) y entre todos los niveles de gobierno a través de la Mesa de Seguridad, para mantener la coordinación en este trámite. Confirmó que entre 160 a 180 migrantes sudamericanos son deportados a diario por Nogales, los cuales inmediatamente son abordados en camiones para llevarlos a Hermosillo y de ahí, vía aérea llevarlos a Venezuela. El alcalde Juan Francisco Gim Nogales añadió que la deportación ya lleva dos semanas y se esperan miles de migrantes, durante un periodo de una semana más, que sean expulsados de Estados Unidos por esta frontera. Manifestó que llegará el momento que quizás se albergue a migrantes que regresen a la frontera para intentar ingresar de manera ilegal, por lo que preparan por lo menos dos albergues en caso de requerirse. ledz",https://www.milenio.com/estados/nogales-deportacion-masiva-migrantes-venezolanos-incidentes
2022-10-25 02:04,Blanca Elizabeth Carmona,México,Milenio,"Decenas de migrantes venezolanos varados en Ciudad Juárez, expuestos a intemperie","A pesar de las bajas temperaturas que se registran en Ciudad Juárez, Chihuahua , los migrantes venezolano s siguen en situación de calle. Han establecido en un campamento improvisado junto a las instalaciones del Centro de Atención Integral al Migrante (CAIM) que opera el C onsejo Estatal de Población (Coespo) y frente al Río Bravo , que divide Juárez con El Paso, Texas. Desde hace unos días, las personas migrantes empezaron a tender c obertores que ataron a palos para formar techos , en el piso pusieron otras cobijas y también colocaron casas de campaña, buscando mitigar el frío que se deja sentir principalmente en las noches. Debido a la lluvia que se ha dejado sentir por las mañanas, las familias migrantes se han movido unos metros, debajo del puente internacional Paso del Norte, que está a un lado del CAIM. Entre el grupo hay niños y bebés. De acuerdo con datos oficiales, hasta ayer domingo el gobierno de Estados Unidos había retornado a México, por la frontera de Juárez, a mil 825 migrantes venezolanos . A la frontera de Juárez también empezaron a llegar venezolanos del interior de la República, con la intención de cruzar a Estados Unidos, pero no lo han hecho debido a la modificación de la política migratoria de ese país, que a partir del 12 de octubre determinó expulsar a México a los venezolanos que ingresen ilegalmente y permitir la entrada de hasta 24 mil venezolanos que hagan su trámite vía internet, que entre por avión y tenga un patrocinador en Estados Unidos. Temprano, en Ciudad Juárez, Chihuahua , el termómetro marcó 8 grados centígrados y se presentó lluvia. El director de Protección Civil Municipal, Roberto Briones Mota , informó que desde el pasado fin de semana en la región se presenta el frente frío número 5, que trae lluvia y fuertes vientos, con velocidad 27 a 47 kilómetros por hora y ráfagas de hasta 60 kilómetros aunado a la precipitación pluvial. El director de Derechos Humanos del gobierno municipal, Santiago González , informó que en el espacio humanitario que se abrió hace unos días – Casa Omni– hay 240 venezolanos y el resto de la población migrante de ese país no ha aceptado ir a ese espacio. En entrevista, los migrantes han señalado que prefieren permanecer junto al puente internacional por si el gobierno de Estados Unidos modifica su política migratoria y les permite entrar para un asilo político, para enterarse de inmediato, y también se niegan a ir al espacio humanitario por miedo a que se trate de un engaño .  DMZ",https://www.milenio.com/estados/migrantes-venezolanos-varados-ciudad-juarez-expuestos-intemperie
2022-10-21 17:34,Julio Navarro Cárdenas,México,Milenio,"En Chiapas, al menos 7 mil migrantes venezolanos se encuentran varados","En Chiapas , según autoridades locales, unos 7 mil migrantes se encuentran varados en la ciudad de Tapachula, luego del anuncio del gobierno estadunidense que aceptará otorgar 24 mil visas a venezolanos y recordó que el trámite puede realizarse por Internet, desde su lugar de origen, sin necesidad de que migren. ​ Tras este anuncio muchos venezolanos han señalado que la noticia les cayó ""por sorpresa cuando viajaban por Centroamérica"" y ahora estando en territorio mexicano de Chiapas muchos están con incertidumbre, no saben si retornar, entregarse al Instituto Nacional de Migración (INM) para su deportación o seguir en caravana, pero ahora tratar de llegar a la frontera norte del país y luego intentar cruzar. En las calles y parques públicos de Tapachula , cientos de migrantes están a la espera de tomar una decisión tras el anuncio del gobierno estadunidense, otros señalan que pedirán visa humanitaria en México y tratar de regularizar su estancia en nuestro país, y otro número muy reducido se ha entregado voluntariamente al INM para su deportación. El director general de Coordinación de Oficinas de Representación del INM, Héctor Martínez Castuera, señaló que no hay hasta el momento una cifra de cuantos venezolanos han pedido su retorno, pero confirmó que en los próximos días se podría dar la repatriación vía aérea de venezolanos que desean ir de vuelta a su país. El funcionario también aclaró que actualmente el Instituto Nacional de Migración está otorgando documentación para que los extranjeros y en particular los venezolanos se regularicen en México, ""no es un papel para que tengan libre tránsito, es para estar en el país legalmente y tratar de estar aquí, no es para ir a Estados Unidos , que no los engañen,"" aseveró. Pero las caravanas no se detienen. Migrantes venezolanos y centroamericanos salieron caminando en un grupo de 200 personas de Tapachula rumbo a San Pedro Tapanetepec en Oaxaca, buscan tener un documento para regularizar su estancia en el país. Avilio Vargas, migrante del oriente de Venezuela, señaló que en su país vendieron casa, terrenos, automóvil y dejaron a su familia en pobreza, la esperanza del sueño americano les hizo emigrar. ledz",https://www.milenio.com/estados/chiapas-7-mil-migrantes-venezolanos-encuentran-varados
2022-10-20 23:53,Rafael López Méndez,México,Milenio,"En ocho meses, más migrantes venezolanos detenidos que en 20 años","“Buenas, ¿algún trabajo de electricidad? ¿Carpintería? ¿Herrería? Lo que sea aquí en Tapachula. No tengo papeles. Si saben de algo, por favor se los agradecería”, apunta Diana Carolina , madre de dos niñas, esposa, venezolana. Una treintena de grupos de venezolanos que radican o pasan por México expanden sus mensajes a través de Facebook. Unos tienen 28 mil seguidores, otros mil 500. Los usuarios solicitan consejo para obtener papeles, piden o se ofrecen trabajo, buscan cuartos o departamentos en renta, colocan fotos de algún familiar desaparecido. El drama del éxodo masivo puede verse y leerse en todo su esplendor.  Y es que los problemas de inseguridad y violencia generados por la falta de empleo, el nulo crecimiento económico tras la pandemia y el deseo de alcanzar el sueño americano, provocó un flujo de migrantes venezolanos hacia nuestro país a tal grado que en solo ocho meses de 2022 se quintuplicó la cifra de detenciones migratorias registradas en los últimos 20 años. Los reportes de la Unidad de Política Migratoria de la Secretaría de Gobernación revelan que entre enero y agosto de este año fueron presentadas ante las autoridades migratorias 35 mil 562 personas que decidieron dejar el país gobernado por Nicolás Maduro, mientras que de 2002 a 2021 apenas se aseguraron a 7 mil 337 migrantes.  Para la especialista en temas migratorios, Leticia Calderón Chelius, la nueva ola de migrantes venezolanos se debe en gran medida a que el gobierno venezolano no ha podido reactivar su economía tras la pandemia de covid-19 y a que Estados Unidos mantiene restricciones económicas contra este país. Por su parte, el diputado del Partido Socialista Unido de Venezuela (PSUV), Saúl Ortega, destaca que la expulsión de migrantes desde su país se debe en gran medida a las presiones económicas que impone Estados Unidos. Además, el diputado del PSUV catalogó como “una medida racista, segregacionista e inmoral” la decisión del gobierno de Joe Biden de enviar a México a todos los migrantes venezolanos que sean detenidos por la Patrulla Fronteriza. El arribo de venezolanos comenzó a mostrar un amplio crecimiento a partir del último trimestre de 2021 cuando se detuvieron en promedio a mil 100 migrantes , pero el inicio del tsunami venezolano comenzó en junio cuando la cifra creció a los 3 mil 919 casos y en julio se registraron 4 mil 453 casos. Para agosto, los agentes migratorios detuvieron a 16 mil 881 personas.  Con este panorama, la dinámica migratoria cambió en nuestro país a tal grado que en el último mes de registro por cada migrante hondureño y guatemalteco detenido había tres venezolanos internados en las oficinas consulares, sobre todo en aquellas ubicadas en la frontera sur. Eduardo Luis Hernández, emigrante venezolano que reside en México desde hace seis años, señala que las razones por las que sus paisanos vienen a México son las mismas que se registran desde 2014 cuando se dió el primer éxodo venezolano hacia Colombia y Perú. La travesía de los venezolanos por el territorio nacional inicia justo en la frontera con Guatemala ; sin embargo, los datos de la Segob dejan ver que 48 de cada 100 migrantes detenidos son detectados en los municipios fronterizos de Tapachula, Suchiate y Huixtla, ubicados en Chiapas.  Los trabajos de los agentes migratorios en estos tres municipios se ha incrementado de manera considerable en los últimos meses, pues de arrestar diariamente entre 2 y 4 personas provenientes de Venezuela en el primer semestre, para julio la cifra creció a los 103 casos y para agosto ya se registraban 287 detenciones por jornada. Cabe señalar que en el periodo de enero-agosto, las autoridades mexicanas y estadunidense no habían anunciado un acuerdo para dar seguimiento al proceso de internación de venezolanos a territorio estadunidense, lo cual intensificó que un amplio número de migrantes se entregaran voluntariamente a las autoridades en los primeros días de octubre. Para la otra mitad de venezolanos que libran la seguridad en la frontera sur les espera una camino largo hasta ya entrado el norte del país. Los informes migratorios señalan que el cuarto municipio con más detenciones de venezolanos es Piedras Negras, Coahuila, donde poco más de 2 mil migrantes ven truncado su sueño de llegar a la frontera con Estados Unidos.  Todavía más cruel resulta ser para un grupo de poco más de 750 venezolanos que tras caminar y transitar a lo largo de los 3 mil kilómetros que mide el país, son retenidos por los agentes migratorios en ciudades fronterizas como Tijuana, Baja California, o Hermosillo Sonora. Hasta el año pasado los venezolanos podían entrar al país únicamente con su pasaporte , pero desde la segunda quincena de 2022 el gobierno federal endureció los requisitos para que los habitantes de Venezuela cruzaran las aduanas mexicanas al exigirles tramitar una visa. Con este nuevo requisito, todos los venezolanos que quieran ingresar a nuestro país deberán acreditar un sueldo mensual de por lo menos 14 mil pesos y manejar una cuenta bancaria con recursos equivalentes a 50 mil pesos mexicanos en los últimos tres meses. Estas medidas resultan casi imposibles de cumplir para el 92 por ciento de la población venezolana que apenas percibe el salario mínimo que es de 28 dólares mensuales, lo que equivale a 560 pesos mexicanos. A pesar de las nuevas trabas, los venezolanos siguen llegando a nuestro país e incluso ya se muestra también un incremento de detenciones realizadas por la Patrulla Fronteriza, pues en agosto se reportaron 25 mil 349 arrestos, lo que representa un incremento de casi 300 por ciento con lo reportado en el mismo periodo de 2021. La crisis migratoria que enfrentan México y Estados Unidos con la llegada masiva de venezolanos se traduce en que tan solo en agosto suman más 44 mil migrantes detenidos en ambos países y a falta de lo que se reporte en los meses posteriores.  HCM",https://www.milenio.com/internacional/en-ocho-meses-mas-venezolanos-detenidos-que-en-20-anos
2022-10-20 23:06,Said Betanzos,México,Milenio,Migrantes acusan haber sido abandonados por el INM en Central Camionera de Tijuana,"Al menos 60 migrantes venezolanos acusaron haber sido abandonados por personal del Instituto Nacional de Migración (INM) en la Central Camionera de Tijuana, Baja California. Esta será la segunda noche en que dormirá en el suelo, pues al igual que sus compatriotas, no tiene dinero para comprar un boleto a la Ciudad de México Bonilla fue retornado a México la noche del miércoles, después de estar 11 días en un centro de detención de Estados Unidos. Al igual que sus paisanos, han llamado a varios albergues, pero todos están llenos o sólo reciben a familias. Algunos como Manuel Bencomo no saben a quién pedir ayuda para reencontrarse con sus familiares. Las autoridades de Estados Unidos lo separaron de su mamá, su hermana Bertha Yesebel y su sobrino José Miguel Bustamante, de nueve años. Fue antes de retornarlos a México por ingresar de forma ilegal, aunque les dieron la opción de hacerlo a través del Título 42.  En una semana, van más de 800 migrantes venezolanos retornados a México a través de Tijuana. JLMR",https://www.milenio.com/estados/tijuana-migrantes-acusan-abandonos-central-camionera
2022-10-20 15:18,Antonio López,México,Milenio,"En Sonora, Fiscalía ofrece asesoría legal a migrantes venezolanos","Ante la llegada masiva de migrantes venezolanos a Sonora, la Fiscalía General de Justicia del Estado (FGJE) ofrece asesoría legal, así como también acompañamiento a quien sea víctima de algún delito, informó la fiscal Claudia Indira Contreras Córdova. La funcionaria detalló que trabajan en coordinación con la Secretaría de Gobierno para brindarles apoyo humanitario y profesional durante su estadía en la entidad. Sobre un supuesto caso de violación hacia una migrante venezolana en Hermosillo, Contreras Córdova puntualizó que no han recibido denuncia en ese sentido. De acuerdo con información de la Dirección Estatal de Atención a Migrantes, durante las próximas semanas Sonora recibirá a 200 migrantes venezolanos al día, para lo cual habilitaron diez albergues, cuatro en Hermosillo y seis más en Nogales. JLMR",https://www.milenio.com/estados/sonora-fiscalia-ofrece-asesoria-legal-migrantes-venezolanos
2022-10-20 13:08,Ángel Hernández,México,Milenio,"""Si van a deportar, que lo hagan de una vez"": migrantes venezolanos retornados desde EU","El retorno de venezolanos a Ciudad Juárez se convirtió en un protocolo habitual para los funcionarios del Instituto Nacional de Migración ( INM ) en Chihuahua . Entre las 12:00 y las 13:00 horas comienzan a llegar varios grupos de aproximadamente 50 migrantes originarios de El Paso, Texas. Desorientados y frustrados, tras pasar por el puente migratorio en el Puerto Fronterizo Lerdo, los migrantes son recibidos en carpas blancas en las que les explican que fueron devueltos bajo un nuevo acuerdo migratorio y que ahora deberán solicitar asilo o permiso de empleo en línea . Su ropa cuenta una parte de su historia : pants y sudaderas grises o azules, con sandalias naranjas o azules también, y una bolsa en sus manos con las pertenencias, siempre pocas, que llevaban encima cuando se entregaron a las autoridades. Retornados a Ciudad Juárez no estaba dentro de sus planes y, una vez que fueron liberados en la localidad fronteriza, reprocharon malos tratos en ambos países . El miércoles llegaron cerca de 179 venezolanos, como parte de una ligera reducción de retornados por parte de las autoridades fronterizas de Estados Unidos, las cuales estaban entregando a cerca de 200 migrantes por día a Ciudad Juárez . El Instituto Nacional de Migración instaló un módulo de atención para facilitar los trámites de venezolanos, donde se puede solicitar una tarjeta de estancia permanente por razones humanitarias en México. Con el permiso, se espera que las personas puedan obtener un trabajo que les permita sobrevivir , en tanto toman una decisión sobre su futuro, pues casi todas gastaron el dinero que poseían en su viaje desde su país natal hasta el Río Bravo. ROA",https://www.milenio.com/politica/comunidad/migrantes-venezolanos-si-van-a-deportar-que-lo-hagan-de-una-vez
2022-10-20 00:31,Ángel Hernández,México,Milenio,Sin dinero y extorsionados: así sobreviven los migrantes venezolanos en Ciudad Juárez,"Cerca de 300 venezolanos duermen en calles de Ciudad Juárez con una sola esperanza: que el gobierno de Estados Unidos vuelva a aceptarlos bajo su custodia para pedir asilo o la oportunidad de tener empleo. Pero en su travesía se han quedado sin dinero , además de enfrentar incertidumbre, frío y ahora, aseguran, abusos de policías estatales y municipales. Según contó a MILENIO , la policía del estado y municipal han comenzado a cobrar dinero a cada migrante luego de amenazarlos con denunciarlos a las autoridades para que los lleven a alguna estación migratoria. Una situación que temen, pues creen que, de un momento para otro, en Estados Unidos podrían volver a aceptarlos . En Ciudad Juárez no tienen muchas opciones. Sin dinero y sin el apoyo de algún familiar o amigo, la mayoría de ellos no considera viable postularse para solicitar asilo en línea como lo estableció el gobierno estadunidense. La mayoría de sus ahorros, muchas veces familiares, se consumieron en su travesía desde Venezuela hacia la frontera norte de México. Diversos migrantes comentaron que el viaje desde Venezuela hacia Estados Unidos es costoso. Más de 2 mil dólares , unos 40 mil pesos, que representan, aproximadamente, los ahorros de toda la vida para toda una familia de profesionistas, que en el mejor de los casos gana poco más de 30 dólares al mes. En su viaje, en el que pasan por al menos siete países (Colombia, Panamá, Costa Rica, Nicaragua, Honduras, Guatemala y México), tienen que tramitar decenas de permisos migratorios para poder transitar por cada territorio. Además, deben comer, pagar su transporte y muchas veces, las extorsiones de funcionarios migratorios que, según comentarios en condición de anonimato, se han vuelto un modus operandi . Además, está comenzando a repetirse una política que fue duramente criticada en la administración del ex presidente Donald Trump . MILENIO pudo constatar cómo el gobierno de Joe Biden está separando a familias e incluso las retorna a México por distintos puntos de internación. SOS: una protesta de venezolanos en la frontera Eran casi las 10:00 horas de este miércoles en Ciudad Juárez, Chihuahua , cuando un centenar de migrantes venezolanos que descansaban afuera de las oficinas estatales salieron corriendo hacia la frontera. Llevaban cartones y playeras blancas en las que habían escrito “SOS” y “AUXILIO.” Frente al canal de aguas negras que divide a Juárez con El Paso, Texas , se detuvieron y alzaron sus pancartas improvisadas. Del otro lado, con sus uniformes color verde y apenas gesticulando, agentes de la patrulla fronteriza leían y escuchaban sus peticiones. Jonnaleth Hidalgo viajó desde Venezuela con su hija de 5 años, Daniela. Ya cerca de la frontera se enteró que si se entregaba a la Patrulla fronteriza sería retornada junto a su pequeña y no podría participar en el nuevo programa. Por eso se manifestó. Daniela, su hija, cansada de dormir en el suelo de la calle, emitía algunos gritos que apenas se alcanzaban a escuchar. “Déjennos entrar”, decía a la migra. En entrevista con MILENIO , reveló qué es lo que quisiera hacer si le dieran una nueva oportunidad de vida en Estados Unidos: “Queremos un mejor futuro, para una casa, para algo. Me gustaría estudiar, jugar y comer bien.” Juan José Molina, otro venezolano que participó en la protesta, relató a por qué no quiere, ni puede, regresar a Venezuela, por ejemplo, el paso por la selva del Darién, entre Colombia y Panamá: “Pasamos por una selva que es intransitable, es muy difícil. La selva es una selva virgen, la cual ya tiene sus rutas, pocas, de los pueblos indígenas que están allá, pero es difícil. Hay muchas cosas que pasaron allá, hubo violaciones, personas que se ahogaron en el río. El tránsito que podemos llevar, podemos llevar hasta siete, ocho días. Hay personas que duran hasta 15 días dentro de la selva en la que no tenemos suministros. La prioridad es tratar de salir lo más rápido posible con los pocos recursos que tenemos. Hay personas que no lo logran.” Además, a Juan José, como a muchos otros migrantes venezolanos, ya no le queda dinero para regresar a su país natal. Los cerca de 2 mil dólares que él junto con su familia ahorraron se le terminaron durante su trayecto hacia la frontera norte de México.  DMZ",https://www.milenio.com/policia/ciudad-juarez-migrantes-venezolanos-sobreviven-dinero-apoyo
2022-10-19 20:10,Blanca Carmona,México,Milenio,"En Ciudad Juárez, migrantes venezolanos protestan cerca del Río Bravo","Decenas de migrantes de Venezuela no aceptaron ir al espacio humanitario habilitado el lunes pasado por las autoridades de Chihuahua , y permanecen en situación calle cerca del puente internacional Paso del Norte que comunica a Ciudad Juárez con El Paso, Texas. ​ Ayer, un grupo de migrantes pidió ayuda a las autoridades de Estados Unidos, se colocaron junto al Río Bravo y frente al punto donde hace unas semanas de lado estadunidense fueron instaladas varias carpas para recibir a los venezolanos pues en esa fecha estaba vigente una excepción para que ellos entraran y darles asilo político- y mostraron un cartón con la palabra “auxilio”, en playeras color blanco que vestían tres personas rotularon SOS, y también en un retazo de tela blanco escribieron “ayuda”. Ninguna autoridad estadunidense les dio respuesta, aunque en el sitio sigue personal y las carpas. Enrique Valenzuela, coordinador de la Comisión Estatal de Población (COESPO), dijo que al nuevo espacio humanitario han traslado a 170 personas porque únicamente estas aceptaron la ayuda, el resto permanece afuera del Centro de Atención Integral al Migrante (CAIM) que está a cargo de COESPO y muy cerca del cruce internacional Paso del Norte El funcionario dijo que el traslado al espacio humanitario es voluntario y “por desconfianza o porque creen que permaneciendo juntos pueden enviar algún tipo de mensaje para convencer a las autoridades de Estados Unidos para continuar su camino a ese país y desean estar cerca del puente”. Desde el pasado 12 de octubre, por día el Gobierno de Joe Biden a retornado a México a través de la frontera de Juárez a unos 200 venezolanos. Por lo que al día de ayer suman unas mil 800 personas. A quienes aceptaron permanecer en el espacio humanitario habilitado el lunes pasado, el cual no reúne los requisitos para ser considerado un albergue y se abrió luego de que los 24 albergues que funcionan para personas en movilidad, se les empezaron a realizar pruebas rápidas de VIH, de covid-19 y hepatitis, informó personal de la Secretaría de Salud. Después de las pruebas se realizarán jornadas de vacunación y prevención de enfermedades. El secretario de Salud en el Estado, Felipe Sandoval Magallanes, dijo que actualmente dos médicos están haciendo un censo para saber cuáles son las enfermedades que pudieran predominar y sobre eso establecer los planes de acción. Varios de los venezolanos que se encuentran en el espacio humanitario dijeron que permanecerán en Ciudad Juárez mientras esperan un cambio en la política migratoria que inició el pasado 12 de octubre y que consiste en retornar a México a los venezolanos bajo la medida sanitaria denominada Tituló 42. Algunos de los extranjeros señalaron que quieren permisos de trabajo y obtener un empleo en Ciudad Juárez, aunque esta frontera y en general México no es el destino que ellos buscan. ledz",https://www.milenio.com/estados/ciudad-juarez-migrantes-venezolanos-protestan-rio-bravo
2022-10-19 19:36,Marco A. Flores,México,Milenio,"En Sonora, prevén llegada de cientos de migrantes venezolanos deportados en EU","Desde este lunes 17 de octubre, por Nogales, Sonora, se deportan entre 170 hasta 200 personas migrantes desde Estados Unidos , la gran mayoría de nacionalidad venezolana, quienes son trasladados de inmediato hacia Hermosillo, Sonora. Sin embargo, existe la posibilidad de que en próximos días muchos de ellos regresen a la frontera para insistir en cruzar hacia Estados Unidos de forma ilegal o esperar a algún trámite migratorio que les permita reingresar. El alcalde Juan Francisco Gim Nogales manifestó que, en estos primeros tres días de la semana, se han contabilizado hasta 600 personas las que han sido deportadas por esta frontera , pero inmediatamente son subidos a camiones por parte del personal del Instituto Nacional de Migración (INM). Gim Nogales m anifestó que el ayuntamiento se prepara con la habilitación de un albergue temporal para poder recibir a estas persona s. Aceptó que esa situación puede generar un problema para la frontera, ya que se trata de cientos de personas las que pudieran esperarse. Gim Nogales añadió que en recientes días y tras una visita que tuvo el embajador de Venezuela en México a Nogales, Francisco Arias Cárdenas, para participar en un festival cultural, se comprometió a enviar apoyo para que este municipio pueda atender a sus connacionales varados. MILENIO buscó confirmación con el subdelegado del INM en Nogales, Nadir Palafox, en las instalaciones de la dependencia federal; sin embargo, declaró que no estaba autorizado por sus superiores a dar información relacionada con este tema. Incluso, ordenó al reportero salir de las instalaciones rodeado de guardias de seguridad y afuera de las instalaciones el funcionario aseguró no tener autorización para dar mayores detalles. En las inmediaciones del edificio sede de la subdelegación del INM, este miércoles por la mañana estaban estacionados dos autobuses, en los cuales se traslada a los migrantes deportados hacia la capital sonorense. JLMR",https://www.milenio.com/estados/sonora-preven-llegada-cientos-migrantes-venezolanos
2022-10-19 19:26,Said Betanzos,México,Milenio,Motín en Tijuana fue para exigir definición de situación migratoria: Gobierno de BC,"La exigencia para definir su situación migratoria en el país es lo que provocó el disturbio de venezolanos retornados a México en las instalaciones del Instituto Nacional de Migración (INM) de Tijuana, informó el secretario General de Gobierno, Catalino Zavala Márquez. El funcionario detalló que el hecho se presentó a las 20:00 horas y estuvieron involucrados alrededor de 250 migrantes de esa nación. Proceso en el que están, dijo, para que puedan transitar libremente en el país con un permiso por 30 días. Por su parte, la gobernadora de Baja California , Marina del Pilar Ávila Olmeda, detalló que la Fuerza Estatal fue la primera institución en llegar, y con el apoyo de diversas instituciones de seguridad lograron controlar los disturbios. Actualmente son 650 los venezolanos que han sido retornados a Tijuana desde el jueves pasado. ledz",https://www.milenio.com/estados/motin-inm-exigir-definicion-situacion-migratoria-bc
2022-10-19 16:59,César Velázquez,México,Milenio,"Refugio de CdMx, saturado tras recibir a migrantes venezolanos","Tras el incremento de migrantes de varias nacionalidades sobre todo venezolanos, l a Comisión Mexicana de Ayuda a Refugiados ( COMAR), ha instalado un área provisional en la Casa de Acogida, Formación y Empoderamiento de la mujer internacional y Familias Migrantes y Refugiados (CAFEMIN), mismo que ya rebasó su capacidad. En información proporcionada por un ciudadano venezolano, refiere que la capacidad de atención es para aproximadamente 70 personas, pero han hecho un esfuerzo para recibir por lo menos entre 350 y 400 migrantes venezolanos. Él se encuentra albergado desde el pasado lunes en la CAFEMIN y pese a la cantidad de personas que rebasa lo programado, asegura que todo está bien organizado.    Pese a ello, la distribución de los dormitorios dónde se han puesto colchonetas para agrandar los espacios, recibir alimentos y para el uso del sanitario están debidamente coordinadas y organizados. MILENIO hizo un recorrido al exterior de las inmediaciones de CAFEMIN , donde constató que migrantes salen a caminar o a tomar un refresco para no permanecer por tiempos prolongados en las instalaciones, se sientan en las banquetas o se recargan en las paredes de las casas aledañas. La dirección de la CAFEMIN informó que en el transcurso de la tarde darán a conocer cual es la situación que guarda el espacio, la atención y ayuda a migrantes.  HCM",https://www.milenio.com/politica/comunidad/refugio-cdmx-satura-instalaciones-recibir-migrantes-venezolanos
2022-10-19 11:02,Ángel Hernández,México,Milenio,"Con frustración y frío, migrantes venezolanos mantienen su esperanza de entrar a EU","José Leal está atrapado en Ciudad Juárez. Fue uno de los cerca de mil 400 migrantes venezolanos que fueron retornados desde Estados Unidos en los primeros siete días de operación del nuevo acuerdo migratorio para regular el tránsito de los ciudadanos de ese país, con el cual ahora deberán solicitar asilo o permiso de empleo a través de internet, en lugar de presentarse físicamente a la frontera sur de Estados Unidos. José está en Juárez y lo último que supo de su esposa era que seguía en detención migratoria en El Paso, Texas. No sabe qué hacer ni qué esperar de las autoridades estadunidenses , que en un inicio estaban tomando bajo su custodia a todos los venezolanos que huyen de la crisis económica y humanitaria que vive su país. Junto a cerca de 300 migrantes acampa afuera del Consejo Estatal de Población , el órgano local que tiene en sus manos gestionar la migración en Chihuahua. No tienen recursos, fuerzas ni la intención de regresar a Venezuela o de solicitar refugio en México. Su esperanza, como la de muchos otros, se mantiene del otro lado del Río Bravo. Varios venezolanos están comenzando a perder la paciencia. No tienen dinero, ni un empleo para sobrevivir en Ciudad Juárez. Dependen de la ropa o la comida que organizaciones y la sociedad civil les entrega. Los albergues, uno federal, uno estatal, otro municipal y cerca de 15 que forman parte de una red de organizaciones ciudadanas, que ya estaban a su máxima capacidad antes del acuerdo, están rebasados. Fuentes al interior del Instituto Nacional de Migración comentaron a MILENIO que diariamente llegan cerca de 200 venezolanos a México retornados desde Estados Unidos, mil 400 en su primera semana de operación. Pero a ellos ahora se han sumado sus paisanos que vienen del sur, migrantes que llevan, según explican, cerca de un mes de haber emprendido su travesía con miras al sueño americano. Ellos también esperan que los estadunidenses vuelvan a tenderles la mano. Como José Tezada, a quien el acuerdo lo tomó por sorpresa a mitad de su camino hacia Texas: “Nos encontramos esto, inesperadamente, de que llegamos aquí, a la frontera, y lanzaron el procedimiento de la noche a la mañana. (…) Ahora nos quieren devolver a su país. Tenemos la fe puesta en Dios para que nos den la oportunidad de seguir nuestro camino, nuestro destino. Que se ponga la mano en el corazón el presidente de Estados Unidos”, agregó. LP",https://www.milenio.com/politica/comunidad/migrantes-venezolanos-esperan-entrar-eu-cd-juarez
2022-10-18 19:59,Milenio Digital,México,Milenio,"En Oaxaca, alcalde de Tapanatepec pide desahogar flujo de migrantes","Humberto López Parrazales, alcalde de Tapanatepec , en el estado de Oaxaca, aseguró que tras la notificación del gobierno de Estados Unidos sobre migrantes venezolanos , han arribado cientos de extranjeros al municipio, por lo que pidió que se desahogue el flujo. En entrevista para MILENIO Televisión , el alcalde aseguró que debido al alto flujo de migrantes en el municipio, el INM ha tomado la decisión de colocar un sello en el papel migratorio, el cual indica que el trámite sólo el válido en la entidad emisora, en este caso Oaxaca . Asimismo, mencionó que el municipio de Tapanatepec está apunto de entra en crisis o colapso por la falta de servicios, por la acumulación de basura o servicio de agua potable. Por lo que pidió al gobierno del estado de Oaxaca que se atienda este fenómeno migratorio, para que se pueda desahogar, ""queremos que se busque una válvula para que Tapanatepec no colapse "". ​ ledz",https://www.milenio.com/estados/oaxaca-alcalde-tapanatepec-pide-desahogar-flujo-migrantes
2022-10-18 01:52,Ángel Hernández,México,Milenio,"En incertidumbre, migrantes venezolanos llegan a CdMx desde ambas fronteras del país","El 12 de octubre , las autoridades migratorias estadunidenses comenzaron a retornar a México a venezolanos que habían llegado a ese país para solicitar asilo o permiso laboral bajo un nuevo acuerdo para regular el tránsito de personas hacia ese país a través de una solicitud en línea. Sin explicarles nada, un centenar de ellos fue llevado a Matamoros , Tamaulipas el fin de semana para después ser colocados en autobuses que los trajeron a la Ciudad de México, donde los dejaron a su suerte. De acuerdo con sus testimonios, tuvieron que caminar varias horas de la Central de Autobuses del Norte a las oficinas de la Comisión Mexicana de Ayuda a Refugiados ( Comar), donde tampoco tienen certeza de qué sucederá con ellos. Al mismo tiempo, los migrantes que se encontraban en camino hacia desde el sur se encontraron con la noticia de que no podrían cruzar hacia Estados Unidos a través de la frontera, a menos de que quisieran perder la oportunidad de ser elegibles para tener una oportunidad de cumplir su sueño americano. Óscar Marques llegó a México hace 15 días. Logró cruzar a Estados Unidos por Ciudad Juárez, Chihuahua, donde comenzó su proceso de solicitud de asilo: Bajo la custodia de autoridades fronterizas estadunidenses, pasó por al menos seis albergues de Texas, hasta que el fin de semana los regresaron a Matamoros sin mediar palabra. Los subieron a un autobús con rumbo a la Ciudad de México, donde por sus medios, lograron llegar a las oficinas de la Comisión Mexicana de ayuda a Refugiados. Sus playeras blancas, pantalones azules y sandalias blancas o naranja los delatan. La mayoría aún conserva estas prendas que las autoridades fronterizas de Estados Unidos les dieron mientras los tuvieron en centros de detención de migrantes. ""El chofer del autobús nos dijo que preguntáramos donde estaba Comar. Llegamos a las 05:00 horas a la terminal, y acá llegamos como a las 10:00"", dijo a MILENIO uno de sus compañeros. En la capital no tienen muy claro lo que harán. La solicitud en línea con el fin de ser elegibles para trabajar o recibir asilo en Estados Unidos les pide tener un pasaporte, que en Venezuela cuesta entre 700 y mil 500 dólares y un familiar o patrocinador local. Por el momento analizarán la oportunidad de solicitar refugio en México; sin embargo, reprochan la falta de transparencia de las autoridades: ""de Estados Unidos nos sacaron engañados, prácticamente presos, porque duramos como cinco días sin bañarnos, sin cepillarnos, sin nada"", dijo otro migrante bajo condición de anonimato. En la Comar, se encontraron con sus paisanos que vienen del sur. Los que se enteraron del acuerdo migratorio entre México y Estados Unidos que los involucra, a la mitad de su viaje por territorio mexicano. Jonque Franco era un paramédico en Venezuela, asignado a una Unidad de Cuidados Intensivos, pero los diez dólares que ganaba al mes lo impulsaron a buscar otra oportunidad en Estados Unidos para mantener a su familia. En México, lo trataron como pelota de ping-pong. Logró llegar a Ciudad Juárez, Chihuahua, pero lo detuvieron agentes del INM. Después lo trasladaron a una estación migratoria en Janos. De ahí, lo movieron a la Ciudad de México y después a Tapachula, Chiapas. Actualmente está en la capital del país buscando una solicitud al ultimátum que le dio el gobierno mexicano el 29 de septiembre para que pasados 15 días abandonara México. Está entre la espada y la pared, porque tampoco puede trasladarse a la frontera con Estados Unidos o perdería la posibilidad de ser elegible para solicitar asilo. Davidson León, también de Venezuela, entró a México el sábado 8 de octubre, a San Pedro Sula, Chiapas, para tener permiso de movilidad por México. Logró llegar a la Ciudad de México, donde ahora no sabe qué hacer: ""Estamos en shock con la noticia de que ya no vamos a entrar a Estados Unidos, queremos alguna ayuda, una solución. Fue sin previo aviso, cerraron la frontera ahí mismo, no dieron detalles de nada."" JLMR",https://www.milenio.com/politica/migrantes-venezolanos-llegan-cdmx-ambas-fronteras
2022-10-17 20:24,Said Betanzos,México,Milenio,"En Tijuana, migrantes venezolanos protestan por retorno de EU a México","Migrantes venezolanos y activistas protestaron en Tijuana con la quema de piñatas de los secretarios de Relaciones Exteriores de México, y de Estado de Estados Unidos, Marcelo Ebrard, y Anthony Blinken, respectivamente, en rechazo al Título 42. Ocurrió afuera de las oficinas de la delegación de la SRE en la ciudad de Baja California, en donde además dieron una conferencia de prensa. Para Sergio Tama i, director Hotel del Migrante en Mexicali , es una burla el que ahora el gobierno de Joe Biden pida a venezolanos tener a un patrocinador si quieren vivir en la Unión Americana. José María García Lara, director del albergue Juventud 2000, consideró que con ese acuerdo ya se ocasionó una crisis migratoria y está puede salirse de control. Primero, porque los albergues están rebasados y los gobiernos no tiene recursos económicos para atender a los extranjeros. Por su parte el activista y defensor de Derechos Humanos, José Luis Pérez Canchola , recalcó que si el gobierno federal desatiende a los migrantes aumenta el negocio ilegal y los delitos, sobre todo el tráfico de personas y los secuestros. Y es que los venezolanos no quieren irse al Centro Integrador del Migrante (CIM) y optan por esperar en refugios .  DMZ",https://www.milenio.com/estados/tijuana-migrantes-venezolanos-protestan-retorno-eu-mexico
2022-10-17 15:36,Antonio López,México,Milenio,Migrantes venezolanos varados en Sonora piden ayuda para volver a casa,"Un nutrido grupo de venezolanos varados en Sonora pidieron la intervención de las autoridades luego de haber sido deportados de Estados Unidos por la entrada en vigor de un nuevo proceso, que impide la expedición de visas humanitarias a quien transite ilegalmente por territorio mexicano. Son alrededor de 20 ciudadanos quienes ingresaron al país vecino el 11 de octubre; sin embargo, fueron deportados por la frontera norte de México, quedando a la deriva. Nelson Contreras, uno de los integrantes de la comitiva, detalló que fueron deportados por Nogales , posteriormente fueron detenidos en el Instituto Nacional de Migración de Hermosillo (INM) , en donde les dieron un lapso de siete días para abandonar el país por sus propios medios. experiencia de Vida inolvidable ????????????   Jesús Rivas, un hombre con discapacidad , vivió una travesía para llegar a los Estados Unidos, atravesando canales, selvas, desiertos y enormes territorios sin población, a fin de poder lograr el sueño americano, sin embargo la deportación ha truncado sus planes. Camila, una joven de 20 años, indicó que además fueron despojados de todas sus pertenencias. El Consulado de Estados Unidos en Hermosillo emitió un mensaje en el que aclara que por disposición oficial, serán devueltos de territorio estadunidense.  DMZ ​",https://www.milenio.com/policia/sonora-migrantes-venezolanos-piden-ayuda
2022-10-16 19:13,Editorial Milenio,México,Milenio,Autoridades envían a CdMx a migrantes venezolanos expulsados de EU,"En un intento por aliviar la presión sobre la frontera norte ante la gran cantidad de migrantes expulsados de Estados Unidos, las autoridades mexicanas iniciaron el traslado a la Ciudad de México de cerca de un centenar de venezolanos. Las autoridades migratorias mexicanas embarcaron en dos autobuses a un primer grupo de venezolanos, que fue expulsado el jueves de Estados Unidos, y los trasladó desde la ciudad fronteriza de Matamoros, Tamaulipas, hasta la sede de la Comisión Mexicana de Ayuda a Refugiados (Comar), en el centro de la capital mexicana. Sin alimentos y ninguna protección para el frío, y totalmente desorientados, fueron dejados el sábado cerca de un centenar de venezolanos frente a las puertas de la Comar, la cual no labora durante el fin de semana. Rodeado de sus compañeros de viaje, algunos de cuales comían desesperados unos panes que les regalaron venezolanos residentes en México, Acevedo reconoció que tras dejar hace dos meses su familia y hogar en el estado venezolano de Anzoátegui y vender su motocicleta, el cual era su único bien, ahora su destino es incierto. “Me vine para cumplir un sueño americano, y se me ha convertido en una pesadilla”, indicó el venezolano al relatar que se quedó sin dinero debido a que todos sus ahorros, unos cuatro mil 500 dólares, se los dejó a varios traficantes de migrantes y funcionarios en su recorrido desde Colombia, pasando por Panamá, Costa Rica, Nicaragua, Honduras y Guatemala, hasta la frontera norte de México, y perdió su único documento de identificación al entregarlo a las autoridades estadunidenses cuando fue detenido a finales de septiembre al ingresar ilegalmente por el estado de Texas. “Queremos una respuesta lógica … no somos unos animales, unos perros”, señaló Acevedo al quejarse de la decisión que tomaron las autoridades estadunidenses de expulsar hacia México a cientos de migrantes luego que el gobierno de Joe Biden anunció a mediados de semana que aceptará hasta 24 mil venezolanos que se registren previamente en un programa, tengan un patrocinador en el país y lleguen por vía aérea. Las autoridades estadunidenses acordaron además que devolverán a los que crucen la frontera ilegalmente desde México, una cifra que superó las 33 mil personas solo en septiembre. Pese a las nuevas restricciones de Washington, Acevedo aseguró que no tiene planes de volver a Venezuela y seguirá insistiendo en ir a Estados Unidos. “Queremos que nuestra voz se escuche porque todos nuestros derechos fueron burlados”, agregó. Vestido con una camiseta de algodón y un pantalón deportivo, que le dieron las autoridades estadunidenses durante los seis días que estuvo detenido en cinco retenes, donde aseguró que durmió en el piso, Enmanuel Colombo, un migrante venezolano de 34 años, afirmó que “a Venezuela no puedo volver porque en realidad quedé en cero, sin ningún trabajo ni manera de ejercer mi profesión de mecánico industrial”. Colombo señaló que mientras realiza los trámites migratorios para volver a Estados Unidos buscará un empleo en México para enviarle dinero a su esposa y tres hijos que dejó en la localidad venezolana de Turmero, estado Aragua. “Necesito darle estabilidad a mi familia porque vendí mi casa para venirme a Estados Unidos, y los dejé en la calle”, precisó. Poco antes del anochecer, autoridades mexicanas se presentaron en la Comar para trasladar al grupo de venezolanos a diferentes albergues de la Ciudad de México mientras esperan el inicio de sus trámites migratorios. Desde esta semana comenzaron a llegar de forma inmediata cientos de venezolanos por cinco puntos de la frontera —Tijuana, Nogales, Ciudad Juárez, Piedras Negras y Matamoros—, según confirmó la Organización Internacional para las Migraciones (OIM), l a agencia migratoria de Naciones Unidas. La venezolana se ha convertido repentinamente en la segunda nacionalidad más numerosa en llegar a la frontera con Estados Unidos, por detrás de la mexicana. Esto supone un duro desafío para Biden, quien no mantiene relación con Caracas, lo que hace que las deportaciones sean casi imposibles. Por eso, el gobierno optaba generalmente por liberarlos para que siguieran su proceso migratorio en territorio estadounidense. Desde el 2014 se inició un éxodo masivo de venezolanos que huían de la peor crisis política, económica y social que haya enfrentado el país en más de un siglo. De acuerdo a cifras de la ONU, hasta septiembre se habían contabilizado más de 7,1 millones de personas (alrededor de 20% de la población total) que han migrado de Venezuela en los últimos años. Aunque Venezuela salió el año pasado de un largo período de más cuatro años de hiperinflación, continúa sufriendo una de las mayores inflaciones del mundo. En los últimos meses el bolívar ha enfrentado devaluaciones de más de 30 por ciento frente al dólar, que es la moneda de mayor uso el país, lo que ha hundido el salario mínimo de los venezolanos alrededor de unos 16 dólares, profundizando las precarias condiciones de vida de los mayoritarios sectores pobres y reactivando la migración masiva. JLMR",https://www.milenio.com/politica/envian-cdmx-migrantes-venezolanos-expulsados-eu
2022-10-15 18:03,Editorial Milenio,México,Milenio,México advierte a migrantes venezolanos no formar caravanas tras nuevo plan fronterizo,"El gobierno mexicano instó a los migrantes venezolanos a no formar caravanas, señalando que quienes lo hagan dejarán de ser elegibles para ingresar a Estados Unidos bajo un nuevo esquema humanitario anunciado esta semana. ​ De acuerdo a un plan anunciado el miércoles, Washington permitirá el acceso a su territorio de 24 mil migrantes venezolanos por vía aérea y, al mismo tiempo, facilitaría que las autoridades estadunidenses expulsen a México a quienes sean capturados tratando de cruzar ilegalmente por tierra. La entidad señaló que estaría en comunicación permanente con las autoridades fronterizas de Estados Unidos. El plan es el intento más reciente para frenar el número récord de tránsitos ilegales en la frontera, en parte impulsado por un fuerte aumento de venezolanos que ingresan a México tratando de llegar a su país vecino. El viernes por la mañana se formó en el sur de México una caravana de varios cientos de migrantes , en su mayoría venezolanos. Aunque luego se dispersó, cientos más partieron el viernes por la noche en grupos más pequeños también con destino a Estados Unidos. ledz",https://www.milenio.com/estados/mexico-advierte-migrantes-venezolanos-formar-caravanas
2022-10-14 14:06,Milenio Digital,México,Milenio,Migrantes venezolanos bloquean puente internacional de Matamoros-Brownsville,"Un grupo de 200 migrantes Venezolanos se postraron cerca de las 8:00 de la mañana de este viernes en los accesos del puente Internacional Matamoros-Brownsville, con la intención de mostrar su descontento al haber sido deportados el pasado jueves 13 hacia el lado Mexicano. Autoridades americanas activaron de inmediato su filtro de seguridad, cerrando el paso definitivo hacia Estados Unidos, de los tres pasos fronterizos que hay en Matamoros, solo el puente Los Tomates quedó abierto para la exportación de productos. Cerca de las 13:20 horas, Gloria Chaves, jefa del Departamento Migratorio de la CBP, diálogo con un representante de los migrantes, al cual le explicó que de acuerdo a la nueva regularización federal que, con efecto inmediato, los venezolanos que ingresen a Estados Unidos sin autorización por zonas ubicadas entre los puertos de ingreso, serán devueltos a México, por lo que estás personas tienen que cumplir un reglamento el cual se basa en; que deberán contar con un patrocinador de respaldo financiero, pasar los filtros de evaluación biométrico de seguridad Nacional y estar vacunados. Fue cerca de las 13:40 horas que los 200 venezolanos abandonaron las instalaciones del puente internacional para emprender su camino hacia la ciudad de México, donde desde ahí iniciarán su proceso legal. De acuerdo con un comunicado, Estados Unidos y México estarán trabajando en operaciones contra organizaciones dedicadas al contrabando de personas. Estos operativos incluirán nuevos puestos de control migratorio, recursos, personal, e intercambio de información. The Gateway Bridge between Matamoros and Brownsville has been closed due to a protest. U.S. gov. employees have been instructed to avoid the area until further notice. ???????? citizens should avoid the area, monitor media for updates, and notify friends and family of their safety. Se determina que los venezolanos ahora harán su trámite de ingreso a Estados Unidos desde su país y no deberán viajar a México, esto con la finalidad de reducir la carga migratoria en la frontera. Quienes obtengan la aprobación, viajarán vía aérea directamente a un puerto de ingreso interno y una vez en Estados Unidos serán elegibles para solicitar autorización para trabajar. Entre las condiciones para que ingresen a Estados Unidos, los venezolanos deberán contar con un patrocinador de respaldo financiero, pasar los filtros de evaluación biométricos de seguridad nacional, estar vacunados, quedando fuera todos aquellos que hallan cruzado ilegalmente después de esta fecha. ​ Con información de Javier Hernández SJHN",https://www.milenio.com/internacional/migrantes-venezolanos-bloquean-puente-internacional-matamoros
2022-10-14 11:27,Said Betanzos,México,Milenio,Migrantes venezolanos regresan de Estados Unidos a México por frontera de Tijuana,"Un grupo de al menos 80 migrantes venezolanos regresaron a México por la frontera de Tijuana . El regreso es parte del nuevo programa de Estados Unidos que les permitirá ingresar legalmente a ese país. Las personas fueron devueltas por la garita El Chaparral, que está cerrada al cruce fronterizo desde hace más de dos años. Eran mujeres y hombres que, por su propia voluntad, se dirigieron a tres albergues de Tijuana, confirmaron autoridades del Instituto Nacional del Migración ( INM ). Los migrantes originarios de Venezuela ingresaron a México alrededor de las 20:00 horas, tiempo local. Se prevé que hoy continúe el retorno , aunque no hay horarios programados para ello. Estados Unidos indicó a los migrantes venezolanos irregulares que deben quedarse donde están y eviten cruzar la frontera con México. Lo anterior, con la finalidad de poder optar al nuevo programa que permite entrar legalmente por avión a 24 mil personas de esta nacionalidad, de acuerdo con un alto cargo estadunidense.  El gobierno del presidente Joe Biden anunció el miércoles que acepta la entrada de hasta 24 mil migrantes venezolanos por avión, pero expulsará a aquellos que entren ilegalmente por la frontera con México, como parte de un acuerdo con este país latinoamericano. Con información de AFP .  ROA",https://www.milenio.com/estados/migrantes-venezolanos-regresan-mexico-frontera-tijuana
2022-10-14 01:09,Jaime Zambrano,México,Milenio,Recibe México a migrantes venezolanos,"Los migrantes venezolanos que sean devueltos por Estados Unidos luego de que sean detenidos tras cruzar la frontera de manera ilegal, ya sea a pie o nadando, serán recibidos, por un tiempo, en territorio mexicano. Desde el pasado 12 de octubre, los venezolanos que atraviesen la frontera entre México y Estados Unidos de manera ilegal y sean detenidos, serán expulsados a México. El gobierno norteamericano tomó la medida ante las inexistentes relaciones con el gobierno venezolano. Miles de venezolanos están abandonado su país tratando de escapar de los problemas económicos que se presentan en su país. Estados Unidos se coloca como su primera opción; sin embargo, México aparece como una segunda alternativa. Con la medida acordada con el gobierno que encabeza el presidente de México, Andrés Manuel López Obrador, Estados Unidos busca mitigar la crisis migratoria en su frontera sur donde cada vez es mayor el flujo de personas que buscan cumplir el llamado “sueño americano”. De acuerdo con el Departamento de Seguridad Nacional estadounidense (DHS por sus siglas en inglés), un total de 33 mil venezolanos llegaron a la frontera en el mes de septiembre. Al menos, durante el año fiscal de 2022, se registró un aumento de casi 300 por ciento de migrantes de origen venezolano. El gobierno de México dio a conocer que acordó con Estados Unidos un plan fronterizo que permitirá el acceso a su territorio de 24 mil migrantes venezolanos por vía aérea y ofrecerá visas de trabajo temporales a extranjeros provenientes de distintas naciones. Como parte del acuerdo, México permitirá que los venezolanos expulsados ingresen temporalmente a través de la frontera norte por razones humanitarias, bajo el Título 42, un programa que permite a los agentes fronterizos estadounidenses enviar a México a migrantes. En el pasado mes septiembre, los migrantes venezolanos se colocaron en la cuarta posición de las nacionalidades que solicitan refugio en México, con un total de ocho mil 665 registros. En primer lugar se colocó Honduras, Cuba y Haití. Por ahora, se presentan dudas en torno a si el programa le dará resultados a Estados Unidos y podrá desalentar a los migrantes venezolanos que atraviesan la frontera de forma ilegal. Todo indica que, a pesar de las restricciones, los migrantes seguirán intentando llegar a Estados Unidos y la opción de ser devueltos a México no suena mal. jaime.zambrano@milenio.com",https://www.milenio.com/opinion/jaime-zambrano/desde-el-biopoder/recibe-mexico-a-migrantes-venezolanos
2022-10-13 21:27,Jannet López Ponce,México,Milenio,EU pide a migrantes venezolanos que no crucen la frontera con México,"Los migrantes venezolanos irregulares deben quedarse donde están y evitar cruzar la frontera de México con Estados Unidos para poder optar al nuevo programa que permite entrar legalmente por avión a 24 mil personas de esta nacionalidad, dijo este jueves un alto cargo estadunidense. El gobierno del presidente Joe Biden anunció el miércoles que acepta la entrada de hasta 24 mil migrantes venezolanos por avión, pero expulsará a aquellos que entren ilegalmente por la frontera con México, como parte de un acuerdo con este país latinoamericano. Para entrar legalmente, el migrante necesita, entre otras cosas, a un patrocinador en Estados Unidos que le brinde respaldo financiero. No podrán optar a esta vía legal quienes hayan sido expulsados de Estados Unidos, ingresado de forma irregular a México o Panamá después de la fecha del anuncio o cruzado sin autorización por zonas entre los puertos de entrada. Y si están en México no tienen necesidad de ir a la frontera, que ""es una zona muy peligrosa"" , porque pueden acceder al nuevo proceso desde cualquier lugar del interior del país. Más de 180 mil migrantes irregulares venezolanos fueron detenidos en el año fiscal (del 1 de octubre al 30 de septiembre) que acaba de terminar, lo que equivale a casi el 11 por ciento de todas las detenciones de este tipo en la frontera.  El gobierno de Estados Unidos reiteró que cualquier migrante venezolano que intente ingresar al país será regresado a México, por lo que les pidió no arriesgarse y solicitar su registro al nuevo programa con el que se le permitirá el ingreso legal a 24 mil, pero exclusivamente por avión. A través de un comunicado de la Embajada de Estados Unidos, se les pidió a los venezolanos migrantes que “no vengan a la frontera con Estados Unidos porque serán regresados a México. No se les permitirá ingresar”. Recordaron que ya está en funcionamiento el nuevo programa lanzado esta semana, en el que ofrecen ingresos legales a 24 mil venezolanas y venezolanos por avión, que hagan una petición formal y demuestren que tienen apoyo de una persona que reside en Estados Unidos, que comprueben que no tienen antecedentes penales ni fueron expulsados en los últimos años. Por lo que les recomiendan hacer la solicitud por internet pues “ésa es la única manera de entrar” a Estados Unidos sin riesgos.    Esta semana se lanzó este programa con el objetivo de regular el ingreso masivo de migrantes de Venezuela hacia Estados Unidos y con el ofrecimiento de oportunidades laborales mediante un proceso legal.  dr ",https://www.milenio.com/internacional/estados-unidos/eu-pide-migrantes-venezuela-crucen-frontera
2022-10-12 21:39,AFP,México,Milenio,EU aceptará a 24 mil migrantes venezolanos; expulsará a México a los que entren ilegalmente,"Estados Unidos acepta la entrada de 24 mil migrantes venezolanos por avión, mediante una vía legal similar a la aplicada a los ucranianos , y expulsará a aquellos que entren ilegalmente por su frontera sur, informó este miércoles el Departamento de Seguridad Nacional (DHS). El plan ""para reducir la migración irregular de venezolanos"" incluye ""un nuevo proceso para traer de manera legal y segura a hasta 24 mil"", que serán autorizados ""caso por caso"" a viajar por vía aérea, pero aquellos que ""intenten entrar ilegalmente a Estados Unidos serán devueltos"", señala el DHS en un comunicado. dr ",https://www.milenio.com/internacional/estados-unidos/eu-aceptara-24-mil-migrantes-venezolanos-expulsara-mexico
2022-09-20 09:43,Editorial Milenio,México,Milenio,Policía de EU investiga el traslado de 48 migrantes venezolanos en aviones privados,"Por violaciones a la ley, el gobernador de Florida, Ron DeSantis, está siendo investigado por la policía de un condado de Texas por el traslado de 48 migrantes venezolanos en aviones privados, desde San Antonio a Martha's Vineyard la semana pasada. El jefe de policía del condado Bexar, Javier Salazar, un demócrata electo, calificó los vuelos que partieron de su ciudad como una manipulación política. Pero señaló que hasta el momento los investigadores únicamente han hablado con los abogados que representan a algunos de los migrantes y no identificó a ningún posible sospechoso que pueda enfrentar cargos. Tampoco mencionó a DeSantis en una conferencia de prensa que pareció representar la primera ocasión en que un funcionario policial dijo que investigaría los vuelos. La oficina de DeSantis respondió con un comunicado en el que señaló que a los migrantes se les presentaron más opciones para arribar a Massachusetts. Los migrantes venezolanos que fueron enviados vía aérea el miércoles a la acaudalada isla de Massachusetts desde San Antonio señalaron que se les comentó que irían a Boston. Julio Henriquez, un abogado que se reunió con varios de los migrantes, dijo que ""no tenían idea de a dónde iban o dónde estaban"". Señaló que una mujer latina se acercó a los migrantes en un albergue administrado por la ciudad en San Antonio y los hospedó en un hotel cercano, a donde a diario les llevaba alimentos y tarjetas de regalo. Les prometió empleos y vivienda durante tres meses en Washington, Nueva York, Filadelfia y Boston, según Henriquez. Salazar dijo que ""se aprovecharon"" de los migrantes y que fueron ""engañados"". Algunos demócratas han pedido al Departamento de Justicia que investigue los vuelos , entre ellos el gobernador de California Gavin Newsom y el representante federal Joaquín Castro, cuyo distrito incluye a San Antonio. Sin embargo, una investigación federal podría resultar complicada. No está claro si alguien abordó los autobuses o aviones en contra de su voluntad, o que se hayan violado sus derechos civiles. Los derechos de los solicitantes de asilo que llegan a Estados Unidos también son limitados debido a que no son ciudadanos estadunidenses. Sin embargo, la Constitución los protege de la discriminación por raza o nacionalidad o de trato indebido por parte del gobierno. LG",https://www.milenio.com/internacional/eu-investiga-traslado-de-48-migrantes-venezolanos-en-aviones-privados
2022-09-07 12:34,Jesús Alberto García,México,Milenio,Migrantes venezolanos piden ayuda humanitaria en Tamaulipas para llegar a EU,"Familias completas de migrantes venezolanos se encuentran en los cruceros de avenidas principales de Tampico , niños, adolescentes y adultos que buscan recursos para l legar a Estados Unidos. Rosanyuli Villanueva carga a un bebé en una pechera mientras sostiene un cartel que dice: “Somos migrantes venezolanos , ayúdenos a llegar a nuestro destino"". La mujer de 29 años es madre de cinco niños, dos de ellos mellizos, así que junto a su esposo trata de cumplir su sueño, pero antes de eso, piden dinero en Tampico , en el sur de Tamaulipas , para poder comer. Sus maletas están en las bases de los postes de semáforos o de teléfono, amontonadas y cuando se cansan ahí aprovechen para tratar de recobrar energías. Algunos migrantes de Venezuela , que caminan en grupo, se trasladaron hacia la Central Camionera de Tampico y otro grupo llegó por el Puente Tampico para sumarse a los migrantes que comenzaron a llegar en gran número ayer por la tarde.",https://www.milenio.com/politica/comunidad/migrantes-venezolanos-piden-recursos-tamaulipas-llegar-eu
2022-07-11 20:06,AFP,México,Milenio,EU extiende amparo migratorio para migrantes venezolanos hasta 2024,"El gobierno del presidente estadunidense Joe Biden prolongó por 18 meses el amparo migratorio conocido como TPS que otorga permiso de residencia y trabajo a los venezolanos, informó este lunes el secretario de Seguridad Nacional, Alejandro Mayorkas. La extensión de 18 meses del TPS para Venezuela entrará en vigor el 10 de septiembre de 2022 hasta el 10 de marzo de 2024 y solo se podrán acoger a él los beneficiarios actuales y que ya residían en Estados Unidos al 8 de marzo de 2021, informa en un comunicado. Aquellos venezolanos que llegaron a Estados Unidos después del 8 de marzo de 2021 no podrán beneficiarse del programa. El Estatus de Protección Temporal (TPS), establecido por el Congreso, es un programa temporal y renovable que impide la deportación y da acceso a un permiso de trabajo para ciudadanos extranjeros que no pueden regresar de manera segura a su país debido a desastres naturales, conflictos armados u otras condiciones extraordinarias. Estados Unidos considera presidente encargado de Venezuela al líder opositor Juan Guaidó desde que el mandatario Nicolás Maduro asumió un segundo mandato en 2019 tras unas elecciones consideradas fraudulentas por varios países. La agencia de la ONU para los refugiados calcula que más de seis millones de venezolanos han salido de su país , sumido en una profunda crisis económica y política. El gobierno se encontraba bajo presión dentro de sus propias filas para extender el TPS para los venezolanos. En una carta, la semana pasada más de 20 senadores demócratas consideraron justificado que se prolongue debido a ""los crímenes de lesa humanidad del régimen de Nicolás Maduro, el aumento de la violencia armada en Venezuela, las crecientes necesidades humanitarias y la crisis de desplazamiento sin precedentes"". Pero también le pedían que la prolongación fuera acompañada de una ""reasignación del TPS para Venezuela"" , lo cual permitiría abarcar a más personas. El influyente presidente del Comité de Relaciones Exteriores del Senado, el demócrata Bob Menéndez, dijo estar ""decepcionado y sorprendido"" por la decisión , debido a que ""relega a cientos de miles de venezolanos (llegados desde marzo de 2021) a una vida más vulnerable y marginada en Estados Unidos"". dr",https://www.milenio.com/internacional/estados-unidos/eu-prolonga-amparo-migratorio-migrantes-venezolanos
2022-06-24 13:56,Julio Navarro Cárdenas,México,Milenio,"Sale caravana de migrantes venezolanos desde Tapachula, Chiapas","Una caravana de migrantes, en su mayoría venezolanos, salieron de manera sorpresiva alrededor del mediodía desde Tapachula, Chiapas . Se estima que el grupo está conformado por cuatro mil personas . Los migrantes comenzaron su recorrido, a pesar del intenso sol y una sofocante temperatura de 35 grados, sobre la carretera costera y se dirigen hacia el municipio de Huehuetán . El grupo, que decidió salir de forma masiva, cuenta con hombres en su mayoría, pero también se registró la presencia de familias con niños y niñas. Los migrantes solicitaron pronta atención de las autoridades migratorias para otorgarles visa por razones humanitarias, así como la forma migratoria múltiple que les permita transitar hacia el centro y norte del país. De acuerdo con la agencia Cuartoscuro , algunos migrantes fueron captados ayer mientras se reunían ayer en el Parque Bicentenario de Tapachula. Las personas comenzaron a organizar la caravana en ese punto. Las personas indicaron que buscan refugio en México, pero acusaron que las autoridades nacionales han tardado en darles respuesta a sus demandas.  ROA",https://www.milenio.com/estados/caravana-migrantes-venezolanos-sale-tapachula-chiapas
2022-06-17 15:37,Redacción,México,Milenio,"Entre calor y fatiga, migrantes quedan varados en Central de Autobuses de Monterrey","Suscríbete a Milenio y descarga la edición impresa, suplementos y hemeroteca Para ver esta página correctamente, necesitas activar JavaScript en tu navegador.",https://www.milenio.com/politica/migrantes-olvidados-en-monterrey-fotos
2022-02-02 19:47,Editorial Milenio,México,Milenio,"""Plan Vuelta a la Patria"": Maduro promete triplicar vuelos para repatriar venezolanos","El presidente de Venezuela, Nicolás Maduro, prometió este miércoles que a partir de marzo se triplicarán los vuelos del denominado ""Plan Vuelta a la Patria"" , que puso en marcha en septiembre de 2018, para facilitar el regreso de migrantes que han sido víctimas de xenofobia en países receptores. Maduro aseguró que los venezolanos se fueron del país buscando una ""mejor oportunidad económica"", pero ha habido ""mucha discriminación, mucha xenofobia que se ha sembrado contra Venezuela"". El lunes, se desarrolló un bloqueo de carreteras, cierre de comercios y un paro de camioneros en la ciudad de Iquique, en el norte de Chile , en contra del aumento de la delincuencia y la crisis de migración irregular que hace meses afecta a la zona y sus alrededores. Según diversos informes locales, múltiples accesos de la ciudad fueron bloqueados por maquinaria de transporte impidiendo, por ejemplo, el paso de trabajadores al aeropuerto, que dejó de estar operativo esta madrugada por lo que se recomendó a los pasajeros ""contactar con antelación a su aerolínea para conocer el estatus de su vuelo"". La protesta tuvo lugar después de que el domingo cientos de personas se manifestaran en distintos puntos de la Región de Tarapacá , más de mil 800 kilómetros al norte de Santiago, contra la presencia de inmigrantes irregulares, concentración que contó con episodios de ataques a extranjeros y consignas xenófobas. Hechos similares ocurrieron en septiembre pasado, cuando una turba de manifestantes quemaron en medio de una marcha carpas y pertenencias de inmigrantes venezolanos que pernoctaban en el espacio público iquiqueño, situación que fue condenada por las autoridades y organizaciones sociales. El pasado 8 de diciembre, VTV señaló que a través del proyecto gubernamental se han repatriado voluntariamente a 27 mil 537 venezolanos provenientes de 19 países. Sin embargo, según la última actualización de la Plataforma de Coordinación Interagencial para Refugiados y Migrantes de Venezuela (R4V), hay aproximadamente 6 millones 40 mil 290 migrantes y refugiados venezolanos en el mundo, y al menos 4 millones 994 mil 17 se encuentran en América Latina y el Caribe. RM ​",https://www.milenio.com/internacional/plan-vuelta-patria-maduro-promete-repatriar-migrantes
2022-01-31 19:48,AFP,México,Milenio,EU envía a Colombia a migrantes venezolanos detenidos en frontera con México,"El gobierno de Estados Unidos informó el lunes que empezó a enviar a Colombia a migrantes venezolanos que residían en ese país y fueron detenidos al ingresar de forma ilegal a territorio estadunidense por la frontera con México. Dos ciudadanos venezolanos fueron devueltos a Colombia el 27 de enero de conformidad con el Título 42, dijo el Departamento de Seguridad Interior (DHS) en una declaración tras un reporte de la cadena CNN. El Título 42 es una disposición de salud pública de Estados Unidos que permite expulsar inmediatamente a los migrantes indocumentados, aunque sean solicitantes de asilo, debido a la pandemia de covid-19. Según el DHS, se espera que los vuelos a Colombia de venezolanos que vivían en ese país antes de cruzar ilegalmente a Estados Unidos desde México se realicen ""de manera regular"", operados por el Servicio de Inmigración y Control de Aduanas de Estados Unidos (ICE). El DHS señaló que esta decisión se tomó luego de conversaciones con el gobierno colombiano. En Bogotá, la autoridad migratoria de Colombia confirmó que dos venezolanos arribaron al país el jueves pasado ""en calidad de deportados"". Un total de 106 mil 775 migrantes venezolanos fueron interceptados en 2021 cruzando la frontera de Estados Unidos con México de forma irregular, según la Oficina de Aduanas y Protección Fronteriza de Estados Unidos (CBP). Esto supone un fuerte crecimiento con respecto a 2020, cuando apenas un millón 311 mil migrantes venezolanos fueron detenidos en la frontera sur de Estados Unidos sin papeles. Según la ONU, más seis millones de venezolanos han dejado su país en los últimos años , huyendo de una grave crisis, la gran mayoría a países latinoamericanos. Colombia, que en 2020 inició la regularización de los migrantes venezolanos, ha sido el principal lugar de acogida, con más un millón 800 mil de personas provenientes del país vecino. Estados Unidos registró casi dos millones de detenciones de migrantes por ingreso ilegal al país a lo largo de su frontera con México en 2021 , según estadísticas oficiales. Las llegadas de inmigrantes a Estados Unidos disminuyeron notablemente durante la fase inicial de la pandemia de covid-19, a principios de 2020, pero comenzaron a aumentar en el segundo semestre de 2020, antes de incrementarse con la llegada al poder de Biden en enero del año pasado. Estados Unidos ya ha expulsado a otros migrantes a terceros países en la región , en los cuales residían antes de ser detenidos en la frontera sur estadunidense. El DHS informó sobre vuelos de traslado de migrantes indocumentados a Guatemala, Honduras, El Salvador y Brasil invocando el Título 42. RM",https://www.milenio.com/internacional/eu-envia-colombia-migrantes-venezolanos-detenidos-frontera
