Titulo,URL,Cuerpo,Autor,Medio,Pais,Fecha
Vuelven los vuelos de deportación a Venezuela: 147 migrantes llegaron desde Estados Unidos,https://www.semana.com/mundo/articulo/vuelven-los-vuelos-de-deportacion-a-venezuela-147-migrantes-llegaron-desde-estados-unidos/202656/,"Estados Unidos reanudó este lunes los vuelos de deportación hacia Venezuela por primera vez desde los terremotos que sacudieron al país a finales de junio, una decisión que ha generado cuestionamientos de organizaciones defensoras de derechos humanos debido a las dudas que aún rodean la muerte de decenas de migrantes deportados durante el desastre natural.Según informó el diario The New York Times, un vuelo chárter procedente de Miami aterrizó en la ciudad de Barcelona, en el estado Anzoátegui, con 147 ciudadanos venezolanos a bordo. Las autoridades venezolanas confirmaron la llegada de la aeronave y señalaron que los migrantes fueron recibidos a través del programa estatal de repatriación Vuelta a la Patria.El Departamento de Seguridad Nacional de Estados Unidos (DHS) confirmó la operación, aunque evitó precisar si marca el reinicio formal y permanente de las deportaciones hacia Venezuela.“El 3 de agosto, ICE llevó a cabo con éxito un vuelo de deportación para devolver a 147 venezolanos a Venezuela”, indicó un portavoz de la entidad en declaraciones recogidas por The New York Times.La reanudación de estos vuelos ocurre poco más de un mes después de los terremotos que golpearon la costa venezolana y que, según cifras oficiales, dejaron más de 6.000 muertos y miles de personas sin hogar.El periódico estadounidense recordó que apenas ocho horas antes de los terremotos del 24 de junio había llegado a Venezuela otro vuelo de deportación procedente de Estados Unidos con 146 migrantes.De acuerdo con el reporte, muchos de esos deportados fueron trasladados a un centro de retención administrado por organismos de inteligencia venezolanos en La Guaira, una de las zonas más afectadas por el desastre.Cuando ocurrieron los sismos, el edificio colapsó. Desde entonces han surgido denuncias sobre la muerte de decenas de personas que se encontraban en el lugar, aunque hasta ahora ninguna de las dos administraciones ha publicado una lista oficial de pasajeros, sobrevivientes o fallecidos.The New York Times señaló que familiares de los migrantes han denunciado dificultades para obtener información sobre sus parientes y que continúan buscando respuestas en hospitales y morgues del país.La reanudación de los vuelos se produce en medio del acuerdo migratorio alcanzado entre Washington y Caracas después de la captura del dictador Nicolás Maduro por parte de autoridades estadounidenses en enero. Según el diario neoyorquino, las autoridades venezolanas aceptaron recibir hasta tres vuelos de deportación semanales como parte de las negociaciones con Estados Unidos.Ese entendimiento coincidió con el fin de varios mecanismos migratorios que habían protegido a cientos de miles de venezolanos en territorio estadounidense, entre ellos el Estatus de Protección Temporal (TPS) y algunos programas de parole humanitario.Durante los últimos años, millones de venezolanos abandonaron su país debido a la crisis económica y política provocada por la dictadura chavista, convirtiendo al éxodo venezolano en uno de los mayores movimientos migratorios del mundo.",Juan Felipe Useche Chacón,Semana,Colombia,"Aug 04, 2026"
Venezolanos se unen por Colombia tras terremoto: más de 95 toneladas de ayuda fueron despachadas desde Bogotá,https://www.semana.com/nacion/articulo/venezolanos-se-unen-por-colombia-tras-terremoto-mas-de-95-toneladas-de-ayuda-fueron-despachadas-desde-bogota/202616/,"La solidaridad de los venezolanos por el terremoto que sacudió a varias regiones de Colombia este lunes 10 de agosto no se hizo esperar. La exdiputada venezolana Gaby Arellano, gerente de la Fundación Juntos se Puede, en conversación con SEMANA dio a conocer que desde la ciudad de Bogotá han despachado ayudas hacia las regiones afectadas en nuestro país. Esta fundación, que lleva 8 años trabajando en Colombia con la población migrante venezolana, hoy se unió a ayudar en medio de esta tragedia que hoy golpea a miles de familias. Actualmente, estaban recopilando ayudas para mandar a su país por el terremoto, pero una vez ocurrió el movimiento telúrico en Colombia, reaccionaron de inmediato. “Lamentablemente, con los dos sucesos naturales que han golpeado tanto a Venezuela como a Colombia, hemos desplegado toda una misión humanitaria. Desde el pasado 25 de junio, desde acá, en Bogotá, se recopilaron más de 2.000 toneladas de ayuda humanitaria que se enviaron a Venezuela”, explicó Arellano.De igual manera, dio a conocer que no han cesado con el envío de elementos de aseo personal, de alimentos no perecederos y otras cosas necesarias en medio de estas emergencias que hoy sacuden a Colombia. “Ayer, 11 de agosto, enviamos desde Bogotá 60 toneladas de ayuda humanitaria en alianza con el Ejército Nacional, el Gobierno Nacional de Colombia y Avianca. Se enviaron 60 toneladas desde Bogotá hacia Cali, vía aérea”, señaló la exdiputada venezolana.Han logrado enviar ayudas a Valle del Cauca, Chocó, Risaralda, entre otras zonas que fueron devastadas por la naturaleza. “También, en alianza con la Gobernación de Chocó, se enviaron vía terrestre 15 toneladas de ayudas humanitarias desde Bogotá a Chocó, y en alianza con la Cámara de Comercio de Pereira se enviaron vía terrestre 20 toneladas de ayuda humanitaria de Bogotá a Pereira”, detalló.Son al menos 95 toneladas de ayudas humanitarias las que han despachado en las últimas horas con empresas que han donado el transporte; sin embargo, están requiriendo la manera de seguir moviendo las ayudas que han recibido por parte de las comunidades. “Hace 46 días Colombia fue supersolidaria con Venezuela. Los venezolanos en Colombia nos organizamos para enviar muchas ayudas hacia Venezuela y, con todo este proceso logístico, tuvimos una capacidad aprendida. Pasado lo del 10 de agosto, hemos tenido la capacidad de respuesta rápida e inmediata”, afirmó.Para Arellano, la experiencia del terremoto que vivieron en Venezuela les hizo tener mayor capacidad de reacción con el fin de ayudar a los afectados. “Sabemos, por experiencia propia de lo ocurrido el pasado 24 de junio en Venezuela, que las primeras horas son claves para la respuesta rápida e inmediata para las víctimas del terremoto. Los venezolanos estamos muy agradecidos con Colombia y hoy, que Colombia nos necesita, ahí estamos como fundación, como hermanos, como sociedad civil, de la mano con los colombianos”, sostuvo.De igual manera, indicó que “lo que más necesitamos hoy es transporte, transporte de carga pesada y transporte que esté dispuesto a ir a Buenaventura, a municipios del Valle del Cauca que fueron muy afectados y a los que todavía no han llegado las ayudas”. La organización también busca capacidad de transporte para llegar a otros puntos de Chocó, Caldas y Risaralda. El objetivo, explicó Arellano, es que la asistencia no permanezca únicamente en las capitales y pueda ser trasladada hasta poblaciones golpeadas por el terremoto.“Si tienen transporte de carga pesada, contáctenos a través de nuestras redes sociales de la Fundación Juntos se Puede. Hacemos toda la canalización desde Bogotá para que esta carga, ya sea vía terrestre o vía aérea, llegue a la zona afectada”, indicó.Centros de acopio en BogotáLa Fundación Juntos se Puede también habilitó dos centros de acopio en Bogotá para las personas interesadas en entregar ayudas en especie. Según Arellano, uno de los puntos funciona en la carrera 17 con calle 141, en la panadería Ávila, mientras el segundo está ubicado en la carrera 19 con calle 121.“En resumen, lo prioritario que se requiere en estos momentos es transporte para llevar las ayudas que tenemos en Bogotá hacia las zonas afectadas, ya sea con donaciones de transporte físico, transportadoras que quieran hacer este trabajo o ciudadanos que quieran hacer donaciones monetarias a través de nuestras plataformas”, concluyó Arellano.La operación humanitaria continuará durante este miércoles 12 de agosto con el propósito de ampliar la llegada de asistencia a las poblaciones afectadas.",Gabriel Salazar López,Semana,Colombia,"Aug 12, 2026"
Delcy Rodríguez pide a los venezolanos en el exterior regresar al país: “Grandes oportunidades”,https://www.semana.com/mundo/articulo/delcy-rodriguez-pide-a-los-venezolanos-en-el-exterior-regresar-al-pais-grandes-oportunidades/202659/,"La presidenta encargada de Venezuela, Delcy Rodríguez, defendió los acuerdos alcanzados recientemente con compañías internacionales y aseguró que estos permitirán al país ampliar su capacidad energética y reforzar su posición en el mercado mundial.Durante un encuentro con trabajadores del sector petrolero, retransmitido por la televisión estatal venezolana (VTV), Rodríguez destacó el alcance de los contratos suscritos con empresas privadas y sostuvo que estos acuerdos abren una nueva etapa para la industria de los hidrocarburos venezolana.“Esos contratos van a marcar a Venezuela en su desarrollo energético, a posicionarla en la fórmula energética internacional”, dijo la mandataria, quien presentó las nuevas alianzas como resultado de un proceso de negociación basado en el entendimiento entre las partes.En este contexto, la presidenta encargada de Venezuela agradeció al presidente estadounidense, Donald Trump, “por retomar una relación energética que data de 1859” y defendió que las diferencias entre Caracas y Washington deben ser abordadas “a través de la diplomacia y de la negociación”.Por otro lado, la presidenta explicó que las negociaciones para alcanzar los nuevos acuerdos se prolongaron durante meses. Aseguró que su objetivo último es que la recuperación del sector energético tenga un impacto directo en las condiciones de vida de la población.En el marco de su intervención, Rodríguez subrayó la importancia de que la diáspora participe activamente en el proceso de recuperación y reconstrucción nacional. “Venezuela los necesita… regresen a su patria”, expresó ante integrantes de diversos sectores sociales y políticos. “Llegó el momento de que Venezuela esté libre de sanciones. Llegó el momento de que nuestro pueblo pueda respirar”, dijo.Este pronunciamiento se dio en medio de un escenario caracterizado por la persistente crisis migratoria venezolana. De acuerdo con cifras de Acnur, aproximadamente el 65 % de los migrantes y refugiados venezolanos radicados en América Latina no contemplan regresar al país en el futuro cercano.“Han sido meses arduos de negociaciones, arduos, difíciles, pero nunca perdimos el horizonte; nuestro horizonte es la felicidad de nuestro pueblo, es que nuestros trabajadores tengan mejores salarios, que sus familias vivan mejor, que los hospitales estén equipados, que las escuelas tengan educación de calidad”, indicó.Rodríguez vinculó esta estrategia con su visión de recuperación del estado de bienestar y destacó el acuerdo alcanzado con Estados Unidos.“Nosotros queremos y nos hemos enfocado en que el estado de bienestar concebido por Bolívar, en su discurso de Angostura, sea realidad, la mayor suma de felicidad posible; eso es lo que nos inspiró durante estos meses de negociaciones arduas y alcanzamos un acuerdo binacional con el Gobierno de los Estados Unidos”, aseveró.",Juan David Cardozo Maglioni,Semana,Colombia,"Sep 04, 2026"
"Panamá enviará, por primera vez, un avión directo a Caracas con migrantes venezolanos, tras pausa de vuelos de EE. UU.",https://www.semana.com/mundo/articulo/panama-enviara-por-primera-vez-un-avion-directo-a-caracas-con-migrantes-venezolanos-tras-pausa-de-vuelos-de-ee-uu/202512/,"Panamá enviará, por primera vez, un vuelo directo a Caracas con migrantes venezolanos, anunció este jueves el presidente panameño, José Mulino, días después de que Estados Unidos pausara la repatriación de ciudadanos del país sudamericano.El vuelo partirá el próximo lunes con “70 migrantes venezolanos” que “retornan de manera voluntaria a su país”, dijo Mulino en rueda de prensa.Desde 2024, Panamá ha realizado medio centenar de vuelos, financiados por Washington, con migrantes deportados a distintos países de Sudamérica, pero los venezolanos eran enviados a Colombia debido a que Mulino suspendió las relaciones con el régimen de Nicolás Maduro.“Es directo a Caracas, ya no tenemos que triangular a través de Colombia y todo el engorro que eso significaba”, añadió Mulino.El mandatario no detalló si este procedimiento forma parte de un acuerdo con Venezuela, que el pasado 12 de diciembre anunció que Estados Unidos había suspendido “de manera unilateral” un vuelo con migrantes deportados, en el marco de un programa de repatriación que se ha mantenido pese a la crisis entre Caracas y Washington.Mulino, aliado de la oposición venezolana, tampoco precisó si el vuelo del próximo lunes está relacionado con esa suspensión.La selva panameña del Darién, en la frontera con Colombia, se convirtió en los últimos años en un corredor para los migrantes, principalmente venezolanos, que querían llegar a Estados Unidos, aunque ese flujo se desplomó tras el regreso de Donald Trump a la Casa Blanca en enero.En medio de esa crisis, Washington firmó un acuerdo con Panamá mediante el cual Estados Unidos se comprometió a financiar la deportación vía aérea de los migrantes que cruzaran la jungla.Desde entonces, Panamá ha organizado 59 vuelos con extranjeros, algunos de ellos deseosos de regresar a sus países tras fracasar en su intento de llegar a Estados Unidos.El gobierno de Donald Trump extendió, a mediados de año, un acuerdo con Panamá para financiar los vuelos de repatriación de migrantes, durante una visita de la secretaria estadounidense de Seguridad Interior, Kristi Noem, quien pidió a otras naciones replicar ese pacto.El 1 de julio de 2024, ambos países firmaron el acuerdo mediante el cual Washington se comprometió a aportar seis millones de dólares para costear la repatriación de personas que ingresen ilegalmente a Panamá a través de la inhóspita selva del Darién, fronteriza con Colombia.*Con información de AFP.",Juan David Cardozo Maglioni,Semana,Colombia,"Dec 18, 2025"
"¿Qué pasará con los casi 65.000 migrantes que viven en Bucaramanga, tras las nuevas medidas de Abelardo De La Espriella?",https://www.semana.com/nacion/bucaramanga/articulo/que-pasara-con-los-casi-65000-migrantes-que-viven-en-bucaramanga-tras-las-nuevas-medidas-de-abelardo-de-la-espriella/202642/,"La decisión de reforzar los controles migratorios genera inquietud en Bucaramanga, donde viven cerca de 65.000 venezolanos.Las autoridades locales aclaran que las medidas deben dirigirse a quienes estén involucrados en delitos o tengan irregularidades migratorias, no contra toda la población venezolana.El anuncio del Gobierno sobre inmigraciónEl presidente Abelardo de la Espriella anunció esta semana el inicio de operativos coordinados entre las autoridades migratorias y la Policía.El mandatario señaló que primero se buscaría identificar a migrantes que estén cometiendo delitos y posteriormente a quienes permanezcan en el país sin tener regularizada su situación migratoria. La medida representa un cambio importante frente a la política migratoria que Colombia había mantenido durante los últimos años.Sin embargo, esto no significa que los 65.000 migrantes que viven en Bucaramanga vayan a ser deportados. La condición de migrante no constituye, por sí misma, una razón para expulsar a una persona del país. Las actuaciones migratorias deben adelantarse mediante los procedimientos establecidos y respetando las garantías legales.La Alcaldía señaló que la ciudad continuará atendiendo a la población migrante y que cuenta con la Oficina Intégrate, desde donde se activan rutas institucionales y se brinda acompañamiento de acuerdo con las necesidades de cada persona. La administración municipal sostiene que la etapa de atención humanitaria inicial ya dio paso a una estrategia centrada en integración social y económica.El mensaje de la Administración Distrital es que los controles de seguridad deben dirigirse contra personas concretas involucradas en hechos delictivos.La deportación no es automáticaBucaramanga no parte de cero frente a los controles migratorios. Durante 2026, las autoridades ya han realizado más de 470 operativos en Santander, con verificaciones a ciudadanos extranjeros y procedimientos de expulsión y deportación. Según Migración Colombia, solo en el primer semestre fueron verificados 1.892 extranjeros y se impusieron 85 medidas de deportación o expulsión.Estos datos permiten dimensionar que las nuevas medidas anunciadas por el Gobierno.Además, una orden política de aumentar los operativos no elimina los procedimientos administrativos que deben cumplir las autoridades migratorias.Así, una persona no puede ser deportada simplemente por ser venezolana. Si existe una actuación migratoria en su contra, las autoridades deben determinar su situación y garantizar las reglas correspondientes antes de adoptar una decisión definitiva.El debate que comienza ahora en Bucaramanga será, precisamente, cómo aplicar las nuevas medidas de seguridad sin convertirlas en una generalización contra toda la población venezolana que reside en la ciudad.",Margarita Briceño Delgado,Semana,Colombia,"Aug 27, 2026"
Familiares de venezolano que murió en custodia del ICE buscan repatriar su cuerpo,https://www.semana.com/mundo/articulo/familiares-de-venezolano-que-murio-en-custodia-del-ice-buscan-repatriar-su-cuerpo/202615/,"La llamada llegó en el momento menos esperado por Sonimar Arenas. Al otro lado de la línea, funcionarios del Servicio de Control de Inmigración y Aduanas de Estados Unidos (ICE) informaban que su hermano Jesús Manuel Arenas Silva, un venezolano de 45 años detenido cuatro días antes en la localidad de Dallas (Georgia), había muerto bajo custodia en el centro de detención de Irwin (Ocilla).Desde entonces, el dolor y el sufrimiento se mezclaron. Sus familiares aseguran que la explicación oficial no responde a lo ocurrido y exigen una investigación independiente que esclarezca las circunstancias del fallecimiento.“Aún estoy en estado de shock. No sé cómo lidiar con todo esto que me ha tocado vivir sola”, reveló Sonimar Arenas en exclusiva a SEMANA.La muerte fue notificada la tarde del 13 de julio, cuatro días después de que Jesús Manuel fuera arrestado por agentes migratorios. Mientras el ICE informó preliminarmente que el deceso obedeció a un paro respiratorio, la familia sostiene que el venezolano habría sido golpeado durante los días que permaneció bajo custodia. Hasta el momento, esa denuncia no ha sido confirmada por las autoridades estadounidenses.Un paseo mortalSegún el relato de sus familiares, la mañana del 9 de julio Jesús Manuel salió de su vivienda para pasear a su perro Simba junto con uno de sus sobrinos.A pocos metros de la casa, aseguraron, fue interceptado por funcionarios de inmigración que le solicitaron documentos de identificación. Aunque, según la familia, respondió a los requerimientos, terminó siendo reducido y detenido.Su hermana recordó que intentó impedir el procedimiento y les explicó a los agentes que él se encontraba legalmente en Estados Unidos. También les insistió en que padecía una condición psiquiátrica que requería medicación permanente.“Solo me permitieron entregarle uno de los cuatro medicamentos que tomaba diariamente. Los demás no quisieron recibirlos”, afirmó.La condición médica preocupanteJesús Manuel dependía, según sus allegados, de cuatro medicamentos diarios para tratar un trastorno psiquiátrico que desarrolló años atrás.La familia relata que el deterioro de su salud mental comenzó tras su divorcio en Venezuela en el año 2016. Era contador público de profesión y cayó en un profundo cuadro depresivo que lo obligó a iniciar tratamiento especializado.Posteriormente, emigró a Estados Unidos en el 2020 gracias al programa de parole humanitario solicitado por su hermana durante la administración de Joe Biden.Durante los días que permaneció detenido, sostuvo Sonimar, hizo múltiples gestiones para entregar el historial médico y las fórmulas de su hermano con el fin de garantizar que continuara recibiendo el tratamiento. Sin embargo, asegura que nunca obtuvo respuesta favorable.La situación resulta aún más difícil para la familia porque la madre de Jesús Manuel también enfrenta un severo cuadro de depresión y trastornos psiquiátricos por la misma causa que él.Luchan por regresarlo a VenezuelaMientras esperan respuestas sobre las circunstancias de la muerte, los familiares enfrentan la batalla de reunir el dinero para repatriar el cuerpo.Para ello, crearon una campaña en la plataforma GoFundMe, con la que esperan cubrir los costos del traslado una vez concluyan los procedimientos forenses y legales en Estados Unidos.En Tucupita, estado Delta Amacuro, donde reside buena parte de la familia, el dolor es evidente.“Era un hombre tranquilo, respetuoso y muy querido. Tenemos el corazón destrozado”, afirmó Milagros Silva, tía del fallecido.Recuerda que Jesús Manuel era miembro activo de una iglesia cristiana en Georgia, donde vivía junto a su hermana.“Participaba en el coro de la iglesia y tocaba la guitarra. Era un hombre de fe, con proyectos de vida. Nunca imaginamos que terminaría perdiendo la vida de esta manera”, relató.La mujer también recuerda una conversación que sostuvo con él apenas tres días antes de la detención.“Me dijo que Dios había obrado en su vida. Hoy esas palabras tienen un significado muy especial para nosotros. Solo le pedimos a Dios que la verdad salga a la luz”, aseveró.Mientras avanza el proceso para esclarecer la muerte, la familia concentra sus esfuerzos en lograr que Jesús Manuel pueda regresar a Venezuela.“Estoy abrumada con todo esto. Solo espero reunir el dinero para llevarlo de regreso a nuestro país y darle una sepultura digna junto a nuestra familia. Si no lo logro, tendré que dejarlo aquí, y eso sería otro dolor inmenso”, concluyó Sonimar.",Deivis Ramírez Miranda,Semana,Colombia,"Jul 23, 2026"
De La Espriella: los venezolanos son hermanos y son necesarios,https://www.semana.com/opinion/articulo/de-la-espriella-los-venezolanos-son-hermanos-y-son-necesarios/202607/,"El día que recuperen la democracia y retornen a su Venezuela del alma, ya me dirán quiénes ocuparán su lugar en restaurantes, panaderías, hoteles, construcción, recogiendo café y otros productos agrícolas, haciendo domicilios en Rappi, lavando carros y demás labores que desechan los colombianos.Iván Duque los recibió con los brazos abiertos, igual que Joe Biden, pero Trump les dio un portazo y Petro les puso trabas por su complicidad con los matones socialistas.Ahora el presidente De La Espriella coloca a miles de venezolanos en el disparadero sin necesidad, de pronto haciéndose eco de las voces que claman que Colombia era la Suiza latinoamericana, con urbes libres de todo delito, hasta que llegaron los “venecos”.Yo misma he tenido que escuchar falacias como que los delincuentes colombianos hurtan sin violencia, que eso de matar para atracar solo lo vinieron a conocer tras el masivo arribo de los vecinos; hágame el favor.De otra manera no se entiende el tono del discurso presidencial de “primero los colombianos, segundo los colombianos y tercero los colombianos”, como si en este país llegaran masas de migrantes distintos a los de Venezuela.Y cuando anunció que Migración actuará contra los indocumentados para “proteger al ciudadano de a pie y devolverle a Colombia la seguridad y la tranquilidad con hechos contundentes”, es evidente que se refería a ellos.Lógico que ordene operativos contra “los que tienen delitos”, aunque antes deben apresarlos y desarticular sus bandas, pero comete un error cuando amenaza con deportar de inmediato a “los que no tienen regularizada su situación (…) Se van, no los quiero”.No hacía falta ser tan duro con los hermanos venezolanos, a los que iban dirigidas sus palabras. En la actualidad viven en Colombia algo más de 2.800.000, la mayoría producto del éxodo masivo de una década atrás. Los vimos caminar cientos de kilómetros a pie, con sus equipajes al hombro, sin apenas plata para subsistir en la amarga odisea, escapando de la represión y el hambre, y con destinos tan lejanos como Perú o Chile.Nunca el mundo había conocido tamaña estampida de ciudadanos de una nación en paz, que había sido próspera hasta que la despiadada tiranía socialista la volvió paupérrima, invivible. Que nadie se confunda: los venezolanos no emigraron a Colombia buscando un mejor porvenir por habitar un país pobre, sufrir una guerra o una hambruna por causas naturales. Tuvieron que dejar atrás su amada tierra y buscar otra nación donde pudieran alimentar a sus familias y no los persiguieran por pensar distinto.Se fueron, ténganlo presente, porque un déspota, venerado por la izquierda colombiana y apoyado por Santos, implantó una dictadura cleptómana y criminal que saqueó las arcas del Estado hasta vaciarlas por completo.Si la tiranía corrupta hasta los tuétanos no se hubiese atornillado en Miraflores, tengan por seguro que no habría en Colombia un solo venezolano rebuscándose el diario. Sería, más bien, todo lo contrario, como ocurrió durante decenios: millones de colombianos cruzando la frontera para conseguir trabajo y afincarse en la rica Venezuela.Parece que olvidaron que en aquellas oleadas migratorias de colombianos se colaron miles de delincuentes, de guerrilleros. Y que hoy en día el ELN impone su terror en regiones venezolanas y controla, junto al Tren de Aragua y la GNB, la salvaje explotación ilegal del Arco Minero del Orinoco (estados Amazonas y Bolívar) que devasta la naturaleza.Colombia, por tanto, no tiene autoridad moral para anunciar, con aire intimidante, deportaciones de “extranjeros” en situación irregular, a sabiendas de que se refieren a los venezolanos porque los pocos que arriban de otras nacionalidades suelen entrar con los papeles en regla, con contadas excepciones.Y aunque muchos colombianos los acusen de ser los responsables de la violenta inseguridad urbana, el 60 por ciento de los compatriotas de María Corina Machado tienen un empleo formal y hacen todos sus aportes de ley. Si bien todavía un porcentaje significativo sigue en situación ilegal por lo costoso del pasaporte y el riesgo que supone sacarlo para los que apoyaron a Machado en los comicios de 2024, solo una ínfima porción pertenece a una banda criminal o roba y mata por su cuenta.Según el Inpec, representan menos del 1 por ciento de la población carcelaria, aunque Maduro abrió las prisiones y nos envió a muchos de sus peligrosos delincuentes, incluido el sanguinario Tren de Aragua. También el chavismo permitió a las guerrillas usar a Venezuela de santuario, situación que no ha cambiado, puesto que los matones chavistas, con Delcy, Jorge y Diosdado a la cabeza, siguen en Miraflores.En todo caso, con más de un millón de colombianos en Estados Unidos y otro millón en España, deberían ser comprensivos con los venezolanos en situación irregular y, más bien, ayudarlos a formalizarse. Y presionar a Marco Rubio para que acelere la transición y exista cooperación policial.",Salud Hernández-Mora,Semana,Colombia,"Aug 29, 2026"
Entre banderas y lágrimas: migrantes venezolanos no paran de celebrar desde Bogotá el giro histórico de su país,https://www.semana.com/nacion/bogota/articulo/entre-banderas-y-lagrimas-migrantes-venezolanos-no-paran-de-celebrar-desde-bogota-el-giro-historico-de-su-pais/202644/,"Con la bandera tricolor de siete estrellas sobre sus hombros y el maquillaje de su más sagrado símbolo patrio en el rostro, las hermanas Inés y Mariángel García Piña, de 20 y 22 años, celebran la noticia de la caída de Nicolás Maduro en Venezuela. Ambas se encuentran en la Plaza de Lourdes, en la localidad de Chapinero, en Bogotá. Están a miles de kilómetros de su tierra natal, pero eso no les impide expresar la felicidad por el restablecimiento paulatino de la democracia en su país.Las acompaña su papá, William García, de 64 años, un economista que durante más de dos décadas estuvo al frente de una planta metalúrgica en la ciudad industrial de Valencia, en el estado Carabobo, y que fue expulsado por la crisis migratoria de su país a mediados de 2018.“Después de vivir en un país que se percibía el desarrollo y la calidad de vida como clase media, fuimos desplazados de forma forzada con nuestras familias por la crisis humanitaria. Gracias a Colombia logramos un cupo en un colegio y gracias a Dios ya son estudiantes universitarias”, contó el migrante venezolano, visiblemente alegre porque “soplan vientos de cambio” en el vecino país.“Estamos aquí para gritar un poco de alegría, es fuerte para muchos migrantes no contar ni siquiera con los documentos para poder retornar a Venezuela”, completó el venezolano, que recuerda con nostalgia cómo en la época dorada de su país logró exportar aluminio hacia Estados Unidos. Los ojos se le mojan a Inés García, estudiante de medicina, cuando recuerda que no tiene una cédula venezolana. “No existo en mi país”, se lamenta.“Estaba muy incrédula con la noticia porque es mucho lo que yo he llorado estos años porque no crecí en Venezuela. He perdido a mi abuelo y a mi nana y no los pude despedir. Quiero volver a ver a mis amigos del colegio, a mi familia. También tener la oportunidad de ayudar a mi gente venezolana como médico, estoy muy agradecida con Colombia”, dijo conmovida. A su hermana Mariángel, quien estudia química farmacéutica, no le es ajeno ese sentimiento de nostalgia por la tierra en la que nació y a la que espera volver en condiciones.“Yo me vine muy chiquita y no me explicaron que estábamos emigrando para no pasar hambre, solo como que estaba de vacaciones. Crecí acá en Colombia y ahora tengo muchos sentimientos encontrados por lo que está pasando. Quiero regresar y volver a ver a mi familia”, expresó la joven.En la Plaza de Lourdes, de la capital colombiana, también se concentraron otras familias de venezolanos que llegaban a la celebración espontánea, como en otros países receptores de la diáspora venezolana, que ya suma casi nueve millones de migrantes y refugiados en el mundo, según la ONU.El ambiente se llenó de caras sonrientes. Sin embargo, el joven Michael Bracho, de 19 años, no puede evitar pensar en que aún su país no es libre completamente porque solo fue capturado Nicolás Maduro, y en Miraflores continúa dando órdenes Delcy Rodríguez, apoyada por su hermano Jorge Rodríguez y Diosdado Cabello. Sigue la luchaDaniel Navarro Luna, miembro de la organización Vente Venezuela en Bogotá, envió un mensaje a nombre de María Corina Machado a los migrantes venezolanos. Aseguró en medio de la multitud que la lucha continúa y esperan que se restablezca paulatinamente la democracia en Venezuela. Les pidió paciencia, más fuerza y resistencia para que todo el proceso de transición se concrete de la mejor manera posible y bajo el marco del respeto de los derechos humanos y la institucionalidad. El vocero confirmó que sigue abierto el canal de comunicación entre la líder opositora y Marco Rubio y que por ahora no se sabe cuándo podrá Machado regresar a Venezuela.“El mensaje de María Corina es de esperanza y de paciencia, vamos paso a paso. Hemos cumplido con todos los pasos para retornar a la democracia”, puntualizó Navarro.",Milagros Palomares,Semana,Colombia,"Jan 04, 2026"
"“Viva Venezuela libre y en democracia”: multitudinaria concentración de venezolanos en la Plaza de Bolívar, en Bogotá",https://www.semana.com/nacion/bogota/articulo/viva-venezuela-libre-y-en-democracia-multitudinaria-concentracion-de-venezolanos-en-la-plaza-de-bolivar-en-bogota/202654/,"Una multitudinaria concentración de migrantes venezolanos, colombo-venezolanos y colombianos que se solidarizaron con el pueblo venezolano, se concentró en la tarde de este sábado en la Plaza Bolívar de Bogotá.Con la bandera tricolor de siete estrellas y gorras y afiches con mensajes alusivos a la libertad de Venezuela se observó gran cantidad de personas, provenientes del vecino país, quienes huyeron de la crisis económica y humanitaria que suma casi nueve millones de migrantes y refugiados venezolanos en el mundo. Colombia, por ser el país más cercano, alberga en su territorio casi tres millones de ellos y retornados colombianos, de los cuales más de 500.000 se han radicado en Bogotá.Sentimientos encontrados: alegría, nostalgia, temor y felicidad invaden a Diego Prieto, un migrante venezolano de 35 años, oriundo de Maracaibo, y quien emigró caminando en 2020 desde la frontera de La Guajira durante siete días hasta llegar a Bogotá, donde comenzó desde cero a reconstruir su vida.“Por muchos años me quería despertar con esta noticia de que cayó el régimen de Nicolás Maduro y gracias a Dios hoy es una realidad, también gracias a la impronta y resistencia de María Corina Machado, que ha luchado tanto por la libertad. Viva Venezuela libre y en democracia”, afirmó Prieto mientras se tomaba fotos con sus familiares en la Plaza de Bolívar de Bogotá.Ni la lluvia apaciguó los gritos y las expresiones de alegría de los migrantes venezolanos que, como Diego, ondeaban la bandera por una Venezuela en democracia.Los ojos se le inundan de lágrimas a Virginia Zambrano y la voz se le quiebra cuando intenta comprender la noticia de que habrá una transición en Venezuela y que se restablecerá la democracia en su país, del cual salió huyendo del hambre en el año 2018. Junto a sus hijos, María Virginia y Jorge Andrés agradecen que Colombia los haya recibido y les diera la oportunidad de tener un nuevo hogar. “Siento una emoción muy grande, tenemos la esperanza de regresar a Venezuela y de que mis hijos sigan creciendo allá”, contó Zambrano en medio de la multitud.El Gloria al Bravo Pueblo, el himno nacional de Venezuela, se escuchó con fuerza en la Plaza de Bolívar, en pleno centro de Bogotá.",Milagros Palomares,Semana,Colombia,"Jan 03, 2026"
El auxilio de vivienda que alivia el bolsillo de los ciudadanos venezolanos: así funciona y estos son los requisitos,https://www.semana.com/finanzas/ahorro-e-inversion/articulo/el-auxilio-de-vivienda-que-alivia-el-bolsillo-de-los-ciudadanos-venezolanos-asi-funciona-y-estos-son-los-requisitos/202604/,"Desde hace poco más de una década, millones de venezolanos tuvieron que salir de su país tras una grave crisis económica, política y social que los obligó a mirar otros destinos.El colapso se dio principalmente por aspectos macroeconómicos como la hiperinflación y también por la escasez de alimentos y medicinas, la falta de empleo y un clima de inseguridad y polarización, situaciones que hicieron insostenible la calidad de vida en Venezuela.Los datos estimados apuntan a que Colombia fue el país que más recibió venezolanos en toda Latinoamérica, con 2,8 millones de migrantes venezolanos. Una gran parte se ha beneficiado de procesos de regularización como el Estatuto Temporal de Protección, permitiendo a cerca de 2,3 millones de ellos permanecer y acceder al mercado laboral y servicios de salud.Son varios los beneficios que existen para esta población. Uno de los más importantes es el Subsidio Temporal de Arrendamiento. Dicho programa exige una serie de documentos personales, económicos y de la vivienda para que los hogares puedan registrarse en la plataforma habilitada. Dicho apoyo económico permite que los hogares puedan obtener una suma de dinero para cubrir parcial o totalmente el canon mensual de arrendamiento de una vivienda independiente. Para este 2026, puede llegar hasta los $ 1.085.561, que es un equivalente a 0,62 salarios mínimos legales mensuales vigentes.Este subsidio es apoyado por el Distrito y se entrega de manera mensual con una duración de siete meses, de acuerdo con la Resolución 224 de 2025 y su modificación No. 456 de 2026.Entre los requisitos y las directrices, se contempla que no se limita a entregar un giro económico. Además, exige que la vivienda postulada cumpla unas condiciones mínimas de habitabilidad. Debe contar con espacios básicos como lo son dormitorios, baños, zona de lavado de ropa y cocina.Si usted desea acceder al subsidio, tenga en cuenta estos documentos: Dichos documentos deben ser cargado a la plataforma digital Secretaría Distrital del Hábitat, más exactamente en el siguiente link https://suav.habitatbogota.gov.co/forms/Convocatoriaarrendamientotemporalsolidario-IIPara acceder, el hogar interesado deberá diligenciar el formulario de postulación dispuesto por la Secretaría Distrital del Hábitat, aportar los documentos requeridos en la convocatoria correspondiente y cumplir con el proceso de verificación y habilitación del hogar y de la vivienda.",Esteban Felipe Feria Quintero,Semana,Colombia,"Jun 17, 2026"
Uber invierte en Galgo y así impulsa la financiación de motos en América Latina,https://www.semana.com/vehiculos/articulo/uber-invierte-en-galgo-y-asi-impulsa-la-financiacion-de-motos-en-america-latina/202651/,"Uber firmó su nueva participación como accionista de Galgo, una fintech chilena dedicada al financiamiento de motocicletas para ciudadanos que generalmente no son atendidos en la banca tradicional y que desde finales de 2023 opera en Colombia. Este movimiento empresarial obedece a una gestión estratégica de las compañías a gran escala, buscando ampliar el poder de financiamiento de Galgo en toda Latinoamérica, aunque primero impactará desde el centro del continente. Actualmente, la compañía opera en México, Colombia y Chile, donde se fortalecerá su impacto gracias a la alianza.Sebastián Parot y Francisco Eterovic, fundadores y CEO de la fintech, confirmaron el movimiento al diario El Cronista, revelando que la incorporación de Uber a la compañía fortalece su capacidad de financiamiento y, posteriormente, de expansión. Ofrecerán nuevos productos financieros a quienes usan sus motocicletas como herramientas de trabajoGalgo no nació como una financiera de motocicletas; sin embargo, en 2022 se convirtieron en una plataforma de compra, venta y financiación de motos, priorizando los clientes que normalmente no tienen acceso a un crédito formal:“Nos dimos cuenta de la importancia que tiene la moto para la inmensa mayoría, en donde la moto muchas veces no solamente es una reducción en los tiempos de transporte, sino en una inmensa mayoría es una fuente de generación de ingreso”, reveló Parot.La compañía nació en México buscando ser una alternativa bancaria para los migrantes venezolanos que no tenían acceso a la banca y, desde allí, su crecimiento fue evidente. Tal fue su éxito que en 2023 empezaron a expandirse internacionalmente, siendo Colombia su primer destino. Parot y Eterovic destacan el mercado en estos dos países, asegurando que en México se matriculan alrededor de 150.000 motos nuevas cada mes, mientras que en Colombia pasa lo propio con 100.000 unidades. Supera ampliamente a otros países de la región como Chile, en donde también tienen participación, pero su demanda es mucho menor.Los empresarios revelaron que, gracias a esta nueva alianza, la fintech buscará impactar un nuevo nicho para 2027: los repartidores. Inicialmente, la estrategia se concentra en México; sin embargo, se espera la próxima incorporación a Colombia y Chile. “Esta alianza con Uber, al final, lo que nos permite es poder no solamente tener acceso a esos clientes, sino que, de la mano de ellos, que son expertos en el segmento, poder diseñar un producto específico para ellos”, reveló Eterovic al medio mencionado previamente.Gracias a esta alianza y crecimiento exponencial de la compañía, se espera que en los próximos años también impacten un nuevo país de Latinoamérica. Actualmente cuentan con más de 600 empleados y revelaron en El Cronista que proyectan duplicar el tamaño de la compañía para 2030.",Camilo Eduardo Velásquez,Semana,Colombia,"Aug 26, 2026"
"Pese a que Cancillería publicó un borrador, presidente Petro dice que “no es cierto” que “exigirá” pasaporte a migrantes venezolanos",https://www.semana.com/politica/articulo/pese-a-que-cancilleria-publico-un-borrador-presidente-petro-dice-que-no-es-cierto-que-exigira-pasaporte-a-migrantes-venezolanos/202402/,"Sorpresivamente, el presidente de la República, Gustavo Petro, desautorizó a la Cancillería sobre un borrador que había publicado esa entidad, en la que se hablaba de solicitar pasaporte a migrantes venezolanos.El jefe de Estado, a través de su tribuna favorita, su cuenta personal de X, antes Twitter, fue tajante en señalar que su Gobierno no “exigirá” pasaporte a migrantes venezolanos para que transiten por Colombia.“Esto no es cierto. Mi gobierno no exigirá pasaporte a los migrantes venezolanos”, posteó Petro.Pero esa postura de Petro, llamó la atención de la oposición, es el caso del representante a la Cámara del Centro Democrático Andrés Forero, quien atinó a decir que en el Gobierno reina la descoordinación.“Los medios muestran el borrador oficial de un decreto y sale el presidente a decir que no es cierto”, dijo Forero.Y agregó en el mensaje que publicó en X: “Si el presidente no firmará el decreto.el problema es la falta de comunicación dentro de su gobierno, no el trabajo de los periodistas. ¡Qué nivel de descoordinación!”.Parece que no le gusto a Petro la información que salió desde el propio Ministerio de Relaciones Exteriores sobre un proyecto de resolución, con el que se establece nuevamente la exigencia de portar el pasaporte vigente a todos los migrantes venezolanos que deseen ingresar al país.Con la medida, según el borrador del texto, el gobierno busca “garantizar una migración segura y ordenada”.Ese documento derogaría la resolución 2231 del 9 de junio de 2021, que permitía a los ciudadanos del vecino país entrar a Colombia con su pasaporte vencido con el objetivo de “facilitar el ingreso, tránsito, permanencia y salida del territorio colombiano, y como documento de identificación” en el marco de la crisis migratoria.Sin embargo, señala el texto, con la reanudación de las relaciones entre los dos países, “las circunstancias especiales que llevaron a la formulación de la resolución se consideran superadas”.“Mediante el intercambio de relaciones diplomáticas, el 12 de agosto de 2022 se restablecieron las relaciones diplomáticas y consulares entre Colombia y Venezuela y, posteriormente, en septiembre de 2022, se oficializó la reapertura de la frontera terrestre entre ambos países con el propósito de impulsar la integración y cooperación en beneficio de sus ciudadanos, en especial en las regiones fronterizas (…) En este contexto, las circunstancias especiales que llevaron a la formulación de la Resolución 2231 del 9 de junio de 2021 se consideran superadas”, se desprende del borrador que no le gustó a Petro.De entrar en vigencia la nueva resolución, las personas que deseen ingresar al territorio nacional deberán “presentarse ante la autoridad migratoria con su pasaporte vigente, documento de viaje o de identidad válido, según el caso, y con la visa correspondiente cuando sea exigible; y que deberá suministrar la información solicitada por la autoridad migratoria”.En la última parte del borrador se señala que la resolución empezaría a regir 180 días después de su fecha de su publicación en el diario oficial.Finalmente, recientemente el director general de Migración Colombia, Fernando García, en la sesión de la Comisión Accidental de Seguimiento al Restablecimiento de las relaciones con Venezuela, celebrada en el Congreso de la República, detalló que hay una tendencia significativa a la reducción de la población venezolana en territorio colombiano.De acuerdo con las cifras de la entidad, la presencia de migrantes venezolanos alcanzó su punto máximo en diciembre de 2022 y ha disminuido mes a mes desde entonces.“Durante el período entre 2022 y 2023, se registró una reducción del 1,10 %, equivalente a 32 mil personas. Este declive, el primero en una década, refleja los resultados de la política de reanudación de relaciones implementadas entre Colombia y Venezuela, y otros fenómenos relevantes”, expresó García.",Javier Barragán,Semana,Colombia,"Apr 26, 2024"
Nicolás Maduro se fue de frente contra gobierno de Nayib Bukele por migrantes deportados a El Salvador: “Campo de concentración nazi”,https://www.semana.com/mundo/articulo/nicolas-maduro-se-fue-de-frente-contra-gobierno-de-nayib-bukele-por-migrantes-deportados-a-el-salvador-campo-de-concentracion-nazi/202513/,"El dictador Nicolás Maduro dijo este sábado, 29 de marzo, que son 324 los migrantes venezolanos enviados por Estados Unidos a una cárcel de máxima seguridad en El Salvador, aunque reconoció que aún no tiene un listado oficial.El pasado 16 de marzo, autoridades estadounidenses enviaron al Centro de Confinamiento del Terrorismo (Cecot) a 238 venezolanos, acusados por Washington de pertenecer a la banda criminal Tren de Aragua, según informó ese mismo día el presidente salvadoreño, Nayib Bukele.La prensa norteamericana difundió días después un listado con los nombres de los 238 venezolanos que fueron deportados tras una invocación del presidente Donald Trump de una ley de más de 200 años de antigüedad que permite expulsiones de “enemigos externos” sin juicio previo.Es un “bochorno que se ha cometido con el secuestro y la desaparición forzosa de 324 migrantes venezolanos que fueron llevados a un campo de concentración nazi en El Salvador”, dijo Maduro en una reunión en Caracas con cancilleres del bloque izquierdista ALBA.Maduro no explicó de dónde obtuvo la cifra, pero reconoció que aún no tiene un listado oficial.La Alianza Bolivariana para los Pueblos de Nuestra América (ALBA), integrada por Antigua y Barbuda, Bolivia, Cuba, Dominica, Granada, Nicaragua, San Cristóbal y Nieves, San Vicente y las Granadinas, y Santa Lucía, condenó las deportaciones masivas así como el envío de los venezolanos al Cecot.No hubo una declaración formal, pero los cancilleres abordaron el tema.“El secuestro sin jurisdicción ni debido proceso, sin juicio, defensa ni sanción de tribunal competente y envío a terceros países por parte de Estados Unidos de migrantes venezolanos y de cualquier ciudadanía es un acto atroz y constituye un trato cruel inhumano y degradante”, dijo el canciller de Cuba, Bruno Rodríguez.“La criminalización de los migrantes, su traslado a centros de detención en terceros países (...) no es algo que podemos aceptarlo”, añadió la ministra de Exteriores de Bolivia, Celinda Sosa.El dictador Maduro presiona para que el grupo sea enviado a Venezuela y contrató a un bufete de abogados en El Salvador. También conversó con el secretario general de las Naciones Unidas, António Guerres, para pedir su protección.Venezuela y Estados Unidos rompieron relaciones diplomáticas en 2019, pero en enero ambos gobiernos tuvieron un acercamiento para acordar vuelos de deportaciones que se suspendieron posteriormente cuando Trump revocó la licencia de la petrolera Chevron para operar en el país sudamericano.Se retomaron hace una semana y en total Venezuela ha recibido 743 deportados de Estados Unidos. Se espera la llegada de otros 229 el domingo.*Con información de AFP.",Francisco Javier Bernal Gutiérrez,Semana,Colombia,"Mar 29, 2025"
Petro abogó por los migrantes venezolanos que fueron deportados por EE. UU. y enviados a una cárcel en El Salvador. Esto dijo,https://www.semana.com/politica/articulo/petro-abogo-por-los-migrantes-venezolanos-que-fueron-deportados-por-ee-uu-y-enviados-a-una-carcel-en-el-salvador-esto-dijo/202505/,"En el marco de la cumbre de la Comunidad de Estados Americanos y Caribeños (Celac), que se desarrolla en Honduras, el presidente de la Gustavo Petro intercedió por los migrantes que han sido deportados por la administración del mandatario de Estados Unidos, Donald Trump.Especialmente, sobre los migrantes venezolanos que recientemente fueron deportados por el Gobierno de Estados Unidos y enviados a una cárcel en El Salvador.“La desigualdad social es una desigualdad de carbono y el carbono en la atmósfera puede matar a los ricos y a los pobres. La migración es apenas la consecuencia de esa desigualdad geográfica, del efecto de la crisis climática en el territorio. ¿Lo solucionamos poniendo cadenas, llevando la porción migrante a El Salvador a unas cárceles para criminales?”, dijo el jefe de Estado.Y avanzó con su idea en su intervención en el pleno de la Celac,​ en Honduras que se realizó este miércoles, 9 de abril: “No critico, tengo mi opinión personal, sobre si esas cárceles deberían estar o no estar, pero lo que sí critico es que no puede llegar ningún migrante a una cárcel de esas porque sería tratado como criminal y como esclavo y no lo es, es un ser humano”.“América Latina no puede bajar la bandera de la dignidad humana. La dignidad humana, que fue lo que nos hizo nacer como repúblicas, que ninguno de nosotros es monarquía”, anotó el jefe de Estado.Hace varios días, el dictador venezolano Nicolás Maduro afirmó que son 324 los migrantes de ese país enviados por Estados Unidos a una cárcel de máxima seguridad en El Salvador, aunque reconoció que aún no tiene un listado oficial.El pasado 16 de marzo, autoridades estadounidenses enviaron al Centro de Confinamiento del Terrorismo (Cecot) a 238 venezolanos, acusados por Washington de pertenecer a la banda criminal Tren de Aragua, según confirmó ese mismo día el presidente salvadoreño, Nayib Bukele.“Es un bochorno que se ha cometido con el secuestro y la desaparición forzosa de 324 migrantes venezolanos que fueron llevados a un campo de concentración nazi en El Salvador”, dijo en su momento Maduro.Por otro lado, el canciller de Cuba, Bruno Rodríguez, dijo sobre ese tema en particular: “El secuestro sin jurisdicción ni debido proceso, sin juicio, defensa ni sanción de tribunal competente y envío a terceros países por parte de Estados Unidos de migrantes venezolanos y de cualquier ciudadanía es un acto atroz y constituye un trato cruel inhumano y degradante”.",Javier Barragán Ramos,Semana,Colombia,"Apr 09, 2025"
Aterrizan en Venezuela casi 250 migrantes procedentes de México tras su deportación desde EE. UU.,https://www.semana.com/mundo/articulo/aterrizan-en-venezuela-casi-250-migrantes-procedentes-de-mexico-tras-su-deportacion-desde-ee-uu/202540/,"Las autoridades de Venezuela han confirmado este lunes, 24 de febrero, la llegada al país de casi 250 migrantes venezolanos procedentes de México que fueron previamente deportados desde Estados Unidos en el marco de la dura política migratoria puesta en marcha por la Administración del presidente estadounidense, Donald Trump.El vuelo, con 242 migrantes a bordo, aterrizó en el Aeropuerto Internacional Simón Bolívar de Maiquetía, situado en La Guaira, un estado del norte de Venezuela. El ministro del Interior del país caribeño, Diosdado Cabello, confirmó que los ciudadanos venezolanos han vuelto al país en el avión, de la aerolínea Conviasa.Cabello, que se ha trasladado hasta el aeropuerto para dar la bienvenida a los ciudadanos venezolanos, ha señalado que entre los migrantes deportados hay, “por primera vez”, mujeres, niños y niñas, según informaciones del canal estatal Venezolana de Televisión.Se trata del tercer grupo de migrantes venezolanos que regresa al país procedente de México tras su deportación desde territorio estadounidense. La nueva política migratoria impulsada por la Casa Blanca podría llevar a unos 348.000 venezolanos que ahora cuentan con el Estatus de Protección Temporal a perder las garantías con las que contaban hasta ahora.Las autoridades esperan que la situación empeore de cara al próximo mes de abril, cuando muchos de estos migrantes pierdan sus permisos de trabajo por considerar que las “condiciones en Venezuela ya no justifican este tipo de protecciones legales” que, según Washington, son “contrarias a los intereses” del país.En total han regresado al país 609 ciudadanos venezolanos desde que se pusieron en marcha los vuelos de deportación de migrantes desde el país norteamericano. La Administración Trump defiende que en muchos de estos vuelos hay personas imputadas o relacionadas con la banda criminal del Tren de Aragua, ahora declarada organización terrorista por el Gobierno estadounidense.Venezuela y Estados Unidos rompieron relaciones diplomáticas hace casi seis años, durante la primera presidencia de Donald Trump, que no obstante, tras su regreso al poder en enero, llegó a acuerdos con el presidente Nicolás Maduro enfocados en migración y la liberación de estadounidenses presos en el país caribeño.La Casa Blanca asegura que mantiene su política de no reconocimiento a Maduro, tras su cuestionada reelección para un tercer mandato de seis años en julio 2024.Sin embargo, Cabello adelantó que mantiene abierto un canal de comunicación con Washington para traer de vuelta a más deportados. No hay fecha aún para un próximo vuelo.",Europa Press|Juan David Cardozo Maglioni,Semana,Colombia,"Feb 24, 2025"
Trump y Maduro acuerdan reanudar deportaciones de migrantes venezolanos en EE. UU.,https://www.semana.com/mundo/articulo/trump-y-maduro-acuerdan-reanudar-deportaciones-de-migrantes-venezolanos-en-ee-uu/202546/,"Después de casi un mes sin ningún vuelo de deportación de ciudadanos venezolanos indocumentados, el gobierno de Donald Trump en los Estados Unidos anunció que regresarán dichos viajes, esto como parte de un acuerdo que se llegó entre la administración de la Casa Blanca con la dictadura de Nicolás Maduro, esto luego de varias semanas de tensiones entre los dos países y un serio intercambio de declaraciones entre sí.“Me complace anunciar que Venezuela ha acordado reanudar los vuelos para recoger a sus ciudadanos que violaron las leyes de inmigración de Estados Unidos y entraron ilegalmente al país. Los vuelos se reanudarán el viernes”, anunció a través de un mensaje en la red social X, Richard Grenell, enviado especial de Trump para Venezuela.Los vuelos de deportación de inmigrantes ilegales, los cuales se han convertido en un símbolo del gobierno de Donald Trump, se habían detenido por cuenta del rechazo del régimen de Nicolás Maduro a las medidas tomadas por Washington de cancelar las licencias petroleras de la empresa estadounidense Chevron con Venezuela, las cuales fueron permitidas bajo el gobierno de Joe Biden a cambio de garantías democráticas en el vecino país, las cuales fueron incumplidas el año pasado.Hasta el momento, no se conoce qué clase de acuerdo se llevó a cabo y de qué manera se podría haber visto beneficiada la dictadura de Nicolás Maduro. Por ahora se espera si definitivamente el régimen cumple con su palabra y los venezolanos deportados regresarán a su país. Esto recordando que dos vuelos llegaron ya a territorio venezolano, siendo el último el pasado 14 de febrero.Nicolás Maduro aseguró el pasado fin de semana que la decisión del gobierno de Donald Trump de cancelar la licencia que permitía a Chevron producir petróleo en territorio venezolano, anunciada a finales de febrero, terminó dañando las comunicaciones abiertas entre el régimen y Washington. “Quería traer de vuelta a todos los venezolanos que están presos y perseguidos injustamente solo por ser migrantes, y eso afectó los vuelos que ya teníamos programados”, dijo el dictador.“Estados Unidos tomó una decisión de suspender la licencia de Chevron. Entonces suspendemos todo. Es una decisión que tomó el presidente”, dijo por su parte el ministro del Interior y mano derecha del dictador, Diosdado Cabello, al aire en la televisión estatal, quien aseguró contra el gobierno de Trump y aseguró: “un día dicen una cosa y otro día hacen otra”, aseguró Cabello.",Juan Felipe Useche Chacón,Semana,Colombia,"Mar 13, 2025"
EE. UU. extendió la protección temporal a migrantes venezolanos hasta mediados de 2026,https://www.semana.com/mundo/articulo/ee-uu-extendio-la-proteccion-temporal-a-migrantes-venezolanos-hasta-mediados-de-2026/202511/,"El gobierno de Estados Unidos anunció este viernes la extensión del Estatus de Protección Temporal (TPS) a los migrantes venezolanos por un periodo de 18 meses debido a las “condiciones extraordinarias y temporales” por las que atraviesa el vecino país y que impide en retorno seguro a Venezuela de aquellos ciudadanos elegibles para ello.Así lo ha anunciado el Departamento de Seguridad Nacional de Estados Unidos, que ha precisado que la medida se ha tomado después de “revisar las condiciones en Venezuela y consultar con socios interinstitucionales”, precisamente en una jornada marcada por la polémica toma de posesión de Nicolás Maduro para un tercer mandato como presidente venezolano.“Se justifica una extensión del TPS por 18 meses en función de la grave emergencia humanitaria que el país continúa enfrentando debido a las crisis políticas y económicas bajo el régimen inhumano de Maduro”, añade el escrito, que atribuye a esta situación el aumento de la delincuencia, la falta de acceso a la alimentación y medicinas, así como el desabastecimiento de electricidad y combustible.Para beneficiarse de esta medida son elegibles aquellos venezolanos que hayan residido de forma continuada en Estados Unidos, al menos desde finales de julio de 2023. Aquellos que ingresaran a territorio estadounidense de forma irregular “estarán sujetos a consecuencias de cumplimiento”.La Administración Joe Biden ha ensalzado siempre esta medida como una de las formas en las que están prestando “apoyo humanitario” a los venezolanos que se encuentran en Estados Unidos y en el extranjero, junto a sus colaboradores internacionales.Cifra de migrantes que cruzan selva panameña hacia EE. UU. cayó 41% en 2024Unos 302.000 migrantes, en su mayoría venezolanos, cruzaron durante 2024 la selva panameña del Darién en su marcha hacia Estados Unidos, 41% menos que el año anterior, anunció recientemente el gobierno de Panamá.Este descenso se registra a poco más de una semana de que asuma la presidencia de Estados Unidos, Donald Trump, quien ha prometido deportaciones masivas.“Hemos logrado una reducción del 41% en el flujo de inmigrantes que atraviesan la selva del Darién”, en la frontera con Colombia, dijo José Raúl Mulino, presidente panameño, en un discurso de apertura del periodo de sesiones del Congreso panameño.Según cifras del Servicio Nacional de Migración, en 2024 atravesaron el Darién 302.203 personas, frente a las 520.085 en 2023.La selva panameña se ha convertido en un corredor para los migrantes que, desde Sudamérica, tratan de llegar a Estados Unidos. En su mayoría son venezolanos, aunque también hay colombianos, ecuatorianos, chinos y haitianos, entre otros.*Con información de Europa Press y AFP.",Andrés Felipe Romero,Semana,Colombia,"Jan 10, 2025"
Migrante venezolano de 24 años se hizo pasar falsamente como un estudiante de colegio para no ser deportado,https://www.semana.com/mundo/articulo/migrante-venezolano-de-24-anos-se-hizo-pasar-falsamente-como-un-estudiante-de-colegio-para-no-ser-deportado/202548/,"La policía ha informado que un migrante venezolano, un adulto que ya era padre, presuntamente se hizo pasar por un adolescente de 16 años para matricularse en una escuela secundaria de Ohio. Se dio a conocer que incluso participó en dos deportes junto a jóvenes casi diez años menores que él.Anthony Emmanuel Labrador Sierra enfrenta acusaciones de falsedad al presentarse como menor no acompañado, inscribirse en la escuela secundaria Perrysburg en enero del año pasado y engañar a una familia para que le diera refugio.Cuando entró en contacto por primera vez con la escuela en noviembre de 2023, supuestamente declaró que había sido víctima de tráfico desde Venezuela hacia Estados Unidos y aseguró que su fecha de nacimiento era el 2 de diciembre de 2007, de acuerdo con documentos policiales revisados por ABC.No obstante, según los fiscales, en realidad sería un ciudadano venezolano de 24 años que ya tiene hijos residiendo en Estados Unidos.Sierra estuvo matriculado en la escuela durante un periodo de 14 meses, antes de que el lunes los responsables del centro educativo se pusieran en contacto con la División de Policía de Perrysburg para reportar una posible actividad fraudulenta relacionada con uno de sus alumnos, según informó la policía en un comunicado.Las autoridades iniciaron una investigación por fraude, la cual fue asignada a la Oficina de Detectives.“Durante el proceso investigativo, y en colaboración con la Oficina de Aduanas y Protección Fronteriza de EE. UU., así como con el Servicio de Inmigración y Control de Aduanas, se determinó que Anthony Emmanuel Labrador Sierra, un ciudadano venezolano de 24 años, utilizó documentos falsificados para inscribirse en el sistema escolar de Perrysburg, haciéndose pasar por un estudiante de 17 años”, señala el comunicado.De acuerdo con Hosler, Sierra residía con una familia de Perrysburg, luego de que el Tribunal de Menores del Condado de Wood le otorgara la tutela a dicha familia.Posteriormente, los miembros de esa familia comenzaron a tener dudas sobre la edad real de Sierra y alertaron a la escuela, indicando que habían recibido información que sugería que en realidad se trataba de un hombre de 24 años, según se menciona en una carta escrita por Hosler.El 14 de mayo, la madre del hijo de Sierra supuestamente se comunicó con sus tutores desprevenidos y afirmó que tenía 24 años, enviándoles fotos y documentos, incluida una licencia de conducir de Ohio con su nombre real y fecha de nacimiento el 27 de marzo de 2001, según documentos policiales.Sierra negó las acusaciones cuando fue confrontado por funcionarios de la escuela, haciendo referencia a su certificado de nacimiento, que lo habría hecho tener 17 años a partir del 14 de mayo.Pero el distrito escolar les dijo a los tutores de Sierra que lo mantuvieran fuera de la propiedad escolar mientras investigaban, según el NY Post.",Juan David Cardozo Maglioni,Semana,Colombia,"May 20, 2025"
"Crítico balance de las acciones del Gobierno Petro frente a los migrantes venezolanos; estudio dice que en Colombia ya son casi 2,5 millones",https://www.semana.com/politica/articulo/critico-balance-de-las-acciones-del-gobierno-petro-frente-a-los-migrantes-venezolanos-estudio-dice-que-en-colombia-ya-son-casi-25-millones/202302/,"Un crítico balance para la administración del presidente Gustavo Petro, en el que se habla de ausencia de “medidas concretas” hacia los migrantes venezolanos, arrojó un estudio conocido recientemente sobre este fenómeno, el cual ha impactado duramente al país en los últimos años. El Estudio de Percepción Frente a los Migrantes en Colombia fue realizado por la firma Cifras y Conceptos para la Bitácora Migratoria, un proyecto del Observatorio de Venezuela, de la facultad de estudios internacionales, políticos y urbanos de la Universidad del Rosario y la Fundación Konrad Adenauer.El estudio busca analizar algunos de los factores alrededor de la migración de ciudadanos del vecino país hacia otras territorios y en especial hacia Colombia, un fenómeno que se ha venido agudizando ante la crisis política y social que se vive bajo el mandato de Nicolás Maduro.Aunque recientemente el Gobierno Petro restableció las relaciones con Maduro, uno de los gobernantes más desprestigiados en la comunidad internacional, el estudio indica que las acciones concretas frente a los migrantes venezolanos no parecen haber sido una prioridad de este proceso.“La ausencia de medidas concretas en política pública sobre migración por parte del gobierno nacional en los primeros cuatro meses genera incertidumbre sobre el futuro de la gestión”, es uno de los temas en los que llama la atención el estudio, el cual agrega que “hasta la fecha solo ha habido algunos anuncios generales alusivos al respeto de los derechos de los migrantes, a que se continuará con el Estatuto Temporal de Protección para Migrantes Venezolanos (ETPV) y a que se aplicará el Acuerdo de Cartagena a los solicitantes de refugio”.“Preocupan asimismo algunas narrativas del Poder Ejecutivo respecto a que los venezolanos se están devolviendo masivamente a su país y otras que niegan o minimizan el fenómeno migratorio proveniente de Venezuela. Urge darle rumbo a la política migratoria”, dice el análisis.Dentro de los temas pendientes, el documento señala que “el tema migratorio ha estado ausente en el proceso de reanudación de las relaciones entre Colombia y Venezuela, a pesar de que se cuentan por millones los venezolanos que viven en Colombia y los colombianos que viven en Venezuela”. “Por ejemplo, en lugar de la apertura de los consulados, un asunto por el que están esperando los migrantes para poder solicitar o renovar pasaportes, registrar nacimientos y otras importantes gestiones, han sido priorizados otros tópicos como los pasos fronterizos, el comercio y las conexiones aéreas, los cuales han merecido mayor atención por parte de las autoridades de ambos países. La migración es un eje estratégico de las relaciones colombo-venezolanas y es importante ponerla en la agenda”, asegura.Cifras sobre la migración venezolana en el mundoDe acuerdo con el estudio, los “migrantes venezolanos en el mundo” ya llegan a 7′131.435 personas, el 34,74 de las cuales está en Colombia. Esto significa que son 2′477.461 los ciudadanos del vecino país que están en el territorio nacional. De estos, hay 1′492.275 a quienes ya les fue entregado su permiso de protección temporal.De igual forma, el estudio indica que hay 573.846 “estudiantes venezolanos en el Sistema de Matrícula Estudiantil de Educación Básica y Media” y que hay 713.012 “niños, niñas y adolescentes menores de 18 años” en el Registro Único de Migrantes Venezolanos (RUMV).El estudio también hizo una encuesta de percepción de los migrantes venezolanos sobre su situación en Colombia. A la pregunta de si piensan quedarse en el país, el 62 por ciento respondió que “indefinidamente” y que quiere “hacer un proyecto de vida” en territorio colombiano.El 27 por ciento, entre tanto, contestó que “por un tiempo” y que quiere retormar a su país. El 8 por ciento respondió que “solo por un tiempo” y “hasta que consiga a donde ir”. Y un 4 por ciento afirmó que está “de paso” por Colombia.Según las cifras, el 65 por ciento de los migrantes venezolanos lleva más de tres años en Colombia; el 14 por ciento entre 2 años y menos de 3 años; el 10 por ciento entre un año y menos de 2 años; el 5 por ciento entre 6 meses y un año, y el 5 por ciento menos de seis meses.",Juan Francisco Valbuena Gaitán,Semana,Colombia,"Jan 05, 2023"
"Venezuela recibe un vuelo con 235 migrantes deportados de EE. UU., el segundo tras la captura de Maduro",https://www.semana.com/mundo/articulo/venezuela-recibe-un-vuelo-con-235-migrantes-deportados-de-ee-uu-el-segundo-tras-la-captura-de-maduro/202650/,"Un avión con 235 ciudadanos de Venezuela a bordo ha aterrizado este lunes en el país latinoamericano proveniente del estado de Arizona, Estados Unidos, ha informado el Ministerio del Interior venezolano. Se trata del segundo vuelo de este tipo después de la captura del dictador venezolano Nicolás Maduro, en un ataque estadounidense sobre Caracas el pasado 3 de enero.“Un total de 235 venezolanos ingresaron al país a bordo del vuelo número 100 procedente de Estados Unidos. En esta ocasión retornaron 219 hombres y 16 mujeres”, indicó la cartera ministerial en redes sociales, asegurando que los pasajeros “recibieron una atención integral” por parte de los “órganos de seguridad ciudadana” a su llegada al Aeropuerto de Internacional de Maiquetía, en el estado La Guaira.El Gobierno de la presidenta encargada, Delcy Rodríguez, ha destacado la operación como un “hito” al tratarse del vuelo número 100 dentro de la denominada “Gran Misión Vuelta a la Patria”, incidiendo en que esta iniciativa que “busca facilitar el regreso” de venezolanos al país fue “creada por el presidente constitucional de (...) Venezuela, Nicolás Maduro”. “Con estas acciones el Gobierno reafirma el compromiso con cada venezolano en el exterior que quiera regresar a su patria”, agregó el régimen venezolano.El pasado sábado, otro avión con 199 migrantes venezolanos --181 hombres y 18 mujeres-- a bordo aterrizó en el país sudamericano, también desde el estado de Arizona, siendo el primer vuelo de deportación de este año y tras la captura de Maduro y de su esposa, Cilia Flores.En el ataque del Ejército de Estados Unidos efectuado sobre Caracas y alrededores murieron al menos un centenar de personas, incluidos una veintena de militares venezolanos y 32 miembros de las fuerzas de seguridad cubanas.Los deportados llegan a Venezuela en el marco de un programa de repatriación que se mantuvo incluso en plena crisis entre ambos países cuando estaba Maduro en el poder.Aviones estadounidenses con indocumentados venezolanos arribaron regularmente durante todo el año pasado pese al despliegue militar que ordenó Trump en el Caribe desde agosto.Caracas había denunciado a mediados de diciembre que Estados Unidos había suspendido “de manera unilateral” un vuelo con migrantes deportados.Por su parte, desde el 2024, Panamá ha realizado medio centenar de vuelos, financiados por Washington, con migrantes deportados a distintos países de Sudamérica, pero los venezolanos eran enviados a Colombia debido a que Mulino suspendió las relaciones con el gobierno de Nicolás Maduro.",Juan David Cardozo Maglioni,Semana,Colombia,"Jan 19, 2026"
El drama de una migrante venezolana que buscaba resolver un problema de salud,https://www.semana.com/semanaplay/historias-solidarias/articulo/el-drama-de-una-migrante-venezolana-que-buscaba-resolver-un-problema-de-salud/202209/,"La protagonista de esta historia es Mercy Misley Pérez, una inmigrante irregular venezolana que sufre venas várices, condición que no ha podido tratar y que ya está afectando su capacidad laboral. En Historias Solidarias en SEMANA, la periodista Natalia Henao la ayuda a acceder a un tratamiento en el Instituto Vascular Jorge Ulloa Domínguez de manera gratuita.Migración y saludSegún cifras de la Plataforma de Coordinación Interagencial para Refugiados y Migrantes de Venezuela (R4V), para agosto de 2022 había un total de 6′805.209 venezolanos en todo el mundo. En Colombia, para la misma fecha, la población de migrantes venezolanos alcanzó 2′477.588, según Migración Colombia.De esta cifra, solo un poco más de 333 mil personas pertenecían al grupo de migrantes regulares, es decir, que realizaron su migración conforme a las leyes de tránsito entre los dos países y por ello cuentan con los papeles de residencia necesarios. Las personas restantes se benefician del Estatuto Temporal de Protección para Migrantes Venezolanos (ETPV) o son migrantes irregulares.En esta última categoría se encuentran al menos 295.000 personas y una de ellas es Mercy Misley Pérez. Su situación migratoria es preocupante, no solo por el limbo legal en el que se encuentran sino por la imposibilidad de acceder a tratamientos médicos en el país.A pesar de que organizaciones como la OMS aseguren y luchen por defender que “los refugiados y emigrantes tienen los mismos derechos humanos universales y las mismas libertades fundamentales que otras personas”, muchas veces los marcos jurídicos independientes de cada país no permiten esto.Por ejemplo, en Colombia es normal que se les niegue el tratamiento y el servicio de salud a los migrantes irregulares por falta de papeles y por no estar afiliados al Sistema General de Seguridad Social en Salud (SGSSS). Legalmente, lo máximo a lo cual pueden acceder es a la atención médica en caso de urgencias. Cabe resaltar que incluso en estos casos, según la sentencia T-210/18, se deben cumplir unos requisitos mínimos antes de ser atendidos.Debido a esto, muchas veces el principio de universalidad del servicio de salud no se cumple para los migrantes irregulares y menos en situaciones en las que el diagnóstico no es considerado como urgencia. Este es el caso de Mercy, a quien le había sido imposible encontrar tratamiento para sus venas várices hasta que recibió la ayuda de Historias Solidarias en SEMANA.El donante de esta historiaEl donante de esta historia solidaria es el doctor cirujano vascular periférico Jorge Ulloa Domínguez, quien cuenta con una basta experiencia en tratamientos innovadores y no invasivos para enfermedades como las venas varices, además es el fundador del Instituto Vascular Jorge Ulloa Domínguez, ubicado en Bogotá. Este instituto se especializa en el tratamiento de para las venas várices, las úlceras y otras enfermedades linfáticas.Si usted tiene una historia que contar, un problema que resolver o su empresa quiere ayudar a Historias Solidarias en SEMANA, puede escribir a historiassolidarias@semana.com¿Qué es ‘Historias Solidarias’ en SEMANA?Historias Solidarias en SEMANA es el nuevo espacio donde se hace posible lo que parece imposible, gracias a la creación de conexiones por parte de la periodista Natalia Henao. Además, en estos episodios semanales se podrán visibilizar las estrategias positivas de todos aquellos que quieren ayudar a construir país por medio de acciones altruistas, ya sean empresas o personas naturales.No se pierda más de Historias Solidarias, cada semana en Semana Play.",Ana Blas,Semana,Colombia,"Nov 25, 2022"
¿Qué pasará con los venezolanos en Estados Unidos tras la caída de Maduro? Así es el análisis de The Economist,https://www.semana.com/mundo/articulo/que-pasara-con-los-venezolanos-en-estados-unidos-tras-la-caida-de-maduro-asi-es-el-analisis-de-the-economist/202619/,"La caída de Nicolás Maduro no ha despejado la incertidumbre de los migrantes venezolanos en Estados Unidos. Por el contrario, según The Economist, el nuevo escenario político abrió un período de limbo para cientos de miles de exiliados que, pese a celebrar el fin del dictador, enfrentan ahora el endurecimiento de la política migratoria estadounidense y la pérdida de protecciones legales clave.A comienzos de este año, el Departamento de Seguridad Nacional revocó el Estatus de Protección Temporal (TPS) para los venezolanos, una medida que dejó a esa comunidad sin autorización para vivir y trabajar legalmente en el país. En octubre y noviembre, unas 600.000 personas quedaron expuestas a procesos de deportación. De acuerdo con el semanario británico, el impacto fue inmediato: pérdida de acceso a servicios de salud, abandono de estudios universitarios y un aumento del temor a ser detenidos, incluso en actividades cotidianas, como llevar a los hijos a la escuela.El efecto se sintió con fuerza en el sur de Florida, particularmente en Doral, la ciudad con mayor concentración de venezolanos en Estados Unidos. Allí, residen unas 34.000 personas de origen venezolano y ese grupo constituye el mayor bloque electoral local. En las elecciones de 2024, Doral votó de forma abrumadora por Donald Trump, quien combinó durante la campaña un discurso agresivo contra el régimen chavista con una agenda migratoria de línea dura.Ese contraste se volvió más evidente tras la captura de Maduro en Caracas, realizada por fuerzas estadounidenses el 3 de enero. Aunque la noticia provocó celebraciones espontáneas entre sectores de la diáspora, The Economist señala que el entusiasmo estuvo marcado por el miedo y la cautela. En diciembre pasado, los restaurantes del centro de Doral registraron menos comensales y más pedidos para llevar, mientras miles de venezolanos habrían optado por abandonar Estados Unidos.Según la publicación, los migrantes con mayores recursos económicos se trasladaron a España, mientras que los más vulnerables emprendieron rutas hacia países como México y Colombia. Para muchos, la promesa de un eventual retorno a Venezuela aún resulta lejana a pesar de la captura de Maduro y una potencial transición democrática.En el plano político, The Economist describe cómo, antes de la captura de Maduro, la oposición venezolana buscó influir en el entorno de Trump. María Corina Machado, principal figura opositora, sostuvo reuniones en Washington con asesores cercanos al entonces presidente Trump. Pero tras la operación en Caracas, Trump anunció que su administración asumiría temporalmente la conducción del país y reconoció a Delcy Rodríguez como presidenta interina, al tiempo que marginó a Machado, aunque luego anunció que se reunirá con ella la próxima semana. También mencionó la posibilidad de compensar a los exiliados venezolanos con parte de futuras ganancias petroleras, según recoge la revista.Estas señales generaron alarma entre activistas y defensores de migrantes. Adelys Ferro, citada por The Economist, advirtió que una eventual normalización con sectores remanentes del chavismo podría acelerar las deportaciones, incluso cuando persisten riesgos para quienes regresen a Venezuela. A su juicio, la salida de Maduro no implica necesariamente el desmantelamiento del aparato de poder que persiguió a opositores.El reportaje subraya además las profundas diferencias dentro de la diáspora venezolana. Un primer grupo, más antiguo y con mayor nivel educativo, se asentó en el sur de Florida, obtuvo ciudadanía estadounidense y se integró a la política local. Un segundo grupo, más reciente y de clase trabajadora, ingresó por la frontera sur y se dispersó por ciudades como Atlanta, Chicago y Nueva York. Aunque la caída de Maduro generó un momento de unidad simbólica, las consecuencias de las políticas migratorias afectan de forma mucho más severa a los recién llegados.",Juan Felipe Useche Chacón,Semana,Colombia,"Jan 09, 2026"
Emprender: el salvavidas de muchos migrantes venezolanos. Estas son algunas de sus historias,https://www.semana.com/economia/macroeconomia/articulo/emprender-el-salvavidas-de-muchos-migrantes-venezolanos-estas-son-algunas-de-sus-historias/202442/,"Colombia, como el principal receptor de migrantes venezolanos en América Latina, ha sido testigo de los múltiples picos migratorios que ha atravesado el vecino país. Desde profesionales que buscaban estabilidad hasta familias enteras que dejaron todo atrás en busca de mejores condiciones, cada historia refleja los retos que implica empezar de nuevo.En este contexto, en que la irregularidad migratoria, la sobreoferta de empleo y los choques culturales pueden dificultar la inserción laboral de los migrantes, el emprendimiento se ha convertido en una herramienta con la que no solo se generan ingresos, sino que se contribuye al desarrollo económico tanto local como nacional.Como parte de esa primera ola migratoria, Luisa García llegó a Bogotá en 2007 acompañando a su esposo, quien trabajaba en la industria petrolera. En su natal Maturín, Luisa había consolidado una carrera bancaria, pero en Colombia tuvo que reinventarse. “Fue un cambio difícil. Llegué a una ciudad desconocida con un bebé de nueve meses y sin mi red de apoyo”, recuerda.Aunque empezó vendiendo pequeños pasabocas desde casa, su pasión por la cocina se convirtió en El Toque Venezolano, un negocio que puede alcanzar a producir 1.500 hallacas, plato típico venezolano, en los meses más pesados del año: octubre, noviembre y diciembre.“Al principio, cocinar era una forma de distraerme y generar un ingreso extra, pero tras mi divorcio, con mucho orgullo puedo decir que este negocio se convirtió en el sustento para mi hijo, que ahora tiene 17 años, y para mí”, comenta Luisa.El Toque Venezolano, un negocio de más de diez años que opera a puerta cerrada y únicamente por pedidos, emplea a dos colombianas y está formalmente inscrito en la Cámara de Comercio.“Aprecio profundamente a Bogotá. Cada plato que preparo es una conexión con mis raíces, pero también es gratificante saber que, a través de mi trabajo, estoy contribuyendo al lugar que ahora llamo mi hogar”, afirma con orgullo.A diferencia de Luisa, quien llegó al país en un momento de mayores facilidades, las olas migratorias que siguieron estuvieron marcadas por la agudización de la crisis política, social y económica en Venezuela. Muchas personas dejaron su país no por elección, sino por necesidad.Este es el caso de Maureen Manrique, quien llegó a Colombia en 2017. Tras no lograr cumplir su sueño de estudiar Diseño Gráfico en Venezuela, encontró en Bogotá una oportunidad para reinventarse y construir un futuro.Maureen conoció a su esposo, un colombiano que la apoyó en su camino hacia el emprendimiento. “Él tenía un pequeño negocio desde casa y fue mi inspiración para empezar. Al principio no sabía mucho, pero me fui formando poco a poco, tomando cursos y aprendiendo por mi cuenta”, explica.Con el tiempo, y gracias al apoyo de capital semilla y formación técnica que ha conseguido en parte por contar con el Permiso por Protección Temporal (PPT), adaptó ese pequeño negocio a Bamboo Color, una empresa dedicada al diseño gráfico sostenible. “Es un trabajo que requiere dedicación, pero me encanta. Nunca imaginé llegar a tener algo así”.Además de liderar su negocio, Maureen es madre de tres hijos, incluido uno nacido en Colombia. “Ser mamá y emprendedora no es fácil, pero uno se las ingenia. Me levanto temprano, organizo todo en casa y después me enfoco en el negocio. Todo depende de ser organizada”, comenta. A pesar de los desafíos, ha logrado consolidar una clientela fiel y uno de sus mayores objetivos es conectar más con la comunidad venezolana en Bogotá.Por otro lado, Liliana Fernández y su esposo, ambos profesionales, representan otro caso de migración y resiliencia. Él, panadero de oficio, y ella, profesora en Venezuela, llegaron a Bogotá con el objetivo de reconstruir sus vidas y continuar desarrollándose. Con la experiencia emprendedora que adquirieron en su país natal, establecieron DG Artisan, una panadería que rescata sabores tradicionales venezolanos y genera empleo para otros migrantes.“A pesar de ser profesional, no me veo volviendo a ejercer. Ahora mi prioridad es el negocio y he ido aprendiendo a administrarlo”, asegura Liliana.Para ellos, el negocio no solo es un sustento, sino que quieren que sea un símbolo de arraigo cultural. Por eso, de mejorar la situación en Venezuela, no abandonarían el progreso logrado en Colombia, sino que buscarían replicarlo en su país de origen.Cedrizuela Fest, una ventana para el emprendimiento venezolano en BogotáCon el propósito de construir comunidad y apoyar a los migrantes venezolanos en Bogotá, Alejandro Méndez, un venezolano con experiencia en locución y medios de comunicación, fundó Cedrizuela, una plataforma en línea que reúne a miles de venezolanos, entre ellos emprendedores como Luisa, Maureen y Liliana.El Cedrizuela Fest, que se inició hace cinco años con el propósito de celebrar y visibilizar estos esfuerzos, se celebrará nuevamente en Bogotá, en el Colegio Pureza de María el 14 y 15 de diciembre. Con entrada gratuita y la posibilidad de donar juguetes o kits escolares, este espacio es una fecha esperada por toda la comunidad venezolana.“Este evento no solo es una vitrina de talento, es un puente entre culturas y un reconocimiento al esfuerzo de nuestra comunidad”, destaca Méndez.Según Jenny Patricia Amaya, doctora en Economía y Empresa de la Universidad Manuela Beltrán, la integración de la población venezolana en Bogotá no solo ha enriquecido el tejido social, sino también el económico. Actualmente, los migrantes representan el 4,8 % de la fuerza laboral de la ciudad, con 223.000 personas activas en el mercado laboral y 204.000 ocupadas, según cifras del Observatorio de Desarrollo Económico de Bogotá..Amaya subraya que la regularización de estos emprendimientos es clave para fortalecer las finanzas locales y dinamizar sectores estratégicos, consolidando así el impacto positivo de la migración en la economía de Bogotá.",Geraldine Sofía Zambrano Calderón,Semana,Colombia,"Dec 13, 2024"
Más migrantes venezolanos retornan a su país desde Guatemala por nueva orden de Estados Unidos,https://www.semana.com/mundo/articulo/mas-migrantes-venezolanos-retornan-a-su-pais-desde-guatemala-por-nueva-orden-de-estados-unidos/202210/,"Una veintena de migrantes de Venezuela decidieron regresar vía aérea a su país desde Guatemala después de la nueva orden de Estados Unidos de expulsar a los venezolanos que lleguen ilegalmente desde México, informó este martes el gobierno guatemalteco.“Tras conocer los requisitos de ingreso a Estados Unidos, personas que transitaban de manera irregular por nuestro país toman la decisión de retornar de manera voluntaria” a Venezuela, señaló en un comunicado el Instituto Guatemalteco de Migración, IGM.El IGM indicó que los migrantes fueron acompañados al aeropuerto de la capital en coordinación con la embajada venezolana en Guatemala.La representación de la misión la encabeza una delegada del líder opositor Juan Guaidó al que Guatemala, al igual que Estados Unidos y medio centenar de países, reconocen como presidente interino de Venezuela.“Es un primer grupo que retorna de manera voluntaria, vía aérea, con el apoyo de sus familias y embajada de Venezuela”, aclaró el IGM.De acuerdo con el comunicado emitido por la entidad, las personas recibieron apoyo económico de sus familias para los tiquetes de regreso a su país: “Inicialmente, indicaron al Instituto Guatemalteco de Migración sobre la decisión de retornar a su país, por lo que se coordinó con la embajada de Venezuela, quienes brindaron el acompañamiento y contactaron a las familias, quienes enviaron el apoyo económico para los boletos de retorno.”Cambios anunciados por EEUU para migrantes venezolanosEl miércoles pasado, Washington y México acordaron devolver, por razones humanitarias, a los venezolanos que crucen ilegalmente a Estados Unidos.Según la nueva orden, Estados Unidos permitirá entrar legalmente y por avión a 24.000 venezolanos, pero aquellos que hayan ingresado ilegalmente a México o a Panamá no podrán aspirar a este beneficio.Según cifras de la ONU, desde 2015 más de seis millones de venezolanos han dejado su país, sumido en una profunda crisis política y económica.Además, el gobierno mexicano empezó a pedir visa a los venezolanos a partir de enero pasado, lo que empujó a miles a tratar de cruzar el país de manera clandestina o en caravanas.Guatemala en la ruta hacia Estados UnidosGuatemala es parte de la ruta que decenas de migrantes hacen a diario para transitar hacia México y luego llegar a Estados Unidos. El país tiene frontera con México hacia el norte y dos países hacia el sur, Honduras y El Salvador. Muchos de los migrantes ilegales interceptados en Guatemala, son enviados a Honduras para evitar su avance.En las últimas semanas, las autoridades guatemaltecas, ante un incremento del flujo migratorio, han implementado varios operativos en las carreteras fronterizas y en la capital para evitar el paso de cientos de migrantes sin documentos, la mayoría venezolanos.Al interceptarlos, los migrantes son devueltos a los pasos fronterizos por los que ingresaron sin hacer los controles legales, sobre todo los colindantes con Honduras.Entre el 1 y 16 de octubre, Guatemala expulsó a territorio hondureño a unos 3.000 migrantes, principalmente venezolanos, según datos del IGM.De acuerdo con varios medios locales, el pasado domingo fueron detenidos 350 migrantes venezolanos para ser expulsados a Honduras, en la provincia de Izabal, a 250 kilómetros al noreste de la ciudad de Guatemala.El pasado lunes durante la mañana, el Instituto Guatemalteco de Migración informó de 61 extranjeros que fueron expulsados de territorio guatemalteco, “por no cumplir con los requisitos migratorios, la mayoría de origen venezolano”.Con información de AFP",Carolina Avendaño Pabón,Semana,Colombia,"Oct 18, 2022"
Donald Trump les quitó estatuto temporal de protección a migrantes venezolanos,https://www.semana.com/semana-tv/articulo/donald-trump-le-quito-estatuto-temporal-de-proteccion-a-migrantes-venezolanos/202531/,,Miguel Rojas,Semana,Colombia,"Jan 31, 2025"
Oficial: presidente Duque regularizó a 1 millón de migrantes venezolanos | ¿Esto qué implica?,https://www.semana.com/nacion/articulo/oficial-presidente-duque-regularizo-a-1-millon-de-migrantes-venezolanos-esto-que-implica/202255/,"El presidente de la República, Iván Duque, reveló que fue entregado el documento 1 millón del Estatuto de Protección Temporal para migrantes venezolanos que están en Colombia, situación que, según el Gobierno nacional, permitirá que los ciudadanos del vecino país cuenten con beneficios en salud y educación.En una declaración que dio el mandatario en la Casa de Nariño, y en compañía de varios funcionarios del gabinete, indicó que la regularización de migrantes venezolanos es un gesto real de paz.“En el mes de mayo del año pasado empezó a aplicarse en Colombia el Estatuto de Protección Temporal a los ciudadanos venezolanos, empezaron un proceso sin precedentes, humanitario, para que 1,8 millones de hermanos y hermanas venezolanos en nuestro territorio cuenten con Estatuto de Protección Temporal”, sostuvo Duque.Y señaló el jefe de Estado: “para que pudieran insertarse a la actividad productiva de nuestro país, acceder a bienes y servicios y a toda suerte de derechos quizá con la única excepción de derechos políticos de elegir y ser elegidos”.El mandatario colombiano, a su vez, aseguró que el proceso de regularización fue destacado por organismos multilaterales internacionales, calificándolo como “un hecho sin precedentes y un genuino hecho de paz”.“Empezamos una campaña que llamamos Visibles, para llegar a ese 1,8 millones de migrantes, para que empezaran a diligenciar su información y que tuviéramos el recibimiento biométrico y que pudiéramos llegar a este proceso, a tener la tarjeta del Estatuto de Protección como documento de identificación”, anotó Duque.Cabe señalar que la figura del Estatuto Temporal de Protección (ETP) fue creado para la población venezolana que migra de manera irregular a Colombia, inició su implementación el 5 de mayo de 2021, donde más de 2 millones 189 mil ciudadanos de ese país han iniciado su proceso para acogerse a la reglamentación.Los migrantes venezolanos que ingresaron a Colombia antes del 31 de enero de 2021, independientemente de su condición migratoria, tuvieron plazo, según las autoridades, hasta el pasado 28 de mayo para acogerse a esta medida. Quienes no lo hayan hecho corren el riesgo de ser deportados a su país de origen por las autoridades migratorias colombianas.Ahora bien, los migrantes que hayan ingresado al país después del 31 de enero de 2021, sellando su pasaporte, tendrán plazo máximo hasta el 24 de noviembre de 2023 para acogerse al ETP.De acuerdo con cifras de Migración Colombia, cerca del 52 %, equivalente a más de un millón 138 mil venezolanos, también se les ha autorizado su Permiso por Protección Temporal.En ese sentido, el director de la institución, Juan Francisco Espinosa, destacó el proceso que se ha venido realizando para proteger y llevar a la regularidad a la migración venezolana que se encuentra en el país. Un ejercicio que no tiene antecedentes a nivel mundial y que, en este primer año, le ha permitido a la autoridad migratoria colombiana establecer la plena identidad de más de un millón 643 mil ciudadanos venezolanos.En ese momento, Espinosa fue crítico frente al ejercicio que se viene haciendo e indicó que si bien, durante este primer año, se han presentado algunos inconvenientes, el compromiso de los Oficiales de Migración Colombia, la colaboración de las diferentes entidades del Gobierno nacional, el apoyo de la cooperación internacional y el acompañamiento de la ciudadanía ha permitido sacar el proceso adelante.",Javier Barragán,Semana,Colombia,"Jun 01, 2022"
Todo lo que debe saber sobre “Vamos Chamo”: La nueva herramienta en WhatsApp que busca ayudar a los migrantes venezolanos,https://www.semana.com/tecnologia/articulo/todo-lo-que-debe-saber-sobre-vamos-chamo-la-nueva-herramienta-en-whatsapp-que-busca-ayudar-a-los-migrantes-venezolanos/202433/,"Con la creciente migración de venezolanos en busca de un futuro mejor, ha surgido una nueva herramienta que busca ser un aliado fundamental en este proceso. “¡Vamos Chamo!” es un chatbot gratuito disponible en WhatsApp que promete proporcionar información crucial y accesible para quienes se aventuran a establecerse en otros países.Esta iniciativa, lanzada en julio de 2024, es el resultado del trabajo desinteresado de un grupo de voluntarios, liderado por Dalton Price, un joven estadounidense de 26 años y estudiante de doctorado en Antropología en la Universidad de Oxford.El origen de “¡Vamos Chamo!”La creación de “¡Vamos Chamo!” nace de una necesidad urgente identificada por Price: “Uno de los problemas más grandes para los migrantes es la falta de información adecuada sobre los países de acogida, sin esta información, muchos migrantes desesperados recurren a redes ilegales para conseguir esta información, poniendo en riesgo su vida y su seguridad”.Esta plataforma busca ofrecer una solución directa a esta problemática, proporcionando información verificada y accesible que ayude a los migrantes a tomar decisiones informadas.Acceso sencillo y amigableAcceder a “¡Vamos Chamo!” es un proceso simple y directo. Los usuarios solo deben agregar el número +58 412-1456350 a sus contactos y enviar un mensaje a través de WhatsApp. Al hacerlo, recibirán una respuesta de bienvenida que les introduce a las múltiples funcionalidades de la herramienta.Al enviar el primer mensaje, recibirá una respuesta de bienvenida: “¡Hola, Chamo/a! ¡Bienvenido/a al chatbot de Vamos Chamo! Una herramienta gratis para encontrar información sobre tu próximo país de destino. Aquí aprenderás sobre las oportunidades económicas, los procesos de visas y migración, los sistemas educativos y de salud, las tasas de delincuencia y xenofobia, últimas noticias y mucho más en cada país”.El chatbot ofrece seis opciones de países para obtener información relacionada con la migración, abarcando aspectos esenciales como:Esta variedad de temas garantiza que los migrantes puedan acceder a la información que realmente necesitan para facilitar su adaptación en un nuevo país.Información clara y accesibleLa herramienta cuenta con una amplia base de datos que incluye más de 522 mensajes que abarcan textos, audios e imágenes, todo diseñado para facilitar la comprensión y descarga. Esta información busca beneficiar a los usuarios, proporcionándoles las herramientas necesarias para enfrentar los retos que pueden encontrar en su camino.En un mundo donde la migración puede ser un proceso complicado y lleno de incertidumbre, “¡Vamos Chamo!” se presenta como una opción para los migrantes venezolanos.A través de su enfoque práctico y su compromiso con la información veraz, esta plataforma además de prometer aliviar la carga informativa de los migrantes, también busca un paso hacia la construcción de comunidades más integradas y seguras en sus nuevos hogares. La aplicación menciona que “En este momento, puedes aprender más sobre los siguientes países, aunque muy pronto ampliaremos nuestra oferta”, entre ellos se encuentran:",David Alejandro Rojas García,Semana,Colombia,"Oct 12, 2024"
¿Hay o no acuerdo para que Colombia reciba migrantes venezolanos deportados?,https://www.semana.com/nacion/articulo/hay-o-no-acuerdo-para-que-colombia-reciba-migrantes-venezolanos-deportados/202248/,"El Gobierno nacional negó este martes primero de febrero la existencia de acuerdos con la administración estadounidense para recibir migrantes venezolanos deportados.“No es cierto que yo haya firmado un acuerdo con Estados Unidos para traer 6.000 venezolanos deportados”, aseveró la vicepresidenta y ministra de Relaciones Exteriores de Colombia, Marta Lucía Ramírez.Previamente, autoridades migratorias colombianas habían declarado a Caracol Radio el inicio de estas deportaciones desde Estados Unidos, amparadas en al Título 42 aprobado bajo el mandato del expresidente Donald Trump.En esta misma línea, la cadena estadounidense CNN, aludiendo a fuentes de Seguridad Nacional, apuntó el 31 de enero que la administración del presidente Joe Biden había comenzado a deportar a migrantes venezolanos arrestados en la frontera con México.Así pues, en declaraciones a la emisora, Ramírez desmintió el ingreso al país de 6.000 migrantes venezolanos, aunque reconoce que el Gobierno de Estados Unidos sí propuso a Bogotá un acuerdo en esta materia.“Estados Unidos ha planteado la posibilidad de que algunos venezolanos, que han llegado con colombianos, de manera irregular, sean deportados a Colombia”, declaró Ramírez, quien apuntó que el Gobierno aún no se ha manifestado al respecto de la propuesta.Además, señaló: “No hemos recibido ninguna información; sí hemos conocido la preocupación de hace días de Estados Unidos, de que algunos venezolanos que ya están registrados en Colombia, que forman parte de ese programa especial temporal de protección, aparentemente, se han ido a Estados Unidos queriendo pasar la frontera y después llegar allí como migrantes. Sobre eso no tenemos ninguna información ni solicitud expresa”, dijo la canciller.El mencionado Título 42 consiste en una disposición de salud pública impulsada por la anterior administración, que autoriza la expulsión colectiva de cualquier migrante y solicitante de asilo que intente cruzar las fronteras terrestres de Estados Unidos, sin una evaluación individual de sus circunstancias y necesidades de protección.Sin embargo, el presidente Duque, en entrevista con Blu Radio, dijo que son migrantes que, aprovechando el estatus migratorio que tenían en Colombia, trataron de entrar ilegalmente a ese país y por eso van a ser deportados.“Muy importante decir lo siguiente: ninguna de esas personas tenía estatus de protección temporal, tenía estatus migratorio, el anterior, el transitorio. Ninguna de las personas que hoy tiene el estatus de protección temporal o ha recibido esa tarjeta está incluido dentro de ese grupo de deportaciones; obviamente, es un tema que se tiene que manejar”, dijo.Cabe mencionar que autoridades migratorias de Estados Unidos estarían retornando silenciosamente a los migrantes venezolanos que antes residían en Colombia y que fueron detenidos por cruzar la frontera entre México y Estados Unidos de manera ilegal.Así lo confirmaron fuentes de Seguridad Nacional del país americano a la cadena de noticias CNN en Español. El gobierno de Joe Biden no los está devolviendo a su país de origen, pero sí a Colombia, la principal nación que se ha visto impactada por recibir a 1,8 millones de refugiados y migrantes venezolanos.“Los vuelos de venezolanos a Colombia, de los que no se ha informado previamente, representan otro esfuerzo del Gobierno para tratar de frenar el flujo de migrantes, alejando a quienes llegan más allá de la frontera entre Estados Unidos y México, incluidos los que buscan asilo”, añadió el medio internacional.El pasado 22 de diciembre, el Ministerio de Relaciones Exteriores emitió un comunicado para desmentir totalmente una afirmación difundida en medios nacionales de la posible llegada al país en enero y febrero de 2022 de un grupo elevado de migrantes venezolanos deportados de Estados Unidos.“El Ministerio de Relaciones Exteriores se permite informar que no es cierto que 6.000 venezolanos vayan a regresar a Colombia deportados de Estados Unidos”, destacó la Cancillería en el breve texto.*Con información de Europa Press.",Cinthya Castaño,Semana,Colombia,"Feb 01, 2022"
Embajada venezolana en Colombia expedirá registro de nacimiento a niños de migrantes,https://www.semana.com/nacion/articulo/embajada-venezolana-en-colombia-expedira-registro-de-nacimiento-a-ninos-de-migrantes/202225/,"La Embajada de Venezuela en Colombia anunció que expedirá registros de nacimiento a los hijos de los migrantes venezolanos radicados en el país y que no pudieron ser presentados en Venezuela porque tuvieron que huir de la crisis del país vecino.Así lo informó este miércoles 23 de marzo Eduardo Battistini, encargado de negocios de la Embajada venezolana, liderada por el opositor Juan Guaidó, y que funciona para derribar las barreras institucionales de atención a la población venezolana en Colombia, debido a que Nicolás Maduro cerró las oficinas consulares desde el año 2015.“Gracias a la dictadura, miles de niños han salido del país sin ser presentados; por esto, y gracias a sólidas relaciones que existen con la institucionalidad colombiana, logramos el reconocimiento de las partidas de nacimiento (registro civil) realizadas desde la Embajada de Venezuela en Bogotá”, dijo Battistini.El vocero de esta embajada explicó que este documento de identidad lo pueden obtener aquellos migrantes y refugiados que salieron con sus hijos de Venezuela sin ser presentados ante una intendencia. Aclaró que el trámite es completamente gratuito y que el único requisito que deben presentar los interesados es el certificado de ‘nacido vivo’, una constancia que dan en el centro de salud donde nació el niño.Battistini amplió que los interesados en obtener la partida de nacimiento de sus niños deben solicitarla a través del correo electrónico partidasdenacimiento@embajadadevenezuela.co y estar pendiente de la indicación para retirarla, bien sea en la sede de la Embajada en Bogotá o en alguna jornada especial en alguna región del país.Según explicó el diplomático venezolano, este documento solo será válido en territorio colombiano y será reconocido legalmente para realizar el Registro Único de Migrantes Venezolanos (Rumv), identificación de los menores de edad ante las autoridades colombianas, inscripción ante las unidades educativas e identificación ante las instituciones de salud.“Estamos articulando todo para que el trámite se pueda hacer de manera digital, lo estamos realizando en la sede la Embajada de Venezuela en Bogotá, y a partir del lunes 28 de marzo en alianza con 14 oenegés en todas las regiones de Colombia permitirá llegarles a más migrantes venezolanos en todo el país de manera simultánea”, declaró Battistini a SEMANA.El trabajo que ha venido realizando la Embajada de Venezuela ha sido clave para la integración socioeconómica de la población migrante y refugiada venezolana en Colombia.Las alianzas que han efectuado con el Gobierno nacional, en especial con la Gerencia de Fronteras y la Cancillería de Colombia ya dio uno de sus primeros frutos: más de 22.000 profesionales migrantes venezolanos han podido completar los requisitos necesarios para comenzar el proceso de homologación de títulos universitarios ante el Ministerio de Educación.Este anuncio fue realizado por Eduardo Battistini y el gerente de Fronteras, Lucas Gómez, el pasado 1.° de marzo, quienes ofrecieron un balance de este proceso que comenzó en noviembre de 2021.“Apostillar un documento en Venezuela puede costar entre 500 y 1.000 dólares (por documento), debido a que estos procesos están dominados por mafias corruptas de funcionarios del régimen de Nicolás Maduro, lo que hace prácticamente imposible que los venezolanos legalicen o apostillen sus documentos”, denunció Battistini en una rueda de prensa.Por su parte, Lucas Gómez apuntó que “un migrante que certifica y homologa su título es un migrante que quiere entrar al mercado formal, es decir, entrará a nuestro régimen contributivo, que va a pagar salud, pensión y que pagará impuestos”.Colombia es el principal receptor del éxodo masivo proveniente desde Venezuela. Según datos de la Organización de las Naciones Unidas (ONU), Colombia ha recibido a más de 1.800.000 migrantes y refugiados venezolanos, muchos de ellos profesionales que tienen mucho que aportar al país; sin embargo, entrar al mercado laboral en sus áreas de formación era bastante complicado sin este tipo de certificación.",Milagros Palomares,Semana,Colombia,"Mar 23, 2022"
¿Cómo pueden los migrantes venezolanos acceder al sistema financiero de Colombia?,https://www.semana.com/actualidad/articulo/como-pueden-los-migrantes-venezolanos-acceder-al-sistema-financiero-de-colombia/202118/,"El acceso al sistema bancario y financiero de Colombia es uno de los mayores obstáculos que tiene la población refugiada y migrante venezolana en el país. En razón de ello, durante cuatro meses, organizaciones de cooperación internacional trabajaron en la elaboración de la Guía de orientación sobre inclusión financiera, para que estas personas conozcan cómo abrir cuentas de ahorro, acceder a créditos, seguros, billeteras electrónicas, envío o recepción de dinero desde o hacia Venezuela, entre otros.La información fue presentada en formato PDF, y fue lanzada oficialmente este 7 de diciembre de 2021 a través de las redes sociales y páginas web de los creadores de la guía (USAID, ACNUR, OIT, PNUD), y demás agencias internacionales que trabajan por la integración de los venezolanos en el país.El documento comprende es producto de un esfuerzo y trabajo mancomunado, con el apoyo técnico y posterior publicación por parte de la Iniciativa de Finanzas Rurales (IFR) de USAID.Los principales temas que explican didácticamente a los migrantes y refugiados venezolanos son los siguientes: El funcionamiento general del sistema financiero colombiano, los beneficios y las oportunidades de la inclusión financiera, la oferta de servicios y productos financieros existentes, las rutas para acceder a estos productos y servicios; y las recomendaciones básicas de educación financiera.Desde el 1 de enero del año 2017 a la fecha se han vinculado al sistema financiero colombiano unos 264.989 ciudadanos venezolanos, una cifra que aunque parezca elevada aún es incipiente considerando que en el país hay 1,8 millones de migrantes venezolanos.Según informó la Superfinanciera de Colombia en un reporte consolidado de 24 entidades bancarias del país, en el primer trimestre de 2021, más de 22.388 migrantes venezolanos fueron vinculados al sistema financiero. Estas personas tuvieron la oportunidad de abrir cuentas bancarias y acceder a otros servicios financieros con el Permiso Especial de Permanencia (PEP), el Permiso Especial Complementario de Permanencia (PECP) —en el caso de solicitantes de refugio— el Permiso Especial de Permanencia para el Fomento de la Formalización (PEPFF), cédula de extranjería o pasaporte venezolano.De acuerdo con el informe del organismo técnico, adscrito al Ministerio de Hacienda, la vinculación de los venezolanos al sistema financiero aumentó en un 44,17 por ciento en relación con el cuarto trimestre del año 2020, y ello ocurrió a pesar de que por decreto las fronteras con Venezuela estaban cerradas. Por lo que la Superfinanciera concluye que no hay una correlación directa entre el número de venezolanos que ingresan al país y el incremento en las vinculaciones. “En consecuencia, lo que se está presentando es una mayor bancarización de las personas venezolanas que ya viven en Colombia”, precisan.Los diez municipios colombianos que registraron mayor inclusión financiera de ciudadanos venezolanos son Bogotá, Medellín, Bucaramanga, Cúcuta, Cali, Cartagena, Barranquilla, Santa Marta, San Gil, Itagüí y Chía.Sin embargo, son muchas las trabas a las que se enfrentan estos extranjeros al momento de abrir una cuenta bancaria en Colombia, tal como lo refiere Maibelys Ávila, presidenta de la Asociación Salto Ángel, en Riohacha. Desde esta organización han implementado el programa Grupos de Ahorro Local (GAL) para brindar educación financiera y hábitos de ahorro a la población migrante venezolana. Allí identificaron que en algunas entidades bancarias les exigen documentos de difícil acceso en Venezuela, como lo es el pasaporte vigente con sellos de Migración Colombia, referencias comerciales o un historial crediticio en el país.La dificultad más grave es la falta de reconocimiento de los Permisos Especiales de Permanencia (PEP) como un documento válido de identificación en algunas entidades bancarias, a pesar de que por disposición del Gobierno nacional a través de la Superintendencia Financiera se emitió la circular 82, con fecha del 13 de noviembre de 2019, en la cual se ordena la validez del PEP para la apertura y contratación de productos y servicios financieros.Se espera que con la implementación del Estatuto Temporal de Protección para Migrantes Venezolanos, y la expedición de los nuevos Permisos por Protección Temporal (PPT) para esta población, no se den tantas trabas para abrir cuentas bancarias o acceder a productos financieros en las entidades bancarias del país.",Milagros Palomares,Semana,Colombia,"Dec 07, 2021"
Venezolanos en Colombia esperan un cambio político para volver a su país tras la caída de Nicolás Maduro,https://www.semana.com/mundo/articulo/venezolanos-en-colombia-esperan-por-cambio-politico-para-volver-a-su-pais-tras-la-caida-de-nicolas-maduro/202641/,"Huyeron del hambre y la angustia en Venezuela y encontraron pobreza en una Colombia desangrada por el conflicto armado. Los Petit Martínez viven con lo mínimo en un barrio a unos pasos del país que añoran, pero para ellos más lejano que nunca.La dicha por la caída de Nicolás Maduro se esfuma poco a poco en La Fortaleza o Trigal del Norte, sectores fronterizos donde los migrantes venezolanos viven en casas improvisadas con ladrillos y piso de tierra. La mayoría se instaló en barrios pobres de la ciudad colombiana de Cúcuta entre 2017 y 2018 “con el estómago vacío” y la seguridad de no tener un “futuro”, repiten con una mezcla de tristeza, rabia y fe cristiana.Pero ni la convivencia diaria con la violencia ligada al narcotráfico ni sus trabajos precarios los empujan a cruzar de vuelta a Venezuela luego del derrocamiento de Maduro el 3 de enero en una operación estadounidense. Con el chavismo aún en el poder, en cabeza de la presidenta interina Delcy Rodríguez, perciben el futuro del país como incierto.“Todavía no tenemos pensado volver porque eso va a tardar para que se acomode el país”, afirma tajante a la AFP Franklin Petit, ayudante de albañil de 55 años. Junto a su esposa tienen la convicción de que en Colombia pueden asegurarle una educación a sus dos hijas imposible de acceder en Cabimas, la ciudad petrolera a orillas del lago de Maracaibo de donde escaparon con su niña mayor en brazos.“Si vamos a ver, está lo mismo, la misma situación, con la diferencia que se llevaron al líder”, asevera Petit al referirse a la Venezuela actual. Pero la esperanza está intacta para otros como Luisana Serrano, una antigua auxiliar de enfermería de 34 años: El cambio “no va a ser de hoy para mañana, pero yo sé que va a ser” algún día, dice.En el ojo de la violenciaEstos migrantes agradecen su segunda oportunidad en Colombia pese a vivir en barrios azotados por la guerra en el Catatumbo, una zona fronteriza inundada de narcocultivos y laboratorios de cocaína.Están a las puertas de una extensa frontera porosa donde opera la guerrilla Ejército de Liberación Nacional (ELN) y una facción disidente de las Fuerzas Armadas Revolucionarias de Colombia (FARC), además de pandilleros del Tren de Aragua.De eso evitan hablar por miedo, pero dicen haber echado raíces en Cúcuta por carecer de pasaporte y los recursos para seguir viaje a otros destinos, como gran parte de los ocho millones de venezolanos que huyeron del país durante la última década por una economía en ruinas y la represión.La esposa de Franklin, Nellisbeth Martínez, se quiebra al narrar “la situación de pobreza extrema, mucha hambre, mucha necesidad” que los expulsó de su tierra. Costurera de 42 años, está a cargo de una hija pequeña que nació en Colombia y de su primogénita de 11 años.La mayor, Frainellys Petit, es el orgullo de esta familia porque está terminando la primaria y empieza a tocar la flauta traversa en una iglesia cristiana del barrio donde hacen música con instrumentos donados. “Yo quería seguir a Estados Unidos, pero sin dinero, con hambre y sin pasaporte, me terminé quedando aquí”, dice Imer Montes, tutor en la iglesia donde su hijo Israel, de 12 años toca violín, batería y flauta.Esperanza en pausaEn días inciertos sobre el desenlace de la situación política en Venezuela, estos inmigrantes fronterizos pusieron la esperanza en pausa. El presidente estadounidense, Donald Trump, avala al gobierno interino de Rodríguez y por ahora no habla de nuevas elecciones. Mientras tanto, los venezolanos en Cúcuta aguardan un cambio real.Luisana Serrano también huyó de Venezuela en 2018 con su esposo y cuatro hijos con desnutrición. Hoy quisiera regresar porque extraña a los suyos. Pero recuerda con trauma los días de hambre: “Allá mi esposo trabajaba una semana y solamente comíamos un día”. Serrano se ha convertido en panadera y con eso ayuda a mantener a una familia que sumó tres nuevos integrantes en Cúcuta. “En cambio, acá él trabaja su semana y tenemos para comer a diario”, dice Serrano, que se muestra agradecida con Trump*Con información de AFP.",Juan Felipe Useche Chacón,Semana,Colombia,"Jan 22, 2026"
‘Caninantes’: el programa que asiste a las mascotas de los migrantes venezolanos en la vía Bogotá-Girardot,https://www.semana.com/mejor-colombia/articulo/caninantes-el-programa-que-asiste-a-las-mascotas-de-los-migrantes-venezolanos-en-la-via-bogota-girardot/202432/,"Por la carretera que conecta a Bogotá con Girardot han transitado al menos 42 mil migrantes, entre 2019 y abril de 2024, según cifras de Vía Sumapaz, la empresa concesionaria responsable de operar esta vía. La estadística hace parte de su iniciativa de responsabilidad social, conocida como Vía Esperanza, que brinda asistencia a los caminantes venezolanos en su trayecto hacia un nuevo comienzo en Colombia, Ecuador, Perú o Chile.“De las 42 mil personas que han sido asistidas por el programa, con el apoyo de aliados, 20.093 han sido hombres y 12.485 mujeres. De este último grupo, 786 mujeres llegan en estado de gestación, 1.373 menores sin acompañante y 320 personas con alguna discapacidad o con heridas de consideración”, precisó Alexandra Álvarez, directora social de la Concesión Vía Sumapaz, quien agregó que del total de caminantes registrados por la concesión, 1.085 cruzaron con planes de llegar a Ecuador, 1.033 a Perú y 365 a Chile.De acuerdo con los registros del programa, algunos planean llegar a Manizales o a Pasto. “Esto se debe a los cultivos y a la probabilidades de conseguir un empleo en esas ciudades”, señaló Álvarez.No solo transitan vehículos y personasAunque en sus inicios Vía Esperanza se enfocó en ofrecer asistencia integral a los migrantes, en alianza con organizaciones como la Cruz Roja Colombiana, la Organización Internacional para las Migraciones (OIM), World Visión y el Servicio Jesuita a Refugiados, el alcance del programa se amplió en la medida en que los venezolanos en tránsito comenzaron a llegar acompañados de sus mascotas, en su mayoría perros. “No creo que hayamos registrado más de 10 gatos”, precisó la directora social de la concesión.El enfoque humanitario de Vía Esperanza se extiende más allá de las personas al considerar el bienestar de todos los seres vivos que transitan por la vía. “Los migrantes no viajan solos; sus mascotas son parte fundamental de sus vidas y, en muchos casos, su única compañía”, precisó la representante de la concesión.“Les preguntábamos, ¿y esta mascota? y nos respondían cosas como: ‘la traje desde Venezuela, porque la tengo desde chiquitica , cómo se te ocurre que yo la iba a dejar allá’. También se presentan casos de perritos adoptados en el camino, que los migrantes encuentran abandonados o estos siguen y se convierten en su compañía”, relató Álvarez sobre la historias que les han contado en Vía Esperanza.Álvarez explicó que el cuidado y la protección de las mascotas que acompañan a estas personas durante su viaje se convirtió en un asunto del que había que ocuparse. Así nació el programa ‘Caninantes’, un proyecto dedicado exclusivamente a los fieles compañeros de cuatro patas de estas familias. Entre 2021 y 2023, más de 900 perros han recibido cuidados esenciales como hidratación y comida.Al llegar, los perros tienen un espacio donde resguardarse y otro destinado para su hidratación. “Se les entrega un collar reflectivo que garantiza su visibilidad en la vía, facilitando una movilización segura y digna por el corredor vial. Además, reciben un kit de comida y un plegable informativo con recomendaciones y los contactos de fundaciones dedicadas a la protección animal”, precisó Álvarez.Otras iniciativasEl objetivo inicialmente era brindar apoyo básico a los caminantes con hidratación, reflectivos, bebidas calientes y kits humanitarios. Con los años, y ante la magnitud del fenómeno de la migración, los aliados se fueron sumando a las operación del punto de atención ubicada en el peaje de Chusacá, en la autopista Sur con Soacha, que es operado por la concesión. Con el tiempo. este se convirtió en un espacio para realizar acciones como el registro de migrantes y atención médica básica.Álvarez explicó que Soacha es un municipio donde, por tradición e historia llegan personas con distintos tipos de vulnerabilidad, sobre todo porque es mucho más económico vivir en Soacha que en Bogotá, sin estar muy lejos de la ciudad capital y sus oportunidades. “Así que es natural el paso de migrantes venezolanos por esta vía”.Hoy la Cruz Roja, con su unidad móvil, ofrece asistencia médica, psicológica, jurídica y obsequia un kit con abrigo, productos de aseo y energéticos. Así mismo, la OIM presta atención en primeros auxilios y orientación jurídica; mientras que World Vision y el Servicio Jesuita protegen a la niñez y brindan servicios de enfermería, respectivamente.Recopilan sus datos y les entregan un cuadernillo de más de 10 páginas, que incluye un mapa de Colombia, información sobre los cambios climáticos, y recomendaciones de seguridad, incluidas aquellas relacionadas con el riesgo de usar camisetas que puedan asociarlos con alguna de las hinchadas de fútbol. Además, el documento proporciona los contactos de organizaciones internacionales dedicadas a la protección de migrantes.“Inicialmente esperábamos en una carpa y recibíamos entre 100 y 200 personas diarias. Hoy la dinámica ha cambiado y también la reglamentación, entonces el flujo es mucho menor. En un día pasan cinco personas o puede ser que no pase ninguna”, señaló Álvarez sobre los inicios del programa en 2019, cuando se registró un pico de éxodo migratorio venezolano.El programa Vía Esperanza incluye iniciativas como el Proyecto María, que proporciona manillas de identificación a niños menores de 10 años para asegurar su seguridad en caso de perderse, y el Rincón de Lectura V.I.A.L., un espacio donde se promueve la alfabetización y la integración familiar. Por otro lado, el proyecto Gotas de Esperanza ha introducido sistemas innovadores para la captación y potabilización del agua, beneficiando a las poblaciones más vulnerables.",Martha Uribe Jaramillo,Semana,Colombia,"Aug 29, 2024"
¿Maduro cede ante Trump? Venezuela volverá a recibir migrantes deportados desde Estados Unidos,https://www.semana.com/mundo/articulo/maduro-cede-ante-trump-venezuela-volvera-a-recibir-migrantes-deportados-desde-estados-unidos/202543/,"El régimen de Nicolás Maduro en Venezuela informó el martes que reautorizó los vuelos desde los Estados Unidos para deportar migrantes ilegales que residen en el territorio norteamericano, esto se da días después de haberlos suspendido por la advertencia del presidente Donald Trump del “cierre total” del espacio aéreo venezolano. La llegada de aviones estadounidenses con indocumentados venezolanos se mantuvo regularmente pese a la tensión entre ambos países por el despliegue militar de Trump en el Caribe y las presuntas intenciones de parte de Washington de buscar un cambio de régimen en Venezuela que signifique la salida de Maduro del poder.El mandatario estadounidense asegura que se trata de una operación para combatir el narcotráfico, aunque el dictador venezolano Nicolás Maduro asegura que el objetivo es sacarlo del poder y apoderarse de las riquezas petroleras del país. Esto teniendo en cuenta que Estados Unidos no reconoce como legítimo al régimen de Miraflores por cuenta del fraude electoral de las elecciones del 2024.La autoridad aeronáutica venezolana “ha recibido la solicitud del gobierno de los Estados Unidos para reanudar los vuelos de repatriación de migrantes venezolanos desde ese país hasta Venezuela”, indicó un comunicado del ministerio del Transporte en poder del régimen de Nicolás Maduro.“Por instrucciones del Presidente Nicolás Maduro, se autoriza el ingreso a nuestro espacio aéreo de las aeronaves”, dice el texto dado a conocer este martes. Además, se conoció que debido a este aval de parte del dictador, Caracas permitirá el ingreso de dos vuelos de la empresa estadounidense Eastern Airlines los días miércoles y viernes.Unos 75 vuelos con deportados se realizaron este año, con al menos 13.956 venezolanos deportados desde Estados Unidos, según el gobierno venezolano. El presidente estadounidense asegura que busca deportar a millones de inmigrantes que viven de forma ilegal en el país, haciendo énfasis en aquellos que han sido acusados de cometer delitos en territorio norteamericano.La migración es un tema bandera del gobierno de Trump. El estadounidense sostuvo el lunes una reunión con su equipo de Seguridad Nacional para hablar sobre Venezuela. El domingo confirmó una conversación telefónica con Maduro, de la que no dio detalles, aunque posteriormente se filtraron varios detalles al respecto.La agencia de noticias Reuters reveló detalles desconocidos de la llamada que existió entre Donald Trump y Maduro. En un artículo publicado este lunes, 1 de diciembre, en la noche, en el que narra los detalles de esa conversación que duró menos de 15 minutos.Durante la llamada revelada por Reuters, Nicolás Maduro dijo a Donald Trump que estaba dispuesto a abandonar Venezuela solo si él, su familia y más de 100 funcionarios de su gobierno recibían una amnistía total, incluyendo el levantamiento de sanciones y el cierre de procesos como el de la Corte Penal Internacional. Aunque dejó claro que no deseaba entregar inmediatamente el poder al presidente electo Edmundo González, propuso que Delcy Rodríguez encabezara un gobierno interino mientras se convocaban nuevas elecciones. Todas las peticiones fueron rechazadas por Estados Unidos, quien le dio un salvoconducto de una semana para abandonar el país junto a su familia, el cual ya venció.Con información de AFP.",Juan Felipe Useche Chacón,Semana,Colombia,"Dec 02, 2025"
"Esta es la ciudad de Colombia con mayor proporción de migrantes venezolanos, según Acnur",https://www.semana.com/nacion/articulo/esta-es-la-ciudad-de-colombia-con-mayor-proporcion-de-migrantes-venezolanos-segun-acnur/202409/,"De acuerdo con datos de la agencia de la ONU para los Refugiados (Acnur), Medellín es la ciudad del país con mayor número de migrantes, según densidad de población. Acnur señaló que en la capital de Antioquia hay 240.278 migrantes venezolanos, lo que equivale al 10% de la población de la ciudad.“Si calculamos la proporción de toda la población, es la primera en el país en términos de porcentaje de población. Se calcula que más del 10% de la población en Medellín sea refugiada y migrante”, dijo Elisa Carlaccini, jefa de la suboficina del Acnur para la región noroccidental.Bogotá es la ciudad con más migrantes en el país, sin embargo, la densidad de población es menor: 7,6 %. Acnur también destacó Antioquia es el segundo departamento con más refugiados y migrantes: 393.392.De igual manera, la organización de la ONU señaló que Medellín es un importante punto de tránsito para migrantes. Entre enero y mayo, 174.442 migrantes y refugiados han transitado desde la Terminal del Norte hacia el Urabá, procedentes de Ecuador y de otras regiones de Colombia. 70.092 fueron venezolanos.La jefa de la suboficina de la Acnur afirmó que es clave el trabajo que se realiza en la ciudad para “fomentar oportunidades de inclusión conjuntamente en todos los sectores de la sociedad”.Gobierno anuncia una iniciativa para regularizar tutores legales de niños y niñas venezolanos en el paísUn nuevo anuncio hizo el Gobierno del presidente, Gustavo Petro, esta semana, en su objetivo de integrar plenamente a la sociedad a migrantes que se encuentran en situación de irregularidad. Se trata de una propuesta decreto que busca legalizar a los tutores de niños y adolescentes venezolanos que se encuentran en situación irregular en Colombia.El Gobierno explicó que esta propuesta estará disponible por 15 días hábiles para comentarios de la ciudadanía, a través del cual se creará el PEP-Tutor (Permiso Especial de Permanencia para Representantes Legales o Custodios de niñas, niños y adolescentes titulares de un Permiso por Protección Temporal (PPT)).El Director de Migración Colombia, Fernando García, señaló como fundamental esta iniciativa para la población migrante en Colombia y fundamentalmente para la población venezolana en situación irregular que en Colombia.García aseguró que consiste en “un permiso especial de permanencia que busca, fundamentalmente, integrar a los tutores, es decir, a aquellas personas que tienen responsabilidad sobre menores de edad que tienen PPT en sus manos y que viven en Colombia”.“Este es un instrumento que nos va a permitir regularizar a representantes o custodios legales de más de 270.000 niños y niñas y adolescentes venezolanos”, explicó el director de Migración Colombia.",Andrés Felipe Romero,Semana,Colombia,"Jun 20, 2024"
"Colombia se alista para acoger más migrantes, según canciller Murillo; pero ve “preocupaciones infundadas” por nuevo éxodo venezolano",https://www.semana.com/nacion/articulo/colombia-se-alista-para-acoger-mas-migrantes-segun-canciller-murillo-pero-ve-preocupaciones-infundadas-un-nuevo-exodo-venezolano/202447/,"Desde 1999, se estima que más de 7,7 millones de personas han dejado Venezuela debido a la crisis política, económica y social bajo el régimen bolivariano. Esto ha convertido la crisis migratoria venezolana en una de las más grandes del mundo, superando incluso a la crisis de refugiados sirios en términos de personas desplazadas.Colombia ha sido el principal receptor de estos millones de migrantes, y por eso, el reciente proceso electoral en el vecino país generó altas expectativas en cuanto a migración.Antes de las votaciones, muchos migrantes esperaban poder regresar a su país para contribuir a su reconstrucción. Sin embargo, con el régimen de Maduro aún en el poder, la desilusión ha vuelto y muchos temen que más ciudadanos decidan abandonar Venezuela.“El panorama actualmente es muy incierto. En ese sentido, creo que el primer escenario a considerar es lo que pasaría si Edmundo González logra posesionarse como presidente. En ese escenario, sí se podría hablar de un retorno, pero no masivo, sino progresivo. Esto porque los migrantes tendrían que sopesar qué tanto les puede ofrecer Venezuela”, explicó Donna Cabrera, experta en migración y profesora de la Universidad Javeriana.Sobre el tema, el ministro de Relaciones Exteriores de Colombia, Luis Gilberto Murillo, explicó que el país “ha hecho lo que ningún país ha hecho en el mundo y es realmente recibir cerca de 2.3 millones de migrantes, la gran mayoría venezolanos y venezolanas, eso lo vamos a ampliar a 600.000 más que necesitan ser regularizados, que ya están aquí en Colombia, y eso tiene un costo de un poco más de un punto del Producto Interno Bruto”.“Pero también le genera muchos beneficios al país, es decir, no se hubiese podido recoger las cosechas sin la mano de obra venezolana, y Colombia quiere dar un ejemplo al mundo”, agregó.“Es como si Estados Unidos decidiera darle acogida a 20 millones de personas, es más o menos el 6 % de nuestra población en equivalencia, y tenemos con el apoyo de la cooperación internacional de muchos países, incluyendo Estados Unidos, en Colombia, para acoger a esta población se crearon los centros que llaman centros Integral, y el de Riohacha es uno de los que funciona”, agregó.“Estos son centros donde llega la población migrante, se les orienta para que puedan regularizarse, pero también para que puedan acceder a los servicios y este es uno de los centros que mejor operan en el país. La vicepresidenta y primera ministra de Igualdad está a cargo de fortalecer estos centros, y además los va a expandir. Y esto, teniendo en cuenta lo que sucede en el vecindario, Colombia se prepara por si nos corresponde acoger más poblaciones migrantes”, explicó.Y fue enfático en que “esa es una expectativa que todavía no tiene ningún fundamento, porque al contrario lo que hemos visto es que están regresando venezolanos y venezolanas a su país, no se ha registrado una alta salida de migrantes”.Al contrario, los últimos datos de Migración Colombia reflejan que ha disminuido el paso de migrantes por el tapón del Darién, “esperamos que por el lado de San Andrés, que se había incrementado un poco, el tráfico se disminuya, entonces esas preocupaciones son infundadas y no queremos de ninguna manera generar pánico”.Por eso “estamos acá en la frontera hablando de temas que ya acordamos con el gobierno venezolano, en nuestra comisión de vecindad e integración y ahí hay unas tareas que tenemos que desarrollar. Nosotros en una visita anterior dialogamos con el gobernador, con el alcalde de Maicao, con el señor alcalde de Riohacha, que teníamos que implementar algunos planes, algunos de ellos tienen que ver con las casas lúdicas, vamos a abrir algunas, y Maicao igualmente”.",Felipe Arteaga,Semana,Colombia,"Aug 06, 2024"
Filippo Grandi se despide de Acnur con un reconocimiento al expresidente Iván Duque por la atención a refugiados venezolanos: “Compromiso y coraje”,https://www.semana.com/politica/articulo/filippo-grandi-se-despide-de-acnur-con-un-reconocimiento-al-expresidente-ivan-duque-por-la-atencion-a-refugiados-venezolanos-compromiso-y-coraje/202543/,"Filippo Grandi terminó su periodo como alto comisionado de los refugiados y en su discurso de despedida le dejó un mensaje a Colombia sobre las políticas públicas que ha implementado el país para la inclusión de los venezolanos. Grandi afirmó que en el último año los refugiados se convirtieron en “chivos expiatorios” y que el sufrimiento de estas personas fue utilizado como un mecanismo para obtener ganancias, tanto desde sectores políticos como por parte de los ilegales.Sin embargo, destacó que en ese escenario hubo países que respaldaron a los desplazados internacionales que tuvieron que huir de sus territorios de origen porque su vida estaba en riesgo si se quedaban allí, como el caso de Colombia que implementó el Estatuto de Protección Temporal para los venezolanos durante la administración de Iván Duque.“El mismo compromiso y valentía inspiraron la decisión pionera de Colombia de aprobar el Estatus de Protección Temporal para los venezolanos desplazados en 2021, beneficiando a cerca de dos millones de refugiados y migrantes venezolanos. Un momento culminante de mi mandato como alto comisionado y un ejemplo al que recurro con frecuencia”, destacó Grandi.El saliente comisionado destacó que para entonces el mundo aún enfrentaba las consecuencias de la covid-19 y, pese a esto, la administración Duque decidió regularizar a los ciudadanos venezolanos que llegaron al país huyendo de la emergencia humanitaria compleja que agotó las oportunidades para quienes vivían en Venezuela.“Recuerden que, en ese momento, el mundo aún se encontraba en medio de una pandemia global que nos afectaba a todos. Sin embargo, el entonces presidente Duque comprendió que brindar a los refugiados y migrantes venezolanos acceso a residencia, empleo y servicios beneficiaría tanto a los venezolanos como a sus anfitriones colombianos. Y tenía razón”, comentó el saliente comisionado.Además de los venezolanos, otros refugiados de Sudán, Ucrania, Gaza y Mianmar necesitan políticas de acogida, por lo que el funcionario invitó a que el Pacto Mundial sobre los Refugiados sea la hoja de ruta para tratar estos casos. Sumado a esto, destacó los esfuerzos de Kenia, Etiopia, Ruanda y Brasil para implementar políticas de inclusión de los refugiados dentro de las comunidades. En ese punto, recordó que la incorporación de estas personas a las dinámicas sociales tiene un costo que no puede estar únicamente en manos de los países receptores.“Hoy, sin embargo, no quiero detenerme en estos desafíos. De hecho, el camino hacia la protección es largo, estrecho y difícil. Inevitablemente, habrá más contratiempos en el camino. Siempre lo hemos sabido, así como siempre hemos sabido que la compasión y la solidaridad serían ignoradas y ridiculizadas. No podemos permitir que eso nos desanime, y simplemente no nos desanimaremos. En cambio, debemos recordar siempre que, como Zakia describió con tanta gracia en nombre de millones de refugiados, la solidaridad salva vidas”, apuntó.Filippo Grandi advirtió que los países receptores de refugiados deben recibir apoyo financiero para que los avances en materia de protección de estas personas no resulten erosionados.",Juliana Gil Gutiérrez,Semana,Colombia,"Dec 15, 2025"
Número de migrantes y refugiados venezolanos ascendió a más de seis millones en el mundo,https://www.semana.com/mundo/articulo/numero-de-migrantes-y-refugiados-venezolanos-ascendio-a-mas-de-seis-millones-en-el-mundo/202110/,"La Plataforma Regional de Coordinación Interagencial para Refugiados y Migrantes de Venezuela, encabezada por la Agencia de las Naciones Unidas para los Refugiados (ACNUR) y la Organización Internacional para las Migraciones (OIM), reveló un nuevo estudio sobre la situación de los migrantes venezolanos actualmente.Según la plataforma, ya son más de seis millones los venezolanos refugiados y que han migrado a diferentes países de todo el mundo, desde que Nicolás Maduro asumió como presidente del país, hace casi ocho años.En total son 6′024.351 ciudadanos venezolanos que han salido de la nación sudamericana en busca de mejores condiciones de vida, lo cual los ha llevado a arribar a más de 33 países. Actualmente, la población de Venezuela es de 28,5 millones de personas, por lo que este dato representa casi el 20 % del total nacional.De estas 6 millones de personas, cerca de cinco millones se han ubicado en países de América Latina y el Caribe, y unas 465.000 en Estados Unidos; sin embargo, el país que más ha recibido migrantes de esta nacionalidad es Colombia, que ha acogido a dos millones de venezolanos, seguido, en América Latina, de Perú, con un millón y Chile, con 475.300.Por otra parte, el informe revela que Ecuador, con 451.100, Brasil, con 261.400, y Argentina, con 173.200, son otros países que también han recibido a una cantidad importante de migrantes venezolanos.Los países a donde menos han llegado estas personas en la región son Uruguay con 15.247, Bolivia con 10.611 y Paraguay con 5.445.Uno de los datos que más llama la atención del informe es que Colombia se ha mantenido como el país que más estrecha relación tiene con Venezuela, por lo que siempre ha sido la primera elección de estas personas al buscar un país para refugiarse; mientras que Argentina pasó del tercer lugar en 2018 al sexto en 2021.El documento presentado este jueves también señala que los venezolanos han buscado una nueva vida en Europa, pues al menos 415.000 han viajado a España, 59.400 a Italia, 27.200 a Portugal, 10.100 a Alemania, 7.200 a Francia y más de 30.000 a otros territorios del continente. Además, hay 391 venezolanos en África, 503 en Asia y 7.600 en Oceanía.Acogida de ColombiaEduardo Stein, designado para asuntos relacionados a los refugiados y migrantes venezolanos en América Latina, destacó que Colombia ha hecho un gran trabajo durante la crisis del vecino país para atender los requerimientos de los migrantes y que otros países deberían tomar ejemplo. De igual manera, reconoció la labor de Colombia en la gestión que lleva más de un millón de venezolanos registrados en un tiempo récord de siete meses y todo esto en medio de la pandemia por la que el mundo atraviesa.“Este mar humano que estalló de pronto hacia toda la región y que en América Latina, en su conjunto, no la esperábamos está en efecto encontrando caminos creativos, eficaces, oportunos, realistas y apegados a las necesidades de la gente para convertir una crisis en elementos de desarrollo para una América Latina que no volverá a ser la misma”, dijo Stein.Esta semana el presidente Iván Duque destacó los avances en la implementación del Estatuto Temporal de Protección que les permitirá a los migrantes venezolanos tener acceso a la seguridad social, salud y el mercado laboral formal en Colombia.Como parte del análisis sobre la implementación del mecanismo, el mandatario se mostró optimista y aseguró que el trámite ha sido exitoso y que hoy hay más de un millón de migrantes venezolanos que ya hicieron el prerregistro virtual y están en espera de su proceso de registro biométrico para ser regularizados y que se les entregue la tarjeta de identificación.",Carlos Eduardo González Forero,Semana,Colombia,"Sep 09, 2021"
"Más de un millón de migrantes venezolanos en Colombia ha recibido asistencia alimentaria, según Marta Lucía Ramírez",https://www.semana.com/nacion/articulo/mas-de-un-millon-de-migrantes-venezolanos-en-colombia-ha-recibido-asistencia-alimentaria-segun-marta-lucia-ramirez/202147/,"La agenda de trabajo de la vicepresidenta y canciller, Marta Lucía Ramírez, en Europa avanza y en esta ocasión la funcionaria se encuentra en Roma (Italia), país en el cual sostuvo una reunión de alto nivel con el director del Programa Mundial de Alimentos, David Beasley.De acuerdo con el Ministerio de Relaciones Exteriores de Colombia, el encuentro se realizó para fortalecer y prorrogar las medidas conjuntas que buscan alcanzar los objetivos de la denominada agenda 2030 en cuanto a desarrollo sostenible en el área de seguridad alimentaria y nutricional. Esto, “con especial atención a las comunidades más vulnerables, incluyendo los migrantes venezolanos en Colombia”, sostuvo el Gobierno.En esa reunión, Ramírez reveló que se ha brindado asistencia alimentaria gracias a la colaboración del Programa Mundial de Alimentos a más de 1 millón de migrantes venezolanos que han salido del vecino país en medio de una crisis social y política.“Se ha brindado atención al flujo migratorio proveniente de Venezuela, que ya supera los 1,8 millones de personas con vocación de permanencia en el territorio nacional. Esta asociación estratégica ha permitido la asistencia alimentaria a 1,1 millones de venezolanos, migrantes y refugiados, así como a retornados colombianos y comunidades de acogida en 2020, y a casi 600.000 en 2021″, explicó la Cancillería.Así mismo, el Gobierno nacional señaló que el Programa Mundial de Alimentos también ha apoyado el Estatuto Temporal de Protección para migrantes venezolanos, en actividades de comunicación y orientación, emisión de certificados y asistencia directa para preinscripción virtual, estrategia que impulsó y materializó el presidente Iván Duque.“La Vicepresidente y Canciller también agradeció al programa la asistencia que ofrece a diversos grupos vulnerables como víctimas de la violencia, y personas afectadas por desastres naturales, así como su apoyo al desarrollo económico en los municipios del Programas de Desarrollo con Enfoque Territorial – PDET y a la reintegración de excombatientes, a través de la Política de Paz con Legalidad”, señaló el Gobierno nacional.Por otro lado, la vicepresidenta y canciller, Marta Lucía Ramírez, participó en Roma de la inauguración de la calle Gabriel García Márquez, gesto que calificó la funcionaria como un “honor” y un “privilegio” para el país. El homenaje fue posible según el Ministerio de Relaciones Exteriores por la gestión adelantada por parte de la Embajada de Colombia en Italia y a la Alcaldía de Roma.“La inauguración de la calle Gabriel García Márquez es para Colombia un gran honor y un privilegio, que, sin lugar a duda, representa un gesto de reconocimiento por parte del pueblo italiano al gran legado de nuestro Nobel de literatura”, dijo Ramírez.Y subrayó la funcionaria: “Es un gran gesto de Italia, que más que un gran aliado es un gran amigo. Esperamos que este homenaje que perdurará en el tiempo sea un recordatorio permanente y un estímulo constante para continuar afianzando y diversificando nuestra agenda de cooperación y nuestros lazos de fraternidad”.Finalmente, Ramírez recordó que aunque la estadía de Gabriel García Márquez en Roma duró casi año y medio, entre los argumentos valorados por las autoridades para rendir homenaje con esta calle, se cuenta la influencia de Italia en su obra.“Su paso por Roma y la fascinación que le generó el neorrealismo y la cultura italiana le sirvieron de inspiración al Nobel colombiano para la consolidación de su estilo literario, conocido como Realismo Mágico. Gabo llegó por primera vez a Roma el 31 de julio de 1955 en su rol de corresponsal del periódico El Espectador, para cubrir la noticia sobre el estado de salud del Papa Pío XII”, insistió el gobierno.",Javier Barragán,Semana,Colombia,"Oct 27, 2021"
Lo que los venezolanos perdieron con Petro: regularización de los migrantes está en el aire y hay problemas desatendidos,https://www.semana.com/politica/articulo/lo-que-los-venezolanos-perdieron-con-petro-regularizacion-de-los-migrantes-esta-en-el-aire-y-hay-problemas-desatendidos/202416/,"En el Gobierno de Gustavo Petro ha habido un retroceso en la regularización e integración de los migrantes. Lo que hace unos años puso a Colombia como líder mundial durante las administración de los expresidentes Iván Duque y Juan Manuel Santos, que ambos implementaron una política de Estado basada en la flexibilización migratoria para atender a esta población, ahora se está perdiendo.Mientras el presidente Petro se acerca políticamente al régimen de Nicolás Maduro que gobierna en Venezuela, con una agenda diplomática tan estrecha por la que el mandatario ya le visitó en Caracas, en lo que tiene que ver con el reconocimiento de las necesidades de esa población las decisiones están frenadas.No se volvieron a abrir alternativas de regularización mediante la extensión de los plazos del Permiso Especial de Permanencia (PEP), los traslados administrativos de visas se convirtieron en un trámite por el que se están inadmitiendo los visados y hasta las organizaciones que defienden los derechos de esta población comentan que hay un rechazo repetido de las solicitudes de refugio.Todo esto se ha convertido en un obstáculo para que los venezolanos puedan asentarse en Colombia de manera regular, lo que les imposibilita conseguir empleos formales, aportar al sistema de seguridad social, bancarizarse o participar en la economía formal. Sin poder acceder a un documento de identidad, ni pueden pagar impuestos, ni podrían ser identificados por las autoridades en caso de que se presente una irregularidad durante su permanencia en el país.Tan difícil se ha hecho tener un documento de identidad formal para esta población que la Cancillería publicó en abril un borrador de decreto para exigir pasaporte vigente a los venezolanos, documento que terminó siendo desmentido por el propio presidente Petro y por el que el canciller Luis Gilberto Murillo salió a aclarar que en sus planes no está restringir la migración. ¿Cuál era el problema? Para sacar una visa se necesita tener un pasaporte vigente y estas personas portan, en muchos casos, pasaportes vencidos por los obstáculos que enfrentan para emitir ese documento en su país de origen.“En este Gobierno se ha perdido el acceso a derechos de los migrantes. Se ha disminuido la inversión de la cooperación internacional en los territorios de frontera por el cambio de narrativa del Gobierno, lo que ha puesto en mayor vulnerabilidad a la población”, apunta Ana Karina García desde la Fundación Juntos Se Puede.Las motivaciones saltan a la vista cuando se mira el discurso político: mientras para el expresidente Duque Nicolás Maduro era un dictador, para el presidente Petro este es un aliado pese a que de Venezuela se han desplazado 7,7 millones de personas por la emergencia humanitaria compleja que vive ese país, de las que casi 3 millones que llegaron a Colombia. Que la Casa de Nariño modifique las políticas de flexibilización migratoria que dejaron los gobiernos anteriores en nada cambia que Colombia es el tercer mayor receptor de desplazados internacionales del mundo y que Venezuela ha sido el cuarto mayor expulsor de esta población.“El Gobierno nacional se está equivocando frente a no mantener la política de flexibilización. Desafortunadamente, este Gobierno no está reconociendo, ni dándole continuidad al tratamiento del fenómeno migratorio. Aquí lo importante y el llamado que se hace es continuar con la flexibilización, porque eso nos permite incorporar a esa migración a nuestro país de una manera positiva”, advierte el exdirector de Migración Colombia, Christian Krüger.Se cerró la Oficina para la Atención e Integración socioeconómica de la Presidencia de la República (antiguamente conocida como Gerencia de Fronteras), y ahora los asuntos migratorios se delegaron a una Dirección dentro del Ministerio de la Igualdad, que dirige la vicepresidenta Francia Márquez, la misma cartera que tiene una ejecución de presupuesto cercana al 1 % y cuya creación fue tumbada por la Corte Constitucional. Mientras en el pasado este asunto estaba en el despacho del presidente, ahora está en una oficina que parece condenada a desaparecer.SEMANA documentó los casos de persecución a políticos opositores que residen en Colombia y el presidente Petro ha dicho abiertamente que los migrantes pueden retornar, pese a que ese país sigue en una difícil situación económica y política.“En varias ocasiones al gobierno colombiano le ha faltado encontrar un balance entre retomar estas relaciones y legitimar a un régimen autoritario violador de los Derechos Humanos como el venezolano, al utilizar peligrosas narrativas que también maneja el régimen como la búsqueda de la invisibilización de la migración venezolana”, advierte María Gabriela Trompetero, docente e investigadora, Universidad de Bielefeld, Alemania. De cuenta de esto hay 500.000 migrantes venezolanos en situación irregular por la falta de flexibilidad para la regularización.Y si se trata de trámites, no solo los que se efectúan ante el Gobierno colombiano son difíciles de concretar. Los venezolanos que residen en Colombia no están recibiendo garantías para inscribir sus cédulas en los consulados de Venezuela en el territorio nacional para votar desde el exterior, porque se han reportado cierres abruptos de esas oficinas, caídas en el sistema y falencias administrativas para el proceso. Según la ONG Plan País, para abril solo el 72 % de quienes intentaron anotarse para votar consiguieron hacerlo, porque se rechazaron 1.092 casos y solo se permitió la inscripción de 431 personas, una padrón electoral bastante limitado para una población que se cuenta por millones.",Juliana Gil Gutiérrez,Semana,Colombia,"May 26, 2024"
"País vecino desafía a Maduro y expulsará a todos los indocumentados venezolanos, esta es la razón",https://www.semana.com/mundo/articulo/pais-vecino-desafia-a-maduro-y-expulsara-a-todos-los-indocumentados-venezolanos-esta-es-la-razon/202535/,"Trinidad y Tobago prepara un proceso de deportación masiva de migrantes indocumentados, en medio de una crisis con Venezuela por recibir a un buque de guerra estadounidense para ejercicios militares.Los venezolanos son la principal comunidad de migrantes en el archipiélago. El ministro de Seguridad Nacional ordenó en un memo, al que accedió la AFP, que “todos los inmigrantes ilegales detenidos sean retenidos” para “la implementación de un ejercicio de deportación masiva”.La relación bilateral entre ambos países comenzó a deteriorarse con la llegada al poder de Kamla Persad-Bissessar, que tiene un discurso contra la migración venezolana alineado con Washington.Un buque estadounidense, el USS Gravely, arribó en Puerto España para ejercicios militares.Forma parte de la flota desplegada desde agosto para operaciones contra el narcotráfico en la región, que el gobierno de Venezuela asegura buscan el derrocamiento del dictador Nicolás Maduro.El Parlamento venezolano tiene previsto declarar a la gobernante persona non grata.Por su parte, el dictador venezolano anunció la suspensión del acuerdo energético con Trinidad y Tobago acusando a la primera ministra trinitense, Kamla Persad-Bissessar, de amenazar con convertir a su país en “el portaaviones del imperio estadounidense contra Venezuela”.“He aprobado la medida cautelar de suspensión inmediata de todos los efectos del acuerdo energético y de todo lo convenido en esa materia”, dijo Maduro en televisión, durante su programa Con Maduro +, acerca del denominado Marco de Cooperación Energética entre Trinidad y Tobago y Venezuela.Maduro dijo que se trata de una medida “cautelar”, pero anunció también que elevó la cuestión al Consejo de Estado, al Tribunal Supremo de Justicia y a la Asamblea Nacional a fin de implementar una medida “estructural” que tendría “mayor profundidad”.Asimismo, dijo que lo que busca Estados Unidos con sus operaciones en el Caribe “es el petróleo, el gas y el oro de Venezuela”.“En este mundo no hay nadie que apoye estas acciones temerarias, guerreristas, de amenaza a un pueblo pacífico”, dijo.Por su parte, el ministro de Exteriores venezolano, Yvan Gil, dijo que Venezuela “ha informado con claridad” a las autoridades de Trinidad y Tobago “sobre la operación de falsa bandera dirigida por la CIA” que habría sido descubierta en los últimos días por Caracas. Así, ha dicho que el objetivo sería “atacar un buque militar estadounidense estacionado en dicha isla y luego culpar a Venezuela” para justificar una “agresión”.“Es el mismo guion imperial del barco Maine y del golfo de Tonkín: fabricar un conflicto para imponer intereses ajenos a nuestra región”, señaló en su cuenta en Telegram, en referencia a incidentes previos al inicio de la guerra hispano-estadounidense en Cuba y a la guerra de Vietnam.*Con información de AFP y Europa Press.",Juan David Cardozo Maglioni,Semana,Colombia,"Oct 28, 2025"
"Investigadora venezolana alerta de riesgos para migrantes de ese país en Colombia, tras anuncios de permisos especiales de la Cancillería",https://www.semana.com/politica/articulo/investigadora-venezolana-alerta-de-riesgos-para-migrantes-de-ese-pais-en-colombia-tras-anuncios-de-permisos-especiales-de-la-cancilleria/202413/,"En los últimos días se generó toda una polémica por la posibilidad de que a los venezolanos en Colombia se les exigiera el pasaporte vigente, sabiendo que por el régimen de Nicolás Maduro sacar este documento es costoso y complicado.Aunque el canciller encargado Luis Gilberto Murillo y el presidente Gustavo Petro confirmaron que esta idea no se llevará a cabo, esto generó algunos análisis sobre el contexto migratorio de venezolanos en Colombia y cómo el gobierno nacional ha manejado ese fenómeno.En conversación con SEMANA, María Gabriela Trompetero, docente e investigadora de ese país, hizo toda una radiografía de las políticas de Petro sobre el tema y reconoció que hay cosas que podrían mejorar. Además, alertó que algunas políticas podrían generar atrasos, como el anuncio de Murillo, de otorgar permisos especiales a los venezolanos para trabajar o que tienen hijos en Colombia registrados con PPT (Permiso por Protección Temporal).Trompetero es candidata a doctorado en Sociología de la Universidad de Bielefeld, Alemania. Tiene una maestría en Estudios Interamericanos y ha trabajado como asistente de investigación en el Migration Policy Institute, Equilibrium SDC y la Facultad de Sociología de la Universidad de Bielefeld.Fue investigadora asociada al Instituto Alemán de Desarrollo y Sostenibilidad (IDOS) y es investigadora afiliada a la “Cátedra del IDRC (Centro Internacional de Investigación para el Desarrollo de Canadá) sobre Migraciones y Desplazamientos Forzados” en la Universidad del Pacífico, Perú. Ha publicado investigaciones relacionadas a la migración forzada venezolana en Colombia.SEMANA: ¿Qué opinión tiene sobre el borrador de decreto que se conoció, en el que se le iba a pedir pasaporte a los venezolanos migrantes en Colombia?MARÍA GABRIELA TROMPETERO: La justificación del decreto me parecía muy pobre, ya que se hace referencia al reinicio de relaciones bilaterales entre el gobierno venezolano y el colombiano, justificando derogar la resolución del 2021 que le permite a las personas venezolanas en Colombia su ingreso, tránsito y permanencia con el pasaporte vencido. Si bien se han restablecido las relaciones y se han abierto consulados de Venezuela en Colombia, no significa que las personas venezolanas ya no cuenten con toda la serie de obstáculos que enfrentan para tramitar un pasaporte vigente. El pasaporte venezolano es uno de los más costosos en el mundo, tramitarlo en Venezuela cuesta 216 dólares y fuera del país 216 dólares más o 120 dólares por gastos consulares. Una familia de tres personas necesitaría más de 900 dólares para poder tramitarlo. El país sigue experimentando uno de los peores salarios de la región y para la gran mayoría no es posible sacar el documento. Otra barrera son las brechas institucionales y burocráticas. La justificación de esa consulta publicada por Cancillería era bastante pobre.SEMANA: El canciller encargado Luis Gilberto Murillo dio a entender que el decreto no se implementará y responsabilizó a algunos funcionarios de la Cancillería, ¿qué opina?M.G.T.: Sí, probablemente se haya debido a un problema de comunicación dentro de la Cancillería. No obstante, creo que él como canciller debería hacer un proceso de mea culpa considerando que es el director de la cartera. El anuncio generó muchísima zozobra dentro de la población venezolana en Colombia, en donde hay casi 3 millones de personas y, según un estudio del Observador de la Diáspora Venezolana, aproximadamente el 50 % de los venezolanos en el extranjero no cuentan con un pasaporte vigente. También preocupa el trino del presidente Petro, en el que dice que es mentira sin ninguna explicación, en este juego de responsabilizar al medio de comunicación. Es importante que se esté hablando del tema a pesar del error de haberlo publicado. Me preocupa que el canciller dice que va a activar un permiso especial de permanencia para personas venezolanas padres y visas de trabajo, pareciera que estamos volviendo al régimen que había antes del Estatuto Temporal de Protección para Migrantes de Venezuela, donde había varios tipos de permisos especiales de permanencia para el trabajo, para la educación, etc. Esto trajo muchos problemas y retos. Que haya una variedad de servicios le genera más retos a las instituciones a la hora de validar y reconocer estos nuevos permisos.SEMANA: ¿Es mejor el Estatuto que esos permisos de permanencia?M.G.T.: Sí, considero que se debería continuar con el Estatuto. El problema es que no tenemos detalles sobre estos nuevos permisos especiales. ¿Cuánto tiempo le van a ofrecer derechos a la población venezolana? Que nos estén asomando dos mecanismos me genera un poco de temor que volvamos al esquema de diversos permisos que ya se probó y en la práctica no fue la mejor forma de impulsar la integración de las personas migrantes en Colombia.SEMANA: ¿Qué debería hacer Colombia para mejorar las condiciones de los migrantes venezolanos?M.G.T.: Hay que continuar desarrollando la implementación y el desarrollo de políticas de integración. Si bien el Estatuto ha sido bastante exitoso al regularizar a la fecha casi 2 millones de venezolanos, aún faltan políticas que no solamente ofrezcan este importante documento, que es la llave en materia de derechos, sino que generen que sean accesibles, a la banca, comprar servicios de internet o telefonía, convalidación de títulos, etc. Vemos en las escuelas brechas o rechazo entre los mismos niños, porque los menores venezolanos llegan con niveles académicos un poco más atrasados por el retraso de la educación venezolana. Y migrantes que sufren revictimización porque llegan a zonas en las que todavía hay presencia del conflicto armado. Un estudio actual de la OIM asegura que la población venezolana contribuye con más de 516 millones de dólares en Colombia, superando lo que el mismo Estado invierte en la población venezolana en temas de salud o educación. Si más personas migrantes pudiesen integrarse socioeconómica en el país, esta ganancia para Colombia fuese aún mayor, resaltando así aún más la importancia del éxito de las políticas de integración.SEMANA: ¿Qué se podría hacer para mejorar esa situación?M.G.T.: Continuar con el Estatuto justamente para reducir esa cifra de 500 mil personas venezolanas que no han podido acceder porque los plazos del Estatuto no han sido extendidos. La apuesta debe estar destinada a la integración con distintas políticas y mejorar la articulación institucional. Que el gobierno Petro cerrara la Gerencia de Fronteras fue uno de los peores errores de su administración en el tema migratorio porque esta entidad era la encargada de coordinar los distintos actores que trabajan con temas migratorios en distintos niveles. Esta gerencia tenía un peso muy importante porque formaba parte de Presidencia y tenía una lógica de integración. Realmente lograba imponer la agenda de integración de las distintas políticas. Se crea una Dirección de Población Migrante dentro del Ministerio de Igualdad dentro de un viceministerio encargado del tema migratorio pero hasta la fecha no conocemos cómo está operando. Esto ha generado desconfianza por parte de ciertas agencias de cooperación internacional en seguir invirtiendo en Colombia en temas migratorios frente a este desorden institucional que se evidencia en la publicación del borrador del decreto, que al parecer ni tenía conocimiento el presidente. A nivel institucional hemos visto muchos retrocesos. Si bien salió la resolución de las mesas en las que participará la sociedad civil, esto se está viendo opacado por los otros retrocesos y la lentitud en los procesos de regularización.SEMANA: ¿Cómo analiza la posición del gobierno de Petro con Nicolás Maduro?M.G.T.: Entiendo la importancia de haber reiniciado las relaciones bilaterales, sobre todo pensando en la necesidad que tienen tantos colombianos en Venezuela como personas en Colombia de realizar sus procesos en consulados, tramitar pasaportes, documentos de identidad, apostillas, entre otros. No obstante, creo que un paso en falso del gobierno Petro ha sido repetir la narrativa del régimen de Nicolás Maduro de que la culpa de la crisis en Venezuela y del éxodo venezolano son las sanciones. Hace poco se lanzó la idea de que Colombia pudiera ser observador de las elecciones venezolanas del 28 de julio y con eso hay que tener mucho cuidado, porque las garantías todavía no están dadas. Si bien la oposición venezolana ha logrado inscribir a un candidato de la Unidad, aún no hay certeza de que sean justas y limpias. La diáspora venezolana enfrentó grandes obstáculos para poder realizar su registro electoral. Hay que ser muy cuidadosos con este papel que pueda tener Colombia de observador y si en vez de denunciar las irregularidades o que termina es legitimando unas elecciones que probablemente puedan ser irregulares y que no serán ni libres ni justas. Me pareció interesante que Petro propusiera un plebiscito para garantizarle derechos a quien pierda las elecciones presidenciales pues trae a la mesa la discusión de una posible transición en Venezuela. Lamentablemente no dio detalles al respecto. Creo que hay matices. No sabemos aún qué va a pasar.",Nicolás Méndez Galvis,Semana,Colombia,"Apr 28, 2024"
El ABC del nuevo Estatuto Temporal de Protección para Migrantes Venezolanos,https://www.semana.com/nacion/articulo/el-abc-del-nuevo-estatuto-temporal-de-proteccion-para-migrantes-venezolanos/202131/,"El Gobierno Nacional presentó el Estatuto Temporal de Protección para Migrantes Venezolanos, un nuevo plan para la regularización masiva de migrantes venezolanos en Colombia. ¿De qué se trata? ¿Cómo va a funcionar? ¿Cuáles son los requisitos? ¿Cuándo se empezará a aplicar?¿Qué es el Estatuto Temporal de Protección para Migrantes Venezolanos?Será el nuevo marco normativo del Estado colombiano para caracterizar y regularizar la condición migratoria de todos los venezolanos que han llegado al país y permitirles una integración más fácil a la sociedad colombiana. “Es un mecanismo complementario al régimen de protección internacional de refugiados que ofrece el resguardo a personas que huyen de su país de origen y que se encuentran en situación de alta vulnerabilidad, en especial más de 966 mil personas venezolanas que se encuentran con estatus irregular en Colombia”, explicó el Gobierno nacional.¿Cómo funcionará el estatuto?Se realizará en dos fases. Primera fase: Se creará el Registro Único de Migrantes Venezolanos para identificar y caracterizar a cada ciudadano venezolano radicado en Colombia. Este trámite, que será gestionado por Migración Colombia, se debe realizar de manera virtual. Segunda fase: se expedirá el Permiso por Protección Temporal (PPT) a los venezolanos que ya hayan realizado el trámite de registro.¿Cuáles son los requisitos para poder vincularme al Registro Único de Migrantes Venezolanos?Estar en Colombia; presentar documento de identidad vigente o vencido (pasaporte, cédula de identidad venezolana, PEP); tener el acta de nacimiento en caso de ser menores de edad; hacer una declaración expresa de la intención de permanecer temporalmente en Colombia; y autorizar la recolección de datos biométricos.¿Qué es el Permiso por Protección Temporal (PPT)?Es un documento plástico con la información requerida por instituciones públicas y privadas. Los beneficiarios, luego del registro único de migrantes venezolanos, tendrán la posibilidad de obtener el PPT, un documento más sólido que les garantizará la permanencia regular en el territorio nacional por hasta 10 años. Este documento, que reemplazará a los Permisos Especiales de Permanencia (PEP), les permitirá integrarse a la sociedad colombiana pues podrán, entre otros, acceder a derechos, firmar contratos laborales y obtener productos bancarios.¿Quiénes podrán acceder al PPT?Está dirigido a aquellos venezolanos que se encuentren en Colombia de manera regular, aquellos que posean Permiso Especial de Permanencia, que tengan Prórroga de Permanencia (turista) o que cuentan con Permiso de Ingreso y Permanencia. También los solicitantes de refugio o los ciudadanos que posean visas podrán solicitar el estatuto. A los ciudadanos con estatus irregular que demuestren su ingreso al país antes del 31 de enero de 2021 se les otorgará de igual forma la protección de este nuevo mecanismo.Adicionalmente, durante los primeros dos años desde la entrada en vigencia del Estatuto, los venezolanos que ingresen de manera regular por pasos fronterizos formales podrán acceder a los beneficios.¿Cuáles son las condiciones para poder acceder al PPT?No tener antecedentes, anotaciones ni procesos administrativos o judiciales en curso; no tener en curso investigaciones administrativas migratorias; no tener en su contra medidas de expulsión, deportación o sanción económica vigente; no tener en curso investigaciones o condenas por delitos cometidos en Colombia.¿Los Permisos Especiales de Permanencia (PEP) ya no servirán?Las personas que tengan un PEP deberán obtener el PPT, que será el único documento que seguirá vigente en el país.¿Se podrá optar a una visa de residencia al tener el PPT?Sí. El beneficio del PPT es que permitirá sumar tiempo para el otorgamiento de la residencia en Colombia.¿El Permiso por Protección Temporal podrá ser cancelado?Sí. Los ciudadanos que violen la ley migratoria serán sujeto de revisión para la cancelación de su PPT. También todo aquel que incurra en infracción en el ordenamiento jurídico del país. La autoridad migratoria si considera al extranjero una amenaza para el país podrá cancelat su permiso. De igual forma, los ciudadanos que permanezcan más de 180 días fuera del país perderrán su PPT.¿Puede tenerse e PPT al mismo tiempo con otros permisos?No. Este documento no se puede poseer simultáneamente junto a otro tipo de permiso o visa. Las visas prevalecerán ante el PPT.¿El nuevo estatuto va a causar que muchos más venezolanos lleguen a Colombia?Para no generar un efecto llamada, el Gobierno decidió brindar la posibilidad de regularizarse solamente a los migrantes que hayan ingresado al país antes del 31 de enero del 2021. Después de esa fecha, los venezolanos tendrán que ingresar por un paso fronterizo formal y de manera regular para poder acceder al Permiso por Protección Temporal (PPT).¿Por qué esta medida es algo bueno para Colombia?Actualmente, en el país hay 966 mil venezolanos que tienen estatus migratorio irregular, lo cual les imposibilita su acceso efectivo a derechos, firmar un contrato laboral o acceder a un producto bancario. Esta situación había dificultado la integración socioeconómica de esta población y los aportes que ellos podrían realizar al crecimiento económico del país. Por eso, con el nuevo Estatuto y el nuevo Permiso por Protección Temporal (PPT), miles de venezolanos podrán ubicarse laboralmente o emprender sus propios negocios, y de esta manera ayudar a la generación de empleo y el desarrollo económico de Colombia.",Proyecto Migración Venezuela,Semana,Colombia,"Feb 13, 2021"
“Gran gesto”: Uribe elogia decreto sobre migrantes venezolanos y aclara que no da derecho a votar,https://www.semana.com/nacion/articulo/gran-gesto-uribe-elogia-decreto-sobre-migrantes-venezolanos-y-aclara-que-no-da-derecho-a-votar/202134/,"El expresidente Álvaro Uribe habló de la decisión del presidente Iván Duque que beneficiará a millones de venezolanos en el país: “El Decreto Presidencial que regula la permanencia de los venezolanos es un gran gesto humanitario de hermandad. Y protege a la democracia porque no concede derecho a votar”, escribió en su cuenta de Twitter.La medida, que es considerada inédita y ha sido calificada como histórica por diferentes personalidades en el mundo, fue anunciada este lunes por el presidente Duque en compañía del Alto Comisionado de Acnur, Fillipo Grandi. De acuerdo con las palabras del presidente, el Estatuto Temporal de Protección para migrantes venezolanos (ETPV) es un mecanismo jurídico complementario al régimen de protección internacional de refugiados con una vigencia de 10 años, dirigido a la población migrante venezolana en el país.El estatuto está dirigido a quienes tengan un Permiso Especial de Permanencia (PEP), a las personas solicitantes de la condición de refugiado, a quienes estén tramitando una visa ante la Cancillería y, también, a los casi un millón de migrantes en condición irregular en el país. Uno de los requisitos para estos últimos es demostrar que estaban en Colombia antes del 31 de enero de 2021. Esta medida, anunciada por el Gobierno, representa la evolución de los Permisos Especiales de Permanencia –que no van más– y se implementará en dos fases: la primera contempla la creación del Registro Único de Migrantes Venezolanos, para su identificación y caracterización, un trámite que se realizará de manera virtual.En la segunda fase se expedirá el Permiso por Protección Temporal (PPT) para los migrantes venezolanos que se acojan a la medida siguiendo un trámite que estimulará el tránsito de un régimen de protección temporal a un régimen ordinario y que supone, además, la entrada en funcionamiento del sistema de reconocimiento biométrico, el cual posibilitará que el Estado colombiano sepa, con exactitud, la identidad de cada uno de los migrantes que están en territorio nacional y estos, a su vez, puedan acceder a toda la oferta de servicios del Estado y puedan, por ejemplo, acceder más eficazmente a servicios financieros o a un trabajo.De esta manera, en 10 años, quienes pertenezcan al Estatuto Temporal de Protección para migrantes venezolanos podrán optar a una visa de residentes para obtener la nacionalidad colombiana, facilitando con ello la integración de esta población al aparato productivo del país, que actualmente cuenta con 1,7 millones de migrantes venezolanos, de los cuales el 56 % se encuentra con estatus irregular.La falsa polémica sobre el votoEl expresidente mencionó en su trino una de las principales confusiones que generó el anunció de ese decreto. Algunos personajes públicos insinuaron que el Estatuto buscaba legalizar a los migrantes para que participaran en las elecciones presidenciales de 2022. Sin embargo, esta afirmación es falsa y ha quedado clara en las últimas horas. La regularización masiva no implica la nacionalización de los migrantes. Más allá de dar orden al fenómeno migratorio y facilitar la identificación de los venezolanos en Colombia, el EPMV busca facilitar el acceso de los migrantes a los servicios del Estado para que se integren a la vida productiva del país, pero no les otorga el derecho al voto, ni implica acceso a la ciudadanía colombiana.Acorde con la Ley 1070 de 2006, el voto de los extranjeros residentes en Colombia está condicionado principalmente a la obtención de un visado y a la acreditación de mínimo cinco años continuos e ininterrumpidos de permanencia en el país. Adicional a esto, la ley establece que la participación electoral de los foráneos se limita a las elecciones de nivel local (alcaldes distritales y municipales, concejos distritales y municipales, y juntas administradoras locales distritales y municipales). Es decir, no pueden participar de elecciones de circunscripción nacional como las de presidente o Congreso.Al respecto, el director general de Migración Colombia, Juan Francisco Espinosa, sostuvo que: “Los migrantes no pueden participar, por ley, en elecciones. No están habilitados, no son votantes”. Asimismo, el funcionario negó que esta medida ponga en riesgo y, por el contrario, dijo que la protege.Estas son algunas dudas precisas sobre el Estatuto.1. ¿Qué es el Estatuto Temporal de Protección para Migrantes Venezolanos?Será el nuevo marco normativo del Estado colombiano para caracterizar y regularizar la condición migratoria de todos los venezolanos que han llegado al país y permitirles una integración más fácil a la sociedad colombiana. “Es un mecanismo complementario al régimen de protección internacional de refugiados que ofrece el resguardo a personas que huyen de su país de origen y que se encuentran en situación de alta vulnerabilidad, en especial más de 966 mil personas venezolanas que se encuentran con estatus irregular en Colombia”, explicó el Gobierno nacional.2. ¿Cómo funcionará el estatuto?Se realizará en dos fases. Primera fase: Se creará el Registro Único de Migrantes Venezolanos para identificar y caracterizar a cada ciudadano venezolano radicado en Colombia. Este trámite, que será gestionado por Migración Colombia, se debe realizar de manera virtual. Segunda fase: se expedirá el Permiso por Protección Temporal (PPT) a los venezolanos que ya hayan realizado el trámite de registro.3. ¿Cuáles son los requisitos para poder vincularme al Registro Único de Migrantes Venezolanos?Estar en Colombia; presentar documento de identidad vigente o vencido (pasaporte, cédula de identidad venezolana, PEP); tener el acta de nacimiento en caso de ser menores de edad; hacer una declaración expresa de la intención de permanecer temporalmente en Colombia, y autorizar la recolección de datos biométricos.4. ¿Qué es el Permiso por Protección Temporal (PPT)?Es un documento plástico con la información requerida por instituciones públicas y privadas. Los beneficiarios, luego del registro único de migrantes venezolanos, tendrán la posibilidad de obtener el PPT, un documento más sólido que les garantizará la permanencia regular en el territorio nacional por hasta 10 años. Este documento, que reemplazará a los Permisos Especiales de Permanencia (PEP), les permitirá integrarse a la sociedad colombiana, pues podrán, entre otros, acceder a derechos, firmar contratos laborales y obtener productos bancarios.5. ¿Quiénes podrán acceder al PPT?Está dirigido a aquellos venezolanos que se encuentren en Colombia de manera regular, aquellos que posean Permiso Especial de Permanencia, que tengan Prórroga de Permanencia (turista) o que cuentan con Permiso de Ingreso y Permanencia. También los solicitantes de refugio o los ciudadanos que posean visas podrán solicitar el estatuto. A los ciudadanos con estatus irregular que demuestren su ingreso al país antes del 31 de enero de 2021 se les otorgará de igual forma la protección de este nuevo mecanismo.Adicionalmente, durante los primeros dos años desde la entrada en vigencia del Estatuto, los venezolanos que ingresen de manera regular por pasos fronterizos formales podrán acceder a los beneficios.6. ¿Cuáles son las condiciones para poder acceder al PPT?No tener antecedentes, anotaciones ni procesos administrativos o judiciales en curso; no tener en curso investigaciones administrativas migratorias; no tener en su contra medidas de expulsión, deportación o sanción económica vigente; no tener en curso investigaciones o condenas por delitos cometidos en Colombia.7. ¿Los Permisos Especiales de Permanencia (PEP) ya no servirán?Las personas que tengan un PEP deberán obtener el PPT, que será el único documento que seguirá vigente en el país.8. ¿Se podrá optar a una visa de residencia al tener el PPT?Sí. El beneficio del PPT es que permitirá sumar tiempo para el otorgamiento de la residencia en Colombia.9. ¿El Permiso por Protección Temporal podrá ser cancelado?Sí. Los ciudadanos que violen la ley migratoria serán sujeto de revisión para la cancelación de su PPT. También todo aquel que incurra en infracción en el ordenamiento jurídico del país. La autoridad migratoria, si considera al extranjero una amenaza para el país, podrá cancelar su permiso. De igual forma, los ciudadanos que permanezcan más de 180 días fuera del país perderán su PPT.10. ¿Puede tenerse e PPT al mismo tiempo con otros permisos?No. Este documento no se puede poseer simultáneamente junto a otro tipo de permiso o visa. Las visas prevalecerán ante el PPT.11. ¿El nuevo estatuto va a causar que muchos más venezolanos lleguen a Colombia?Para no generar un efecto llamada, el Gobierno decidió brindar la posibilidad de regularizarse solamente a los migrantes que hayan ingresado al país antes del 31 de enero de 2021. Después de esa fecha, los venezolanos tendrán que ingresar por un paso fronterizo formal y de manera regular para poder acceder al Permiso por Protección Temporal (PPT).12. ¿Por qué esta medida es algo bueno para Colombia?Actualmente, en el país hay 966 mil venezolanos que tienen estatus migratorio irregular, lo cual les imposibilita su acceso efectivo a derechos, firmar un contrato laboral o acceder a un producto bancario. Esta situación había dificultado la integración socioeconómica de esta población y los aportes que ellos podrían realizar al crecimiento económico del país. Por eso, con el nuevo Estatuto y el nuevo Permiso por Protección Temporal (PPT), miles de venezolanos podrán ubicarse laboralmente o emprender sus propios negocios, y de esta manera ayudar a la generación de empleo y el desarrollo económico de Colombia.*Con información del proyecto Migración Venezuela.",Cristina Castro,Semana,Colombia,"Feb 09, 2021"
“El estatuto de protección para regular a migrantes venezolanos no pone en riesgo la democracia”: Migración Colombia,https://www.semana.com/nacion/articulo/el-estatuto-de-proteccion-para-regular-a-migrantes-venezolanos-no-pone-en-riesgo-la-democracia-migracion-colombia/202102/,"El director general de Migración Colombia, Juan Francisco Espinosa, entregó detalles de cómo funcionará en el país el nuevo estatuto temporal de protección para migrantes venezolanos que pretende, entre otras cosas, que quienes no hayan regularizado su estancia en el territorio colombiano, puedan hacerlo.La cobertura del estatuto temporal de protección es para tres grupos de migrantes: los casi 800.000 venezolanos que ya están en el país, aquellos irregulares que estuvieron en Colombia a 31 de enero de 2021 y quienes son regulares que ingresen por un punto de control migratorio durante los próximos dos años.Es una medida generosa, racional, que le permitirá al país generar una mayor inclusión. Se le da la mano a los migrantes y empieza un gran capítulo en la migración en este país, expresó Espinosa.“Aquellos que ingresen por trochas, pasos ilegales, no serán susceptibles de ser incluidos en esta gran oportunidad para el pueblo venezolano… siempre un marco de legalidad, al que cumpla con lo legal, nuestro abrazo fraterno, al que opte por las medidas inadecuadas tendrán las sanciones administrativas. Y por su puestos lo que opten por el lado criminal, serán judicializados”, aclaró. Se estudiaría en cada caso, la expulsión y deportación.Este estatuto de protección es un mecanismo jurídico y tendrá una vigencia de diez años, durante el cual los migrantes venezolanos deberán pasar al régimen ordinario de visas. “Es una ventana de oportunidad que permite mayor inclusión financiera, social, económica, al sistema de seguridad, mayores posibilidades de acceso a servicios”, precisó.El estatuto es una realidad. Y fue estructurado desde 2020 por parte de Migración Colombia cuya principal tarea fue obtener el registro único de migrantes del vecino país y la tecnología que permitiera la biometría para identificar a los ciudadanos venezolanos.Ahora publicarán el decreto durante quince días e iniciará la primera fase del estatuto: los migrantes cargarán su información a un sistema que le permita al Gobierno caracterizarlos. Posteriormente, se presentarán ante la autoridad migratoria donde Migración obtendrá sus huellas dactilares, el iris, fotografías que apoyen al migrante y proteja al país.Juan Francisco Espinosa desmintió algunos mitos alrededor del estatuto. “Los migrantes no pueden participar, por ley, en elecciones. No están habilitados, no son votantes”. En este orden de ideas, es un mito que el estatuto ponga en riesgo la democracia. Al contrario, la protege, afirmó el alto funcionario.Además, este mecanismo acaba con la búsqueda de cédulas fraudulentas por parte de los venezolanos que pretendieron quedarse en el territorio en medio de la ilegalidad. “Ya cuentan con las herramientas para permanecer en Colombia formalmente”, añadió.Migración Colombia también aclaró que el estatuto no generará mayor delincuencia. “La infinita mayoría de migrantes venezolanos son personas de bien, que están tratando de salir adelante en medio de un drama derivado de un régimen que ha acabado con sus esperanzas”, dijo.La medida del gobierno Duque -según Espinosa- tampoco generará desempleo.Escuche el Tik Tak de María Isabel sobre la decisión del presidente Duque",Francisco Argüello,Semana,Colombia,"Feb 09, 2021"
Baja el número de migrantes venezolanos en Colombia por la pandemia,https://www.semana.com/nacion/articulo/baja-el-numero-de-migrantes-venezolanos-en-colombia-por-la-pandemia/202148/,"Aunque en Colombia permanecen 1.729.537 ciudadanos venezolanos que han salido de su país por la crisis política y económica, al finalizar 2020 se registró un descenso en el número de migrantes como consecuencia de las medidas adoptadas por la pandemia del coronavirus que entraron en vigencia en marzo del año pasado.De acuerdo con las cifras de Migración Colombia, la presencia en el país de los ciudadanos venezolanos disminuyó en un 2,35 % frente al número que se tenía registrado en 2019 y, que según esa entidad, obedeció a la emergencia sanitaria decretada por el Gobierno nacional para enfrentar el coronavirus.El director general de Migración Colombia, Francisco Espinosa Palacios, señaló que si bien la curva de ingresos de ciudadanos venezolanos al territorio nacional se había desacelerado para finales de 2019, durante los dos primeros meses de 2020 aún se evidenciaba un crecimiento mensual cercano al 1 % en el número de entradas al país.Sin embargo, esta tendencia comenzó a cambiar a partir del mes de marzo, tras las medidas adoptadas para evitar el crecimiento de los casos de covid-19, cuando miles de venezolanos tomaron la decisión de retornar de manera voluntaria a su país.Durante el primer fin de semana, tras la decisión del Gobierno nacional de cerrar todos los pasos fronterizos, salieron del país un poco más de 29.000 migrantes venezolanos, seguidos, en los meses posteriores por un poco más de 109.000.De acuerdo con el jefe de la autoridad migratoria colombiana, quien advirtió que este grupo de extranjeros regresaría al país en compañía de una o dos personas más, una vez se reactivara la economía, la decisión de regresar a Venezuela obedecía a que la gran mayoría de esta población vive de la economía informal.Espinosa Palacios recordó que se había previsto que para finales de 2020 la dinámica volvía a cambiar y se comenzó a evidenciar por las carreteras nacionales grupos de venezolanos que buscan llegar al interior del país.Es así como desde el 22 de octubre a la fecha han sido ubicados en vías del territorio nacional más de 18.000 migrantes venezolanos, quienes llegaron a Colombia huyendo de la situación actual de Venezuela.Ahora bien, respecto a la distribución del 1.729.537 migrantes venezolanos que se encontraban en Colombia para esa fecha, el director general de Migración Colombia señaló que se ubican, principalmente, en las ciudades de Bogotá, Barranquilla, Cúcuta, Medellín y Cali.Así mismo afirmó que de esa cifra, 1.729.537, el 44%, equivalente a un poco más de 762.000 venezolanos, se encuentran en condición regular, mientras que el 56% restante, más de 966.000, se encontrarían en condición irregular.Respecto al número de niños, niñas y adolescentes venezolanos radicados en Colombia, el jefe de la autoridad migratoria colombiana indico que para el 31 de diciembre de 2020 había más de 404.000 menores de edad. De ellos, más de 203.000 son mujeres y cerca de 201.000 son hombres.Migrantes venezolanas desempleadasLas migrantes venezolanas siguen siendo las más afectadas en el sector laboral formal de Colombia. Las mujeres que hace 12 meses vivían en Venezuela presentan una tasa de desempleo de 34,6 por ciento frente a las mujeres no migrantes, la cual se ubica en 20,3 por ciento, según precisó este viernes el Departamento Administrativo Nacional de Estadística (Dane).El organismo informó que unas 27.000 mujeres venezolanas ingresaron al desempleo, a cierre de diciembre de 2020. La brecha de género entre hombres y mujeres migrantes se ubica en 20 puntos porcentuales (los hombres migrantes presentaron una tasa de desempleo de 14,3 por ciento). La tasa de desempleo de los hombres migrantes aumentó 0,2 puntos porcentuales mientras la de las mujeres aumentó en 6,5 puntos porcentuales.La tasa de desempleo de lo acumulado en el periodo enero a diciembre de 2020 para migrantes que hace 12 meses vivían en Venezuela aumentó de 20,6 por ciento a 22,8 por ciento, frente al año anterior (enero-diciembre 2019). En términos absolutos, esto significa que hay 192.000 migrantes que dejaron de estar ocupados en el mercado laboral colombiano.Para los migrantes que hace cinco años vivían en Venezuela, la tasa de desempleo de lo acumulado en el periodo enero-diciembre de 2020 aumentó de 14,4 por ciento a 18,2 por ciento, frente al año anterior (enero-diciembre 2019).La ciudad con mayor desocupación migrante sigue siendo Cúcuta, con 28 por ciento. Bogotá se ubicó en el segundo lugar con 21,8 por ciento y la ciudad de Barranquilla tiene una tasa de desempleo migrante de 15,1 por ciento.A finales de octubre del año pasado, la tasa de desempleo en mujeres migrantes se estaba en 31,2 por ciento, lo que significa que ha ido incrementando paulatinamente.",Javier Contreras,Semana,Colombia,"Jan 30, 2021"
"Colombia exigiría a los migrantes venezolanos pasaporte vigente para ingresar al país, según borrador de resolución",https://www.semana.com/nacion/articulo/colombia-exigiria-a-los-migrantes-venezolanos-pasaporte-vigente-para-ingresar-al-pais-segun-borrador-de-resolucion/202420/,"El Ministerio de Relaciones Exteriores avanza en un proyecto de resolución con el que se establece nuevamente la exigencia de portar el pasaporte vigente a todos los migrantes venezolanos que deseen ingresar al país.Con la medida, según el borrador del texto, el gobierno busca “garantizar una migración segura y ordenada”.Esta disposición derogaría la resolución 2231 del 9 de junio de 2021, que permitía a los ciudadanos del vecino país entrar a Colombia con su pasaporte vencido con el objetivo de “facilitar el ingreso, tránsito, permanencia y salida del territorio colombiano, y como documento de identificación” en el marco de la crisis migratoria.Sin embargo, señala el texto, con la reanudación de las relaciones entre los dos países, “las circunstancias especiales que llevaron a la formulación de la resolución se consideran superadas”. “Mediante el intercambio de relaciones diplomáticas, el 12 de agosto de 2022 se restablecieron las relaciones diplomáticas y consulares entre Colombia y Venezuela y, posteriormente, en septiembre de 2022, se oficializó la reapertura de la frontera terrestre entre ambos países con el propósito de impulsar la integración y cooperación en beneficio de sus ciudadanos, en especial en las regiones fronterizas (…) En este contexto, las circunstancias especiales que llevaron a la formulación de la Resolución 2231 del 9 de junio de 2021 se consideran superadas”, indica el borrador.De entrar en vigencia la nueva resolución, las personas que deseen ingresar al territorio nacional deberán “presentarse ante la autoridad migratoria con su pasaporte vigente, documento de viaje o de identidad válido, según el caso, y con la visa correspondiente cuando sea exigible; y que deberá suministrar la información solicitada por la autoridad migratoria”.En la parte final del borrador se señala que la resolución empezaría a regir 180 días después de su fecha de su publicación en el diario oficial.Colombia registra disminución de llegada de venezolanos al país después de 10 añosColombia es uno de los países que ha acogido a la mayoría de los venezolanos que huyen del régimen chavista, debido a la crisis humanitaria y social que se presenta en Venezuela desde hace varios años. En febrero pasado, Migración Colombia dio a conocer en su más reciente informe en el que las cosas han cambiado y es la primera vez que el país registra una disminución en el arribo de estos migrantes.El director general de Migración Colombia, Fernando García, en la sesión de la Comisión Accidental de Seguimiento al Restablecimiento de las relaciones con Venezuela, celebrada en el Congreso de la República, detalló que hay una tendencia significativa a la reducción de la población venezolana en territorio colombiano.Según cifras de la entidad, la presencia de migrantes venezolanos alcanzó su punto máximo en diciembre de 2022 y ha disminuido mes a mes desde entonces.“Durante el período entre 2022 y 2023, se registró una reducción del 1,10 %, equivalente a 32 mil personas. Este declive, el primero en una década, refleja los resultados de la política de reanudación de relaciones implementadas entre Colombia y Venezuela, y otros fenómenos relevantes”, señaló García.Migración Colombia indicó que la mayor cifra de población venezolana en el país fue en diciembre de 2022, cuando hubo un total de 2.867.748, número que se ha ido reduciendo en los últimos meses. En cuanto a la disminución, detalló, a través de un comunicado, que el Gobierno colombiano ha llevado a cabo un proceso de regularización que ha beneficiado “a medio millón de venezolanos en Colombia, brindándoles seguridad jurídica y acceso a servicios básicos”.",Andrés Felipe Romero,Semana,Colombia,"Apr 25, 2024"
Canciller Luis Gilberto Murillo descartó que se le vaya a solicitar pasaporte vigente a venezolanos migrantes en Colombia,https://www.semana.com/politica/articulo/canciller-luis-gilberto-murillo-descarto-que-se-vaya-a-requerir-pasaporte-a-venezolanos-en-colombia/202451/,"En los últimos días, la página de la Cancillería publicó un borrador de decreto por medio del cual supuestamente se les iba a solicitar pasaporte a venezolanos migrantes, lo que prendió las alarmas. El presidente Gustavo Petro dijo que no sería así y la resolución tuvo que ser bajada de la página del Ministerio de Relaciones Exteriores.El canciller encargado Luis Gilberto Murillo se refirió a ese hecho en las últimas horas. Dio a entender que desde el Gobierno no se tomará esa medida. “Hace poco hubo mucha discusión sobre algunos obstáculos que le estábamos colocando a un grupo de la población migrante. No podemos ponerles obstáculos, tenemos que entender que estamos para servirle a esa población”, aseguró el canciller.Murillo regañó a los funcionarios del Ministerio de Relaciones Exteriores diciéndoles que la filosofía del Gobierno se basa en no “ponerles trabas” a los migrantes, sino “facilitarles su acogida”.SEMANA conoció que por ahora ese documento está descartado y no se sacará adelante tras la polémica.El canciller encargado también anunció que junto con Migración Colombia están desarrollando un proyecto para que familias migrantes que tienen hijos en el país puedan acogerse como ciudadanos con permisos legales. Y que también habrá visas especiales de trabajo.Murillo, junto a otros funcionarios, firmó la Resolución 2996 del 25 de abril de 2024, que contempla la Mesa Nacional de la Sociedad Civil para las Migraciones, por medio de la cual se busca un espacio de trabajo de las políticas migratorias del país.Por su parte, el director de Migración Colombia, Carlos Fernando García Manosalva, dijo que en el país se han venido fortaleciendo las medidas para favorecer a los migrantes. “Por eso, es conveniente para nosotros tener en cuenta y para los funcionarios que no podemos llenar de cargas económicas a los migrantes para que accedan a visas que para muchos de ellos son inalcanzables”, afirmó García.El funcionario dijo que este es un tema central para el Gobierno y enfatizó: “La Cancillería y Migración Colombia no van a expedir en este momento documentos que signifiquen cargas onerosas para migrantes que a duras penas muchos de ellos tienen para alimentarse diariamente”, dijo.Toda la polémica se generó porque en los últimos días se conoció un borrador de decreto, publicado en la misma página de la Cancillería para comentarios, que hablaba de la posibilidad de empezar a exigir el pasaporte vigente a migrantes venezolanos para que pudieran entrar al país.Se trata de una realidad compleja sabiendo que muchos de ellos han tenido que salir de Venezuela en búsqueda de mejores oportunidades por la crisis que ha causado el régimen de Nicolás Maduro.“Deberá presentarse ante la autoridad migratoria con su pasaporte vigente, documento de viaje e identidad válido, según el caso, y con la visa correspondiente cuando sea exigible; y que deberá suministrar la información solicitada por la autoridad migratoria”, exigía el documento.La idea central de ese decreto era modificar la resolución 2231 del 9 de junio de 2021, por medio de la cual se ampliaba la vigencia de los pasaportes venezolanos vencidos por dos años para que puedan entrar al país.El presidente Gustavo Petro de inmediato lo desautorizó. “Esto no es cierto. Mi Gobierno no exigirá pasaporte a los migrantes venezolanos”, aseguró el mandatario a través de su cuenta de X, respondiendo a notas de prensa en la que se publicaba el decreto que se encontraba en borrador.Eso generó algunas críticas por parte de sectores de oposición. Por ejemplo, el representante a la Cámara Andrés Forero, del Centro Democrático, le reclamó porque no se trata de una ‘mentira’ de los medios de comunicación como lo quiso mostrar el mandatario, sino de un error interno de los funcionarios del Gobierno.“Si el presidente no firmará el decreto, el problema es la falta de comunicación dentro de su gobierno, no el trabajo de los periodistas. ¡Qué nivel de descoordinación!”, aseguró el congresista.",Nicolás Méndez Galvis,Semana,Colombia,"Apr 26, 2024"
Opositor venezolano en el exilio estalla contra Gustavo Petro: “Ocúpese de su país”,https://www.semana.com/mundo/articulo/opositor-venezolano-en-el-exilio-estalla-contra-gustavo-petro-ocupese-de-su-pais/202513/,"Una de las voces más reconocidas en la oposición, David Smolansky, quien tiene actualmente 3 órdenes de captura de la dictadura venezolana, arremetió contra el presidente de Colombia, Gustavo Petro.El exalcalde venezolano publicó un video en sus redes sociales donde le pide al mandatario colombiano ocuparse de su país, después de que Petro asegurara que la migración venezolana llegó a Colombia por los bloqueos impuestos al régimen de Maduro. “Se la pasa invirtiendo horas por esta red social desinformando sobre lo que realmente ocurre en Venezuela”, dijo Smolansky, asegurando que “Los venezolanos ya decidimos un cambio de régimen el 28 de julio”.“Hace dos días, dos migrantes venezolanos que huyeron de la persecución política de Nicolás Maduro fueron atacados en Colombia y recibieron entre los dos al menos 14 impactos de bala”, dijo Smolansky, aseverando que el móvil del ataque, presuntamente, tiene una motivación política.“No es para menos, cuando en Venezuela impera el Cartel de los Soles, que ya con atentados como el que hubo contra el teniente coronel Ojeda en Chile, sabemos que sus tentáculos trascienden más allá de sus fronteras”, expresó.Smolansky, quien se encuentra en el exilio al huir de Venezuela, le envió un mensaje contundente al presidente Petro.“Si usted se va a referir a Venezuela, yo le aconsejo que se enfoque en los casi 4 millones de migrantes y refugiados venezolanos que han huido de la dictadura de Maduro y no del bloqueo y las sanciones como usted dice”, aseveró.“Los venezolanos ya decidimos cambiar de régimen, el año pasado votamos el 28 de julio, con unas actas que reposan en Panamá, evidenciamos que ganamos 70-30, usted, ocúpese de Colombia que nosotros los venezolanos nos ocupamos de Venezuela y especialmente de desalojar al cartel de los soles del poder, para que inicie la democracia y la libertad”, sostuvo.El video fue una respuesta al mensaje emitido por Petro en el que defiende al régimen de Maduro y asegura que la causa de la migración de venezolanos a Colombia se debió al bloqueo por parte de EE.UU.“Toda la migración venezolana que llegó en masa, primero a Colombia, se desató por bloquear a Venezuela. El presidente Trump debe entender que hay políticas que terminan haciéndole daño a su propio pueblo, una de esas, fue bloquear a Venezuela. Millones de venezolanos salieron con destino Colombia a muchos países suramericanos y a los EE. UU.”, dijo Petro.Cabe recordar que el presidente de Colombia, cuestionó el sábado el Premio Nobel de la Paz a la líder opositora venezolana, María Corona Machado, por una carta enviada al primer ministro de Israel en 2018 para pedir su apoyo para un cambio de gobierno en Venezuela.",Juan David Cardozo Maglioni,Semana,Colombia,"Oct 16, 2025"
Bancamía e IFC se unieron para bancarizar a migrantes venezolanos,https://www.semana.com/economia/articulo/iniciativa-de-bancamia-y-el-ifc-para-bancarizar-migrantes-venezolanos--noticias/297421/,"La Corporaci&oacute;n Financiera Internacional (IFC), miembro del Grupo Banco Mundial, y Bancam&iacute;a, entidad de la Fundaci&oacute;n Microfinanzas BBVA, firmaron un acuerdo de cooperaci&oacute;n para fortalecer la oferta de productos y servicios financieros a los migrantes venezolanos, especialmente mujeres, con el objetivo de ayudarlos a integrarse con &eacute;xito a las din&aacute;micas sociales y econ&oacute;micas del pa&iacute;s.&nbsp;&nbsp; Impulsado por la Iniciativa de Financiamiento para Mujeres Emprendedoras (The Women Entrepreneurs Finance Initiative, We-Fi), el acuerdo contempla implementar herramientas de acercamiento que permitan conocer las necesidades, desaf&iacute;os, preferencias, experiencias y aspiraciones de los migrantes venezolanos en todo lo referente al uso de servicios financieros y bancarios. El proyecto cuenta con el apoyo de Fias (Facility for Investment Climate Advisory Services), una iniciativa de colaboraci&oacute;n administrada por IFC entre pa&iacute;ses donantes, organizaciones filantr&oacute;picas y el Grupo Banco Mundial, cuyo objetivo es facilitar reformas que mejoren el clima de inversi&oacute;n en pa&iacute;ses emergentes. &ldquo;Como producto de este acuerdo se desarrollar&aacute;n pruebas piloto con el objetivo de ofrecer productos y servicios financieros dise&ntilde;ados espec&iacute;ficamente para los migrantes venezolanos, a la vez que se verificar&aacute; c&oacute;mo estos satisfacen las necesidades identificadas durante la etapa de acercamiento&rdquo;, ha manifestado Miguel &Aacute;ngel Charria Li&eacute;vano, presidente ejecutivo de Bancam&iacute;a. La entidad financiera ha atendido a m&aacute;s de 3.800 migrantes venezolanos: el 42% dedicados a actividades de servicios, el 35% a comercio, el 16% a transformaci&oacute;n y el 7% agropecuarias. &ldquo;La mitad de las nuevas cuentas de ahorro y cr&eacute;ditos que se deriven de este proyecto ser&aacute;n destinadas a mujeres. En IFC estamos totalmente convencidos de que una de las mejores maneras de promover la inclusi&oacute;n financiera de los migrantes es a trav&eacute;s del empoderamiento de mujeres&rdquo;, se&ntilde;al&oacute; Elizabeth Mart&iacute;nez de Marcano, gerente para la Regi&oacute;n Andina de IFC. La Corporaci&oacute;n Financiera Internacional trabaja con el sector privado para identificar oportunidades para los migrantes y sus comunidades de acogida en cuatro vertientes: inclusi&oacute;n financiera y promoci&oacute;n de emprendimientos, entrega de servicios b&aacute;sicos como educaci&oacute;n y energ&iacute;a, establecimiento de pol&iacute;ticas que impulsen la creaci&oacute;n de negocios y el aprendizaje de lecciones compartidas con aliados y grupos de inter&eacute;s. Le puede interesar:&nbsp;IFC comprometi&oacute; US$7.100 millones para apoyar al sector privado de Latinoam&eacute;rica",Felipe Pérez Saffon,Semana,Colombia,"Aug 31, 2020"
Bancamía e IFC se unieron para bancarizar a migrantes venezolanos,https://www.semana.com/iniciativa-de-bancamia-y-el-ifc-para-bancarizar-migrantes-venezolanos--noticias/297421/,"La Corporaci&oacute;n Financiera Internacional (IFC), miembro del Grupo Banco Mundial, y Bancam&iacute;a, entidad de la Fundaci&oacute;n Microfinanzas BBVA, firmaron un acuerdo de cooperaci&oacute;n para fortalecer la oferta de productos y servicios financieros a los migrantes venezolanos, especialmente mujeres, con el objetivo de ayudarlos a integrarse con &eacute;xito a las din&aacute;micas sociales y econ&oacute;micas del pa&iacute;s.&nbsp;&nbsp; Impulsado por la Iniciativa de Financiamiento para Mujeres Emprendedoras (The Women Entrepreneurs Finance Initiative, We-Fi), el acuerdo contempla implementar herramientas de acercamiento que permitan conocer las necesidades, desaf&iacute;os, preferencias, experiencias y aspiraciones de los migrantes venezolanos en todo lo referente al uso de servicios financieros y bancarios. El proyecto cuenta con el apoyo de Fias (Facility for Investment Climate Advisory Services), una iniciativa de colaboraci&oacute;n administrada por IFC entre pa&iacute;ses donantes, organizaciones filantr&oacute;picas y el Grupo Banco Mundial, cuyo objetivo es facilitar reformas que mejoren el clima de inversi&oacute;n en pa&iacute;ses emergentes. &ldquo;Como producto de este acuerdo se desarrollar&aacute;n pruebas piloto con el objetivo de ofrecer productos y servicios financieros dise&ntilde;ados espec&iacute;ficamente para los migrantes venezolanos, a la vez que se verificar&aacute; c&oacute;mo estos satisfacen las necesidades identificadas durante la etapa de acercamiento&rdquo;, ha manifestado Miguel &Aacute;ngel Charria Li&eacute;vano, presidente ejecutivo de Bancam&iacute;a. La entidad financiera ha atendido a m&aacute;s de 3.800 migrantes venezolanos: el 42% dedicados a actividades de servicios, el 35% a comercio, el 16% a transformaci&oacute;n y el 7% agropecuarias. &ldquo;La mitad de las nuevas cuentas de ahorro y cr&eacute;ditos que se deriven de este proyecto ser&aacute;n destinadas a mujeres. En IFC estamos totalmente convencidos de que una de las mejores maneras de promover la inclusi&oacute;n financiera de los migrantes es a trav&eacute;s del empoderamiento de mujeres&rdquo;, se&ntilde;al&oacute; Elizabeth Mart&iacute;nez de Marcano, gerente para la Regi&oacute;n Andina de IFC. La Corporaci&oacute;n Financiera Internacional trabaja con el sector privado para identificar oportunidades para los migrantes y sus comunidades de acogida en cuatro vertientes: inclusi&oacute;n financiera y promoci&oacute;n de emprendimientos, entrega de servicios b&aacute;sicos como educaci&oacute;n y energ&iacute;a, establecimiento de pol&iacute;ticas que impulsen la creaci&oacute;n de negocios y el aprendizaje de lecciones compartidas con aliados y grupos de inter&eacute;s. Le puede interesar:&nbsp;IFC comprometi&oacute; US$7.100 millones para apoyar al sector privado de Latinoam&eacute;rica",Felipe Pérez Saffon,Semana,Colombia,"Aug 31, 2020"
Atención: dos migrantes venezolanas murieron tras naufragio en aguas de Nicaragua; la embarcación habría salido de San Andrés,https://www.semana.com/mundo/articulo/tragedia-dos-migrantes-venezolanas-murieron-tras-naufragio-de-barco-en-aguas-de-nicaragua-la-embarcacion-habria-salido-de-san-andres/202321/,"Dos migrantes venezolanas murieron, una de ellas una niña de cuatro años, tras el naufragio de un barco en el Caribe de Nicaragua, según informó el Ejército nicaragüense. Otras 30 personas de Venezuela, Ecuador, Colombia e India también viajaban en la embarcación, pero lograron ser rescatadas.“El Ejército de Nicaragua [...] a través de la Fuerza Naval, realizó búsqueda, salvamento y rescate de 30 personas que naufragaron a bordo de una embarcación” cerca de la isla Corn Island, unos 346 km al este de Managua, señaló la institución en un comunicado publicado en el portal oficialista El 19 Digital.En el operativo fueron localizadas dos migrantes venezolanas de cuatro y 31 años que murieron ahogadas, indicó el texto. Las personas rescatadas son 19 venezolanas, entre ellos seis menores, además de cuatro ecuatorianas, dos colombianas y cinco de India.Para lograr el rescate, las autoridades nicaragüenses desplegaron lanchas rápidas que permitieron sacar del agua rápidamente a estos migrantes y evitar que más muertes se presentaran.La identidad de las víctimasLas víctimas de esta tragedia fueron identificadas como Jhoney Anais Zambrano Zambrano y Amira Isabela Mendoza Torealba, esta última fue la menor de edad. Por su parte, los dos colombianos que viajaban en el barco son Javier Martínez Pérez, de 34 años, y Vanesa Galinde, de 25 años.La embarcación se trasladaba desde la isla de San Andrés hacia Corn Island, agregó el Ejército, que no reportó desaparecidos.“Se mantuvo comunicación con la Armada de Colombia sobre el naufragio de la embarcación para que desde sus aguas realizaran el apoyo de búsqueda, salvamento y rescate”, añadió.El trayecto marítimo de unos 230 km surgió como alternativa para evitar el temido cruce a pie por la selva del Darién, corredor de 266 km entre Colombia y Panamá, controlado por grupos criminales y con graves riesgos por su difícil topografía. El resto del camino hacia Estados Unidos se hace por vía terrestre.En octubre ocurrió una tragedia similarEsta es la segunda tragedia de este tipo que ocurre este año con destino a Corn Island. El pasado mes de octubre una embarcación con 38 migrantes zarpó desde San Andrés rumbo a Nicaragua, pero lastimosamente también terminó volcándose mar abierto.Frente a este caso, hasta el momento no se conoce ningún rescate ni ha sido posible ubicar la embarcación, pese a que los familiares de las víctimas les han hecho un constante llamado a las autoridades de varios países, entre ellos Colombia y Costa Rica, para que adelanten acciones y se logre verificar qué ocurrió con estas personas, 35 de ellas eran venezolanas.Este tipo de casos demuestran la difícil situación por la que atraviesan los migrantes, especialmente venezolanos, que buscan llegar a Estados Unidos para conseguir una mejor calidad de vida. Sin embargo, para alcanzar este objetivo se deben exponer normalmente a contextos adversos que, en muchos casos, llegan a costarles la vida, tal y como ocurrió con estas dos migrantes venezolanas.El panorama es preocupante y por ello varios organismos internacionales les han hecho un llamado a los gobiernos para que adelanten acciones y creen estrategias que ayuden a evitar el desplazamiento de migrantes por estas rutas peligrosas. No obstante, pese al esfuerzo, esta es una problemática que por el momento está lejos de acabarse.",Camilo Andrés Quintana Ramírez,Semana,Colombia,"Dec 25, 2023"
"Colombia, el país de acogida que más migrantes venezolanos alberga en su territorio",https://www.semana.com/mundo/articulo/colombia-el-pais-de-acogida-que-mas-migrantes-venezolanos-alberga-en-su-territorio/202305/,"En el marco de la ingente diáspora migratoria que ha marcado la actualidad de Venezuela en las últimas dos décadas, Colombia ha jugado un importante papel cómo el principal destino de dichos movimientos poblacionales, en tanto no se ha consolidado solamente cómo un país de tránsito, sino que, por el contrario, se ha convertido en uno de los principales estados de acogida de esta importante masa poblacional.Sobre el particular, y en un esfuerzo por cuantificar el fenómeno, un estudio reciente adelantado por la Facultad de Estudios Políticos e Internacionales de la Universidad del Rosario, más precisamente su Observatorio de Venezuela, ha estimado que de los cerca de 7,4 millones de venezolanos que han abandonado su país, el 39,54 % de ellos adoptó como su nuevo hogar a nuestro territorio, lo anterior en parte debido a la cercanía cultural, y a las políticas mismas que, desde la anterior administración nacional se adoptaron para apoyar a esta población que huyó de su país, escapando de las difíciles condiciones sociales y económicas derivadas de la crisis, y de las consecuencias del gobierno de Nicolás Maduro Moros.De acuerdo con cifras reveladas por el referido estudio, el total de venezolanos que se encuentran legales en nuestro territorio, según el registro migratorio, es de 2′894.593, situación que ha exigido que los distintos territorios de acogida, implementen policías encaminadas a su integración y bienestar social.El estudio adelantado por la Universidad del Rosario también versa sobre la calidad de vida en la que esta importante masa poblacional se encuentra actualmente en nuestro país, apuntando que solamente el 59,85 % de los venezolanos que permanecen en territorio colombiano apostaron por acogerse a los beneficios y condiciones derivados del llamado Permisos de Protección Temporal.La cifra de venezolanos que han cumplido con el debido registro RUMV; Registro único de Migrantes Venezolanos, asciende, sin embargo, a 2′478.907, precisando que poco menos de la mitad de ellos corresponde a población infantil y adolescente.En cuanto a los programas de beneficios ofrecidos por el Estado colombiano para los migrantes, el Observatorio de Venezuela de la URosario ha advertido que poco menos de los venezolanos registrados en el RUMV, se afiliaron al sistema general de Seguridad Social, siendo a la vez una población de 496.027, el número de niños que han sido vinculados al sistema de educación nacional, permitiendo que estos sigan adelante con su formación educativa.Si bien en 2019, el problema de la migración venezolana refirió un reto que incluso formó parte de los entonces debates políticos por los gobiernos locales y regionales, previo a las elecciones, la llegada de la pandemia en 2020, y el cierre de muchas oportunidades laborales derivadas de ello, impulsaron a que una porción de los migrantes venezolanos decidieron apostar por regresar a su país de origen, refiriendo la disminución de los migrantes en un -2,35 %.De acuerdo con el informe del Observatorio, otro de los factores que impulsó el regreso de venezolanos a su país en 2020, estuvo dado por el anuncio del Gobierno de Colombia sobre el cierre de la frontera, decisión vinculada a las medidas sanitarias impulsadas por la entonces administración de Iván Duque.No obstante, una observación de la referida entidad académica, también notó que la pandemia sirvió, en la necesidad por la vacunación de la población migrante, de la aceleración de la vinculación de los extranjeros al sistema de salud del país.¿Qué retos tiene la población migrante en Colombia?El estudio presentado por la URosario precisó que en cuanto a los principales problemas que enfrentan los migrantes en nuestro país, de acuerdo a un ejercicio de caracterización adelantado por el DANE, la búsqueda de empleo se ha convertido en uno de los principales problemas para los extranjeros advirtiendo que esta situación es transversal para hombres y mujeres, refiriendo además que es la repuesta de cerca de la mitad de los migrantes encuestados.En cuanto al reto de conseguir empleo, esta situación se ha visto mediada por los problemas para certificar su educación, así como la condición de indocumentación que impide su contratación.En ese mismo sentido, los migrantes han advertido los altos índices de xenofobia a los que se han visto expuestos, y los intentos de los empleadores locales por abusar de la necesidad, ofreciéndoles empleo a cambio de sueldos ínfimos.Pese a lo anterior, la encuesta también ha mostrado el interés de cerca del 82% de ellos en permanecer en nuestro país, advirtiendo que la coyuntura de nuestro país les garantiza, de momento, una mejor condición de vida y oportunidades laborales frente a lo que actualmente vive su país de origen.Sobre la tasa de venezolanos que le apuestan a una pronta devuelta a su país, esta se sitúa en el 2,6% de los encuestados, mientras que la ilusión de usar a Colombia como país de paso, para dirigirse a un tercer Estado, es una constante en apenas el 1 % de los migrantes encuestados.En ese mismo sentido, las estadísticas también muestran que frente a los deseos de permanencia en nuestro país, esta condición está marcada por la edad, advirtiendo que las personas mayores son las que menos manifiestan la posibilidad de retornar a Venezuela.Sobre los contratos a los que han podido acceder los trabajadores de origen venezolano, la encuesta también pone sobre la mesa una difícil situación, advirtiendo que el 32,6% de los venezolanos empleados en Colombia, responden a trabajos informales o independientes, la mayoría de ellos a través de un contrato verbal que no supone las debidas garantías laborales. Los venezolanos en Colombia tampoco se han integrado al sistema financiero y bancario, pues la empresa muestra que apenas poco más de 1 de cada 4 extranjeros provenientes de ese país ha decidido bancarizarse.Además de los retos derivados de las oportunidades laborales, el informe también ha versado sobre los riesgos alimentarios, advirtiendo que cerca del 73 % de los venezolanos en Colombia, se encuentra en condiciones de inseguridad alimentaria.",Javier Vargas,Semana,Colombia,"Sep 04, 2023"
Nicolás Maduro celebra acuerdo con Estados Unidos para repatriar a migrantes venezolanos,https://www.semana.com/mundo/articulo/nicolas-maduro-celebra-acuerdo-con-estados-unidos-para-repatriar-a-migrantes-venezolanos/202338/,"El presidente de Venezuela, Nicolás Maduro, celebró este lunes el acuerdo anunciado por Estados Unidos con su gobierno para la “repatriación directa” de venezolanos desde territorio estadounidense.El acuerdo permitirá “ir regularizando el tema de las migraciones y poder nosotros recibir en Venezuela a un conjunto de migrantes que no reúnen las condiciones legales en los Estados Unidos para permanecer en su territorio”, dijo Maduro en su programa semanal en la televisión estatal. “Son bienvenidos todos los connacionales”.Washington informó el jueves pasado del acuerdo con Caracas para reanudar las deportaciones, cuando el presidente demócrata Joe Biden, candidato a la reelección en 2024, se ve sometido a una fuerte presión, no solo de los republicanos, que le acusan de causar una crisis en la frontera con México, sino también de demócratas al frente de ciudades desbordadas por migrantes como Nueva York o Chicago.Las repatriaciones se realizarán con vuelos directos a través del programa ‘Vuelta a la Patria’, plan del gobierno venezolano para el retorno de migrantes que, según Maduro, ha llevado a más de 400.000 venezolanos de regreso al país caribeño desde varias naciones de América Latina.La ONU estima que más de siete millones de venezolanos han migrado huyendo de una grave crisis política y económica. Maduro pone en duda la cifra, asegurando que unos dos millones dejaron el país y responsabilizando de ello a las sanciones financieras que impuso Estados Unidos para intentar forzar su salida del poder. El mandatario estimó que un millón ha retornado.La patrulla fronteriza de Estados Unidos ha interceptado a venezolanos más de 100.000 veces en la frontera con México desde mayo hasta finales de agosto de este año. El número fue de alrededor de 43.000 en el mismo período en 2022.Ante este panorama, Biden ofreció amparo migratorio a 472.000 venezolanos durante 18 meses para que puedan obtener permiso de residencia y trabajo, pero solo se aplica a los que llegaron al país antes del 31 de julio de 2023. Aquellos que llegaron después de esa fecha y no tienen “una base legal” para permanecer en Estados Unidos serán expulsados.Maduro acusó a sectores de la oposición venezolana de promover la migración con “redes de coyotes” a lo largo de América Latina, culpando entre otros a los exiliados dirigentes Leopoldo López y Juan Guaidó, sin presentar pruebas.EE. UU. advierte que hará “más difícil” migrar ilegalmenteEstados Unidos endurecerá aún más las medidas para contener la migración ilegal, advirtió en México el secretario estadounidense de Seguridad Interior, Alejandro Mayorkas, tras un acuerdo con Venezuela para deportar a ciudadanos de ese país.“Haremos que sea más difícil ingresar por medios ilícitos”, dijo Mayorkas a la prensa tras una reunión de seguridad con funcionarios mexicanos presidida por el jefe de la diplomacia estadounidense, Antony Blinken.Como consecuencia se realizará “una rápida repatriación, también el retorno de migrantes y la prohibición de su reingreso”, agregó al confirmar el acuerdo con el gobierno de Nicolás Maduro.Con información de AFP*",Martín Elías Pacheco Cogollo,Semana,Colombia,"Oct 10, 2023"
Así sería la nueva ola migratoria de venezolanos que llegaría a Colombia tras los terremotos,https://www.semana.com/mundo/articulo/asi-seria-la-nueva-ola-migratoria-de-venezolanos-que-llegaria-a-colombia-por-los-terremotos/202655/,"Mientras se siguen conociendo las cifras de muertos —según reportes del gobierno de Delcy Rodríguez, tras los devastadores terremotos de magnitudes 7,2 y 7,5 del pasado 24 de junio en Venezuela—, nuevas alertas y preocupaciones comienzan a evidenciar la vulnerabilidad a la que se enfrenta el país vecino. Los dos sismos consecutivos que sacudieron Venezuela hace dos semanas causaron al menos, hasta el 9 de julio, 3.890 muertos y dejaron a decenas de miles de personas sin hogar, especialmente en La Guaira.Según estimaciones de la Organización Internacional para las Migraciones (OIM), la catástrofe natural dejó hasta 6,76 millones de personas afectadas.La directora del organismo, Amy Pope, aseguró que “ya es evidente que el desplazamiento aumentará a medida que las personas busquen seguridad. Una respuesta rápida es esencial para proporcionar asistencia humanitaria vital y apoyar al pueblo de Venezuela en los difíciles días y meses que se avecinan”. “Van a tratar de traerse a sus adultos mayores”En ese panorama, una de las situaciones que más llama la atención sería el inicio de una nueva etapa del fenómeno migratorio de venezolanos hacia Colombia, que, en palabras de Ronal Rodríguez, vocero e investigador del Observatorio de Venezuela de la Universidad del Rosario, “nunca se detuvo” y puede incrementarse aún más, con características diferentes a las que se presentaron durante los años más críticos del éxodo venezolano.“Lo que continuaremos viendo es la salida de población venezolana”, afirmó Rodríguez en diálogo con SEMANA, con un fenómeno que estará marcado por la reunificación familiar con la llegada de adultos mayores.“Los adultos mayores, los viejos, se habían quedado en Venezuela, particularmente porque allá tenían su vivienda, tenían sus propiedades y se aferraban a la vida que en algún momento les dio Venezuela, incluso los colombianos que hicieron del hermano país su hogar”, detalló Rodríguez. Pero, ante la complejidad de lo que hoy viven miles de venezolanos, “muchos de los que están en Colombia van a tratar de traerse a sus adultos mayores, a sus abuelos, a sus padres, para tratar de protegerlos un poco de todo lo que va a pasar en Venezuela en los próximos meses ante toda esta dinámica en salud pública”, recalcó.El experto mencionó la necesidad de “retomar las herramientas del Estatuto Temporal de Protección para migrantes venezolanos” diseñadas por el Estado colombiano, que —en palabras de Rodríguez— siguen siendo la política pública más importante que Colombia “ha hecho en materia de regularización de la población venezolana”, pero que sufrió un retroceso desde 2022 con el gobierno de Gustavo Petro.“Todas las medidas e inventos que hizo el gobierno del presidente Gustavo Petro para manejar el tema migratorio no fueron realmente eficientes; fue un desgaste institucional terrible. Una dinámica de reuniones supuestamente para escuchar a las comunidades, cientos de reuniones, miles de horas para finalmente producir unos instrumentos de política pública que no cubren ni siquiera el 2 % de la población regularizada en Colombia”, recalcó.Por eso, para el experto, el Estado colombiano deberá prepararse para atender a personas que perdieron absolutamente todo durante la emergencia.“Muchos de ellos llegarán indocumentados porque, cuando se les vino el edificio encima, no tenían pasaporte, no tenían cédula, ni los documentos básicos para reiniciar un proyecto de vida”, explicó.La compleja crisis sanitaria tras la catástrofeY es que la crisis sanitaria comienza a ser cada vez más evidente y preocupante ante las advertencias de la ONU y la Organización Panamericana de la Salud (OPS) sobre brotes de enfermedades como cólera, sarampión, dengue y zika, entre otras.Esto se suma a que “tres hospitales quedaron inutilizables, mientras que otros 50 aún están operativos en todo el país, aunque parte de ellos con daños”, según los datos de la OPS.El vocero del Observatorio de Venezuela detalló que, ante esta radiografía, si bien Colombia ha sido el país que más ha sido testigo de la crisis migratoria durante 11 años, actualmente se enfrenta a un reto mayor, con menos capacidad de manejo: “Y que muy seguramente será una dinámica que tenga como elemento adicional que es una población adulta mayor que requiere una serie de servicios que lo hacen incluso muchísimo más complejo”.Además, señaló que la crisis sanitaria, que hoy es crítica en el país vecino, se venía presentando desde 2018, cuando en Colombia se detectaron casos de sarampión provenientes de Venezuela:“De hecho, durante los años más duros de la dinámica migratoria, muchos de los venezolanos lo que solicitaban al llegar al territorio colombiano era poder acceder al escudo de vacunación. Y en otros países también fue una de las principales demandas de la población venezolana”.Rodríguez también sostuvo que, en el pasado, el sistema de salud pública de Colombia fue el que empezó a detectar la magnitud de la crisis sanitaria de Venezuela, y en este caso no será la excepción.“Los colombianos tenemos que jugar un papel muy importante; hay sectores médicos, hay gremios, que están haciendo una ayuda que es muy importante, que hay que continuar haciéndola, no solamente por una semana, sino incluso por meses, para evitar que Venezuela caiga en una situación mucho más compleja”, dijo.También recordó que Colombia continúa siendo la principal puerta de salida para quienes abandonan Venezuela, al tiempo que los terremotos no crearon la migración venezolana, sino que profundizaron un proceso que nunca desapareció y que ahora tendrá un componente mucho más humanitario.La tragedia puede terminar favoreciendo al régimen venezolanoYa en el ámbito político, que también puede presionar aún más la salida de venezolanos, Rodríguez consideró que los terremotos fortalecieron temporalmente la posición del régimen venezolano al permitirle postergar la discusión sobre la transición democrática.“Los terremotos juegan a favor para que el régimen pueda dilatar el mayor tiempo posible esta situación e incluso para que le apueste a continuar en el ejercicio del poder más allá de la presidencia del republicano (Donald Trump) en los Estados Unidos“, aseguró. Por eso, el deseo de que se realizaran las elecciones en Venezuela quedó en suspenso y con la gran incógnita de cuándo ocurrirán, pues la tragedia cambió completamente las prioridades, además de que la oposición atraviesa uno de sus momentos más difíciles. “Se suponía que empezaba un proceso buscando un nuevo Consejo Nacional Electoral. Ese proceso ha quedado aplazado… La oposición en este momento está fuertemente golpeada“, aseguró, al referirse especialmente a la situación de María Corina Machado, cuyo liderazgo —dice— depende de regresar al territorio venezolano para encabezar el proceso de reconstrucción política y social. Por eso, aunque Washington ha mantenido acciones de presión contra figuras del chavismo, Rodríguez considera que los hechos muestran una realidad diferente, que hoy Venezuela debe enfrentar con miras a su reconstrucción. “La recuperación de Venezuela ya no solo pasa por la transición política y la recuperación socioeconómica, sino por la reconstrucción material del país“, afirmó.",Carolina Flechas Anzola,Semana,Colombia,"Jul 10, 2026"
"Más de 520.000 migrantes atravesaron el Darién durante 2023, en su mayoría venezolanos y ecuatorianos. Reveladoras cifras de Defensoría",https://www.semana.com/nacion/articulo/mas-de-520000-migrantes-atravesaron-el-darien-durante-2023-en-su-mayoria-venezolanos-y-ecuatorianos-reveladoras-cifras-de-defensoria/202420/,"En el transcurso del año 2023, un asombroso total de 520.085 personas migrantes se aventuraron por la peligrosa ruta irregular de la selva del Darién, que conecta Colombia y Panamá. Este número incluye a 406.905 adultos y 113.180 niñas, niños y adolescentes, lo que representa un aumento del 110 % en comparación con el año anterior, cuando 248.284 individuos realizaron la misma travesía. La magnitud de estos datos ha suscitado preocupación en la Defensoría del Pueblo, dada la serie de desafíos y riesgos a los que se enfrentan los migrantes en su paso por la espesa selva fronteriza.El arduo viaje por el Tapón del Darién ha expuesto a los migrantes a diversas amenazas, que van desde el tráfico de personas hasta posibles casos de trata, robos de pertenencias y dinero, extorsiones, violencia sexual, utilización por parte de grupos armados ilegales, reclutamiento forzado de menores, homicidios, entre otros, de acuerdo con la Defensoría. Tanto adultos como menores de edad buscan refugio y protección internacional mientras enfrentan estos peligros durante su desafiante travesía.Ante las alarmantes cifras, Carlos Camargo, defensor del Pueblo, instó a todos los países de la región a tomar medidas sólidas y efectivas para proteger los derechos humanos de esta vulnerable población. Hizo un llamado a la conciencia colectiva, recordando que muchas personas se ven obligadas a abandonar sus territorios de origen.“Hacemos un llamado a todos los países de la región y a todos los que enfrentan el fenómeno de la migración irregular: protejan los derechos humanos de esta población con acciones sólidas y efectivas, que, en la mayoría de los casos, no en vano se ve en la obligación de abandonar sus territorios”, indicó el defensor Camargo Assis.El informe reveló que la nacionalidad predominante entre los migrantes que cruzan la selva es venezolana, con 328.650 personas, seguida por ecuatorianos (57.250), haitianos (46.422), chinos (25.565), colombianos (18.841) y ciudadanos de otros países. Todos comparten el objetivo de llegar a Estados Unidos en busca de mejores oportunidades.En las primeras dos semanas de 2024, 15.588 personas migrantes han atravesado la selva fronteriza, un número que podría superar el total de enero de 2023, que fue de 24.634. El aumento es particularmente preocupante en el caso de los menores de edad, ya que entre el 1.° y el 15 de enero de 2024, 2.647 niñas y niños enfrentaron los riesgos de esta selva voraz.Se destacó un cambio en la dinámica migratoria al inicio de 2024, con un aumento significativo de migrantes chinos, totalizando 1.427 en comparación con los 409 del mismo período en 2023, lo que representa un incremento del 249 %. Este grupo ahora ocupa el tercer lugar en tránsito, después de Venezuela y Haití, según la entidad.El defensor también hizo un llamado a los nuevos mandatarios locales y departamentales para que asuman sus responsabilidades en la atención al fenómeno migratorio, instando a la observancia de los programas de gobierno y planes de desarrollo para el período 2024-2027. Esto, según él, facilitará la creación de líneas de atención a la población en condiciones de movilidad humana en los entes territoriales.“Los nuevos mandatarios locales y departamentales deben tener muy claro sus responsabilidades con la atención al fenómeno migratorio y la debida observancia a sus programas de gobierno y planes de desarrollo para la vigencia 2024-2027, pues ello permitirá generar líneas de atención de los entes territoriales a la población en condiciones de movilidad humana”, recalcó.",Cristian Felipe Cubillos Contreras,Semana,Colombia,"Jan 30, 2024"
Grabó a Messi y terminó despedida: el caso de la venezolana que generó polémica en EE. UU.,https://www.semana.com/mundo/noticias-estados-unidos/articulo/grabo-a-messi-y-termino-despedida-el-caso-de-la-venezolana-que-genero-polemica-en-ee-uu/202547/,"Un encuentro entre una migrante venezolana que trabajaba en recintos deportivos y el 10 del Inter de Miami, el argentino Lionel Messi, no solo se hizo viral, sino que acabó con una inesperada consecuencia para la mujer en cuestión.Yumara Salinas se encontró en el pasillo de un escenario deportivo al astro del fútbol mundial, durante una jornada extraordinaria en un recinto diferente a los que solía asistir la venezolana.Aprovechando el breve momento, Salinas le pidió a Messi un saludo para su esposo.Cuando le está solicitando el saludo, la mujer le explica a Messi que es para su pareja, a lo que el rosarino le contesta diciendo “¡Ah!, pensé que era para tu hijo. Gredito Colón, saludos”.El saludo de Messi fue posteado por Salinas en su cuenta de Instagram, red social en la que el mini clip se hizo viral. Ya cuenta con más de 600.000 likes, casi 2.000 comentarios, 8.000 reposteos y ha sido compartido más de 23.000 veces.En el mensaje, Salinas mencionó que “fue así como le hice el sueño realidad a mi pareja @greditocolon10 que el mejor jugador del mundo @lionelmeesi le enviara un saludo... lastimosamente esto me costó mi empleo. El tiempo de Dios es perfecto y algo mejor vendrá para mí“.Así bien, al parecer la venezolana fue despedida de su trabajo, ya que el video fue “inapropiado” bajo la perspectiva de sus empleadores.Récord informa que la mujer recibió una comunicación interna informándole que no podría continuar desempeñando sus funciones en los recintos donde colaborabaEn los comentarios del post, los usuarios han respaldado a Salinas, argumentando que actuó como cualquier fan de Messi que le pediría una foto si se lo encontrara en algún lado, dándole mensajes de solidaridad a la venezolana.",Esteban Jurado Pedraza,Semana,Colombia,"Nov 24, 2025"
Los tentáculos de Maduro atraviesan las fronteras: estas son las graves amenazas a los opositores venezolanos en Colombia,https://www.semana.com/politica/articulo/los-refugiados-venezolanos-en-colombia-denuncian-persecucion-por-parte-de-nicolas-maduro-en-bogota-estos-son-los-casos-que-encienden-las-alertas/202520/,"El pasado lunes 13 de octubre, Yendri Velásquez y Luis Peche, dos activistas venezolanos, fueron víctimas de un ataque sicarial en el norte de Bogotá. Más allá de generar temor entre los habitantes del barrio Los Cedros, en el norte de la capital, el caso incrementó el miedo en decenas de refugiados venezolanos que se encuentran en Colombia y que ven materializadas las amenazas que les han llegado desde hace tiempo de parte del régimen de Nicolás Maduro que, según dicen, actuaría a través del Tren de Aragua. Más allá de un atentado sicarial, lo que habría detrás de este hecho es una estrategia sistemática de intimidación que estaría siendo coordinada por el régimen chavista, comandado, en parte, por el ministro del Interior y de Justicia, Diosdado Cabello. Así lo consideran varios refugiados que se encuentran en el país y que hoy tienen temor, pues dicen que por la cercanía y condescendencia del presidente Gustavo Petro, se sienten desprotegidos.La exdiputada Gaby Arellano es una de las que creen que estas intimidaciones han aumentado desde que el régimen le “robó” las elecciones a Edmundo González.Cientos de venezolanos han llegado al país solicitando refugio en los últimos años, otros han seguido su rumbo a otros países. Muchos de los que se han quedado hoy tienen temor de lo que les pueda suceder, pues no sienten que realmente tengan garantías de protección, especialmente luego del atentado contra Velásquez y Peche, quienes aún se encuentran recuperándose en un centro médico. Peche había logrado hace apenas unas semanas la nacionalidad colombiana, mientras que Velásquez se encontraba en proceso de solicitud de refugio.Uno de los principales reclamos de los refugiados venezolanos es que los tiempos de espera están siendo más demorados por parte de la Cancillería, pues antes duraban unos ocho meses, pero en el último año ha aumentado considerablemente o a veces ni siquiera encuentran respuesta en la Comisión Asesora para la Determinación de la Condición de Refugiado (Conare), la dependencia encargada de tramitar estos permisos.“Es un proceso un poco lento que te brinda garantías de seguridad porque cuando eres un perseguido político, el Estado donde tú naciste no te da garantías”, criticó Arellano.La exdiputada venezolana afirmó que, desde la llegada de Petro al poder, varios de los altos dirigentes de ese país que se encontraban como refugiados en Colombia decidieron irse a otro territorio, pues no sentían garantías, entre ellos Julio Borges, expresidente de la Asamblea, o la exfiscal general Luisa Ortega.Otros han decidido quedarse, pero el miedo ha ido aumentando, especialmente por la presencia del Tren de Aragua, sobre el que Petro ha dicho que se trataría de simples criminales.“Yo no digo que sean aliados de Maduro, yo lo digo con mucha responsabilidad: el Tren de Aragua es una organización criminal y transnacional que es creada, auspiciada y dirigida por la normativa política que emana de Miraflores”, afirmó Arellano, quien recordó que ese grupo habría nacido de una cárcel en Maracay bajo las directrices de Tareck El Aissami e Iris Varela.Son varias las voces que aseguran tener información de primera mano de que este grupo tendría una relación directa con el régimen de Maduro y que el mismo Diosdado Cabello les daría lineamientos en algunas ocasiones. Se sabe que esta estructura tiene presencia en Colombia, especialmente en Bogotá.Incluso, hacen una denuncia más grave y es que dicen que desde la Embajada de Venezuela en Colombia se manejaría un centro de contrainteligencia para llevar información al régimen sobre los movimientos de los opositores venezolanos en el país.“Esto no es nuevo. El centro de la embajada de Maduro en Bogotá es un centro de contrainteligencia afines a ellos, el consulado es igual. Uno trata de convivir manteniendo la distancia y respetando sus dinámicas”, denunció Arellano, quien dice que con el atentado contra los dos activistas venezolanos esto pasó de ser un secreto a voces a una realidad.Además, alertó que el embajador Carlos Eduardo Martínez viene de las Fuerzas Militares venezolanas y que esto pasaría con otras oficinas diplomáticas que tiene ese país en el mundo. “No está velando por la seguridad de los venezolanos en el país”, criticó Arellano.Los refugiados aseguran que tampoco han encontrado muchas respuestas de las autoridades colombianas, incluso, teniendo algo de estatus, como fue el caso de Velásquez, que forma parte de Amnistía Internacional.“La respuesta de las instituciones ha sido lenta, y la del presidente Petro, triste y lamentable. Sigue queriendo tapar el sol con un dedo y complaciendo a Caracas”, cuestionó Arellano.Aunque el caso de Velásquez y Peche ha sido el más alarmante, esta misma semana la activista Ana Karina García, directora de la Fundación Juntos Se Puede, denunció que su asistente fue interceptada por hombres venezolanos cuando iba al gimnasio cerca de su casa. Le preguntaron si trabajaba para García, y cuando respondió afirmativamente, la intimidaron y le robaron su celular, desde donde manejaba las cuentas de la fundación y tenía información relacionada con refugiados de ese país. El tema coincide con que García ha sido una de las que más ha condenado el ataque sicarial de días pasados y lo ha relacionado con el régimen.Según contó García, luego del atentado contra Velásquez y Peche comenzaron a hacer solicitudes a la Cancillería colombiana para que hubiera celeridad en los procesos de solicitud de refugiados para que les dieran medidas de protección a las organizaciones sociales y se evaluara de forma individual la seguridad de los perseguidos políticos, con el objetivo de generar una medida colectiva para estos migrantes.“A esto se le suma que en el mes de agosto empezó a rodear a la fundación una camioneta blanca de placas venezolanas. Nosotros lo informamos a la Alcaldía de Bogotá, todos subestimamos estos hechos. El día del robo a mi asistente, esta misma camioneta estuvo rondando las cercanías de mi casa”, denunció García, quien está convencida de que se trata de un proceso sistemático de persecución de la dictadura en territorio colombiano.“Sabemos que en Colombia hay inteligencia del régimen de Nicolás Maduro, sobre todo desde que se retomaron las relaciones diplomáticas. Hay una lista de organizaciones, entre ellas nosotros, que dicen que lo que hacemos es desestabilizar la paz y la seguridad”, agregó la activista.Aunque esta situación ha generado un mayor número de alertas en las últimas semanas, hay casos de refugiados que han recibido mensajes intimidantes desde diciembre del año pasado. Varios han sido mediante redes sociales, en los que les piden que se silencien, que dejen de respaldar a María Corina Machado o que cesen su actividad, los cuales, lamentablemente, se han ido normalizando, pero que, con los ataques recientes, generan una mayor alerta.A pesar de que estos son los casos más recientes, se trata de una práctica que viene sucediendo desde hace años. Marta Barón, colombovenezolana líder de la Fundación Venezolanos por Decisión, dice que hace unos dos años y medio fue víctima de extorsión de miembros del Tren de Aragua. Le pedían 500.000 pesos mensuales y el 10 por ciento de un contrato que se enteraron firmaría para vender productos a una cadena de supermercados. La intimidaron diciéndole que si no pagaba sabían la ubicación de su familia e irían tras ellos.Una de las razones por las que Maduro habría intensificado esa persecución es por el reconocimiento a María Corina Machado como Nobel de la Paz y las críticas que han hecho al régimen, especialmente en medio de la tensión que se vive en ese país por una posible acción de Estados Unidos, pues varios de esos activistas han utilizado las redes para criticar al régimen, lo que consideran que estaría causando ese malestar.",Nicolás Méndez Galvis,Semana,Colombia,"Oct 18, 2025"
Se registra otra víctima de ICE en EE. UU.: un venezolano de 45 años murió bajo custodia de agentes migratorios,https://www.semana.com/mundo/articulo/se-registra-otra-victima-de-ice-en-eeuu-un-venezolano-de-45-anos-murio-bajo-custodia-de-los-agentes-migratorios/202630/,"El Servicio de Inmigración y Control de Aduanas de Estados Unidos (ICE, por sus siglas en inglés) anunció la muerte de un hombre venezolano mientras era trasladado entre centros de detención del órgano parapolicial de inmigración en el estado de Georgia apenas cuatro días después de su arresto.“Jesús Manuel Arenas-Silva, un extranjero ilegal venezolano de 45 años, falleció bajo custodia del ICE el 13 de julio mientras era trasladado de un centro de detención a otro en Georgia”, dijo la entidad en un comunicado En el texto, el ICE ha precisado que el desplazamiento “en autobús” era “desde el Centro de Detención del Condado de Irwin en Ocilla al Centro de Procesamiento de ICE Folkston D. Ray en Folkston”, localidades situadas a unos 160 kilómetros de distancia.Según la nota emitida, los agentes federales lo hallaron inconsciente a las 7:46 a. m. (hora local), cuando “solicitaron asistencia médica e iniciaron maniobras de reanimación”. Sin embargo, “los servicios de emergencia médica acudieron y trasladaron a Arenas-Silva al Hospital del Condado de Irwin, donde fue declarado muerto a las 8:31 a. m. (también hora local)”, recoge el documento, que apunta como posible causa del fallecimiento a “un paro cardíaco”, si bien “la causa oficial está pendiente de un examen médico adicional”.El ICE ha indicado que detuvo al fallecido apenas cuatro días antes de su muerte, “el 9 de julio, durante una operación de control migratorio en Dallas, Georgia, debido a una orden de deportación pendiente”, dictada por un juez de inmigración en Atlanta a finales de abril este mismo año. El migrante, según datos ofrecidos por el ICE, llevaba en Estados Unidos desde octubre de 2021, cuando entró a través de una zona próxima a Caléxico, California, de manera ilegal.Por otro lado, el Servicio subrayó que “mientras estuvo bajo custodia, Arenas-Silva recibió atención médica y fue examinado por profesionales de la salud”, reafirmando su compromiso con “garantizar que todas las personas bajo custodia residan en entornos seguros, protegidos y humanos” donde se proporcione “atención médica integral”.Las declaraciones llegan después de las conocidas denuncias y protestas por un balance de muertes bajo su custodia que asciende a 22 víctimas en lo que va de 2026, cifra separada de las cinco muertes a tiros ocasionadas por sus agentes en distintas operaciones.",Juan David Cardozo Maglioni,Semana,Colombia,"Jul 16, 2026"
Cancillería rechaza atentado en contra de uno de los dos refugiados venezolanos atacados en Bogotá,https://www.semana.com/confidenciales/articulo/cancilleria-rechaza-atentado-en-contra-de-uno-de-los-dos-refugiados-venezolanos-atacados-en-bogota/202511/,"Desde el Ministerio de Relaciones Exteriores se pronunciaron en contra del atentado que sufrieron en Bogotá Yendri Velásquez y Luis Peche, dos refugiados venezolanos en el país.“Desde la Cancillería de Colombia rechazamos el atentado ocurrido en el norte de Bogotá contra dos ciudadanos venezolanos, entre ellos Yendri Velásquez, defensor de derechos humanos, activista LGBTIQ+ y solicitante de refugio en nuestro país”, dijeron.El ministerio destacó que Velásquez, como otros líderes sociales, había acudido a la Defensoría del Pueblo en busca de acompañamiento para su solicitud de protección internacional, tras huir de su país por una “persecución derivada de su labor en defensa de los derechos humanos”, dijeron, aunque no cuestionaron directamente al régimen de Nicolás Maduro.“El pueblo venezolano merece vivir en paz y democracia: Mientras se encuentren en Colombia, las personas migrantes y refugiadas deben contar con respaldo y acompañamiento institucional en garantía de sus derechos. Reiteramos nuestro rechazo a toda forma de violencia o discriminación y nuestro compromiso con la protección y dignidad de las personas migrantes y refugiadas”, aseguraron.Sin embargo, lo que llamó la atención de la comunicación es que no mencionaron a Luis Peche, consultor político venezolano y miembro de Amnistía Internacional que también fue víctima de atentado.Ambos fueron atacados con arma de fuego desde un vehículo cuando salían de un edificio en el nororiente de Bogotá, posteriormente lograron ser trasladados a la clínica Reina Sofía donde se sabe que están estables.",Nicolás Méndez Galvis,Semana,Colombia,"Oct 14, 2025"
Ojo: inició la entrega de Permisos por Protección Temporal (PPT) a migrantes venezolanos en el país,https://www.semana.com/nacion/articulo/ojo-inicio-la-entrega-de-permisos-por-proteccion-temporal-ppt-a-migrantes-venezolanos-en-el-pais/202359/,"Migración Colombia desarrolla una nueva jornada de entrega de Permisos por Protección Temporal (PPT) para migrantes venezolanos, que buscan regularizar su situación en el país por un periodo específico de tiempo, con el programa “Tu PPT en un día”, que se realiza en el Palacio de los Deportes en Bogotá.Para el director general de Migración Colombia, Fernando García Manosalva, su objetivo fue ultimar los detalles de la entrega masiva de Permisos por Protección Temporal (PPT) a migrantes venezolanos que tenían dificultades para obtener el documento y que han esperado por él, hasta casi dos años.García Manosalva explicó que “con esta estrategia estamos cumpliendo el compromiso asumido por el Estado Colombiano en 2021 al adoptar el Estatuto Temporal de Protección para Migrantes Venezolanos, y a la comunidad migrante, al entregarle su PPT, llave que le abre muchas puertas para su integración”.Según el comunicado de MIgración Colombia, “las jornadas se hacen en articulación con la Alcaldía Mayor de Bogotá, cuyas secretarías organizaron una Feria de Servicios del Distrito para ofrecer sus servicios en salud, educación, Sisbén, y otros. Allí, los ciudadanos venezolanos, una vez obtenido su PPT, podrán afiliarse a programas y proyectos ofrecidos por Bogotá”.La entrega masiva de PPT inició a partir de ese 1 de septiembre y va hasta el próximo martes 5 del mismo mes, en el Palacio de los Deportes ( Avenida Calle 63 – Transv. 47).El horario de atención será de 8:00 a.m. a 3:30 p.m. y convoca a migrantes citados previamente por Migración Colombia.El evento en cifrasPara llevar a cabo esta primera jornada de Tu PPT en un día, Migración Colombia ha hecho un importante despliegue de recursos tecnológicos y humanos destinados a garantizar su éxito:A través de su cuenta de X antes Twitter, Migración Colombia, reportó que la jornada estaba avanzando con ‘’éxito’.‘’Con éxito avanza nuestra jornada Tu PPT En Un Día en Bogotá. Venezolanas y venezolanos citados previamente, siguen recogiendo su documento en el Palacio de los Deportes de Bogotá. Ahora ya pueden acceder a todos los servicios del Distrito’.Ciudades donde también harán las entregasDespués de Bogotá, Tu PPT en un día se realizará en otras ciudades como Cúcuta, Cali y Maicao, el comunicado indica que se prioriza la población más vulnerable.La selección de la población citada a la jornada de entregas masivas corresponde a sujetos de especial protección como:Quejas y problemas durante las entregas del PPTAlgunos usuarios a través de las redes sociales también manifestaron su descontento argumentando que hicieron filas por varias horas y no fueron atendidos, otros, por el contrario, señalaron que su proceso fue rápido.“Tenía cita para hoy. Desde las 8 am entré y no logré que lo imprimieran. Llevaron máquinas que estaban malas y un grupo grande nos quedamos hasta las 6 pm sin obtener el documento. Año y medio con 3 biométricos. Nos tomaron los datos para incidencias y ya”, señaló un usuario en X",Juliana Liceth Castro Calderón,Semana,Colombia,"Sep 02, 2023"
Donald Trump emitió medidas severas para migrantes de estos países y amenazó con revocar “millones” de visas,https://www.semana.com/mundo/articulo/donald-trump-emitio-medidas-severas-para-migrantes-de-estos-paises-y-amenazo-con-revocar-millones-de-visas/202510/,"El presidente Donald Trump anunció el jueves, 27 de noviembre, que planea suspender la migración hacia Estados Unidos de personas provenientes de “países del tercer mundo”, un día después de que un ciudadano afgano presuntamente disparara contra dos guardias nacionales en Washington.“Pausaré permanentemente la migración de todos los países del tercer mundo para permitir que el sistema estadounidense se recupere por completo, eliminaré los millones de admisiones ilegales de Biden (...) y expulsaré a cualquiera que no sea un activo neto para Estados Unidos o que sea incapaz de amar a nuestro país”, escribió el presidente Trump en redes sociales.También amenazó con revocar “millones” de visados concedidos durante el gobierno de su predecesor, Joe Biden, y con “expulsar a cualquiera que no sea un activo neto para Estados Unidos”.Trump añadió que pondrá fin a todas las prestaciones y subsidios federales para quienes no sean ciudadanos estadounidenses, y que deportará a cualquier extranjero que represente un riesgo para la seguridad o que “no sea compatible con la civilización occidental”.Su airada publicación, que terminaba deseando a los estadounidenses un feliz Día de Acción de Gracias, marca una nueva escalada en las políticas antimigratorias de su segundo mandato, caracterizado por una campaña de deportaciones masivas.“Estos objetivos se perseguirán con el fin de lograr una reducción significativa de las poblaciones ilegales y problemáticas”, añadió Trump este jueves.“Solo la migración inversa puede remediar por completo esta situación”, dijo, antes de definir esa “situación”, en una segunda publicación enviada inmediatamente después, como una “disfunción social” provocada, según él, por la carga de refugiados y la población migrante, que sería “mucho mayor” que las cifras oficiales.Como parte de su amplia ofensiva contra los migrantes, el gobierno del presidente Donald Trump ha revocado el TPS a afganos, cameruneses, haitianos, hondureños, nepaleses, nicaragüenses, sirios y venezolanos. Estas medidas enfrentan impugnaciones judiciales.Las personas bajo el amparo del TPS están protegidas de deportaciones y pueden trabajar legalmente en Estados Unidos.En ese contexto, cabe recordar que, hace una semana, la Corte Suprema de Estados Unidos aceptó examinar si las autoridades federales pueden rechazar a solicitantes de asilo antes de que crucen la frontera con México para presentar su pedido.Esa política conocida como “metering” fue rescindida por el gobierno del demócrata Joe Biden, pero su sucesor, el republicano Donald Trump, quiere que el máximo tribunal de justicia zanje sobre el tema.Con información de AFP y Europa Press*",Juan David Cardozo Maglioni,Semana,Colombia,"Nov 28, 2025"
Universidades no pueden negarle el acceso a migrantes venezolanos: Corte Constitucional,https://www.semana.com/nacion/articulo/universidades-no-pueden-negarle-el-acceso-a-migrantes-venezolanos-corte-constitucional/202340/,"La Corte Constitucional advirtió que las universidades en Colombia no pueden negarle el acceso a los migrantes venezolanos que quieran acceder a la educación superior.El pronunciamiento del Alto Tribunal se da luego de revisar la acción de tutela que presentó la joven venezolana Adlit Llamoza contra la Universidad de Nariño, debido a que esta institución anuló su inscripción para ingresar a un programa de pregrado, argumentando que el reglamento interno no admitía el Permiso por Protección Temporal (PPT), con el cual aspiró a un cupo especial para extranjeros, como documento válido para matricularse.Cabe recordar que el Permiso por Protección Temporal es un mecanismo de regularización migratoria reconocido por el Gobierno nacional, que autoriza a los migrantes venezolanos a permanecer en Colombia, de manera transitoria y en condiciones de regularidad migratoria especial, con el fin de que puedan acceder a la oferta institucional pública y privada en el país.La Corte Constitucional, con ponencia del magistrado Juan Carlos Cortés González, analizó el caso y recordó que el derecho a la educación supone, entre otros aspectos, la posibilidad de acceder al sistema educativo en condiciones de igualdad.Para el Alto Tribunal, “esta exigencia implica un mandato de no discriminación que compromete al Estado a promover el acceso a la educación, en especial, de las personas más vulnerables; prohíbe realizar distinciones basadas en criterios sospechosos para el ingreso al sistema educativo; y en la educación superior, exige que el procedimiento de acceso se desarrolle en condiciones de igualdad y se fundamente exclusivamente en el mérito y la capacidad de cada aspirante”.En su decisión, el Alto Tribunal tuvo en cuenta que la joven estaba en un contexto de vulnerabilidad, debido a la situación migratoria de la población de origen venezolano y la difícil situación económica que afrentaba desde que llegó al país.La Sala concluyó que la universidad incurrió en un trato discriminatorio en razón del origen nacional de la joven, lo cual le impidió acceder a la educación superior.“La institución académica excedió los límites del ejercicio de la autonomía universitaria, puesto que, si bien su decisión se fundamentó en los requisitos previstos en su reglamento, la institución no aceptó el Permiso por Protección Temporal aportado por la accionante, pese a que este le fue otorgado por el Estado colombiano, en su condición de extranjera migrante con protección temporal y que es reconocido como un documento de identificación válido para acceder al sistema educativo”, señaló la Corte.La Corte también llamó la atención sobre el hecho de que la universidad no adelantó ninguna actuación para remediar la situación particular, aunque posteriormente reformó su reglamento.La decisión dejó claro que, si bien, se reconoce la autonomía universitaria para adoptar reglamentos, la potestad de establecer los requisitos de admisión no es absoluta, debido a que estos no se pueden erigir en barreras insuperables o fundarse en criterios de discriminación.Finalmente, la Corte le ordenó a la Universidad de Nariño que, de acuerdo con el calendario académico, retome el proceso de admisión de la joven en la etapa en que se encontraba al momento de la anulación de su inscripción, si es de su interés, y le suministre información sobre las fechas en que se ofertará nuevamente el programa académico al cual aspiraba.Además, la Corte impartió órdenes de pedagogía y divulgación al Ministerio de Educación Nacional para que adelante estas acciones, a fin de cerrar brechas en el acceso a la educación superior para la población migrante de origen venezolano y se adopten medidas de difusión asociadas al reconocimiento del Permiso de Protección Temporal como un documento de identificación válido en esta materia.",Karen Bohórquez Contreras,Semana,Colombia,"Jul 24, 2023"
"Un migrante venezolano cuenta quién inició el fatal incendio en el centro de detención en Ciudad Juárez, en México",https://www.semana.com/mundo/articulo/un-migrante-venezolano-cuenta-quien-inicio-el-fatal-incendio-en-el-centro-de-detencion-en-ciudad-juarez-en-mexico/202333/,"Un venezolano, que sobrevivió al fatal incendio en Ciudad Juárez del pasado 27 de marzo, habló con el medio mexicano Univisión Noticias y entregó detalles desconocidos sobre el origen del incendio y los sucesos que sucedieron ese día, en el fatal hecho, que dejó 40 migrantes muertos y decenas de heridos, en un centro en donde estaban encerrados.¿Qué pasó?El incendio ocurrió en un centro de migrantes en donde estaban recluidos ciudadanos de distintas nacionalidades. Inicialmente, de acuerdo con las declaraciones del presidente de México Andrés Manuel López Obrador, el fuego lo habrían iniciado los mismos migrantes, cuando se enteraron de que iban a ser deportados.La Fiscalía General de México informó el pasado 30 de marzo, que tras haber identificado a 8 personas señalados por el incendio, se logró la captura de 5 presuntos responsables. “Ya se ejecutaron cinco” órdenes de aprehensión, dijo la fiscal especializada en Derechos Humanos, Sara Irene Herrerías, en una conferencia de prensa en la que se detalló que los fallecidos fueron 18 guatemaltecos, siete salvadoreños, siete venezolanos, seis hondureños y un colombiano.La falta de agua, inició el fuegoEn entrevista exclusiva con Univision Noticias, el venezolano Eduard de Jesús Caraballo López, quien sobrevivió al incendio, cuenta que Jeison Catari Rivas, uno de los migrantes acusados por la Fiscalía de México de causar el incendio, no tenía en la mano el encendedor con el que se prendió una colchoneta en la celda y asegura que tampoco fue él, quien dio inicio al fatal hecho.Caraballo López recordó ante Univisión Noticias, que durante la tarde de ese día, un grupo de migrantes guatemaltecos exigió a los guardias la entrega de agua potable. Dado que la petición no fue atendida, la tensión aumentaba en las celdas cada vez más, de acuerdo con el testimonio, el ánimo se tornó aún más tenso ante la amenaza de que posiblemente los migrantes serían enviados a Ciudad de México.El grupo de guatemaltecos, cuenta Caraballo, decidió emprender acciones para llamar la atención de los guardias “Vamos a prender una colchoneta y vamos a lanzarla para afuera”, amenazaban y añade que “Tenían entre 18 y 20 días encerrados. Me estaban contando el día que entré (…) Me decían que les pasaban agua de vez en cuando”.Según cuenta el sobreviviente, él intentó disuadir a la gente que pensaba encender fuego, como estrategia de protesta: “Como a las 9:00 pm arranca el incendio. Ellos tenían rato conversando de eso. Yo les decía: ‘Hermano, yo voy a salir ahorita, no se pongan con esa locura’. Pero no me hicieron caso. Traté de quitarles el yesquero (encendedor) y se me revelaron”.El encendedorDe acuerdo con la declaración del sobreviviente venezolano, fue un guardia del centro de detención quien le vendió a uno de los guatemaltecos el encendedor con el que se generó el fuego. Caraballo asegura que los guardias vendían también cigarrillos e incluso marihuana.“Yo empecé a gritarle a mi familia, llamaba a los guardias, no me importa que quedara delante de todos como el chismoso. Les decía (a los guardias): ‘Hermano, van a prender esto, van a prender esto’. No me hicieron caso”, dice, confirmando una de las acusaciones que se han hecho a los vigilantes del lugar, de que no hicieron nada para evitar el avance del fuego. La redadaAlgunos migrantes como Caraballo, habían sido detenidos esa misma tarde del 27 de marzo. Él iba en la misma patrulla que a Jeison Catari Rivas, un venezolano imputado por presuntamente iniciar el incendio a quien Caraballo dice que no le cabe responsabilidad alguna en los hechos “Lo metieron preso y él no estaba en eso”, asegura.La esposa de Caraballo se encontraba esperándolo afuera, con los papeles que demostrarían que él y su familia tenían permiso de estar en México.",Carolina Avendaño Pabón,Semana,Colombia,"Apr 11, 2023"
Madres de migrantes venezolanos claman por ayuda para encontrar a sus hijos desaparecidos,https://www.semana.com/mundo/articulo/madres-de-migrantes-venezolanos-claman-por-ayuda-para-encontrar-a-sus-hijos-desaparecidos/202356/,"La situación de los migrantes venezolanos en Colombia es cada vez más fuerte por las constantes desapariciones de ciudadanos bolivarianos en territorio cafetero. Además de la falta de oportunidades en el extranjero, la vulnerabilidad corporal a desarrollar enfermedades respiratorias y de desnutrición, sumando la xenofobia y los señalamientos en la calles, las familias venezolanas están afrontando desde hace varios años las desapariciones de sus seres queridos.Aprovechando que este 30 de agosto se conmemora el Día Internacional de las Víctima de Desapariciones Forzadas, 41 mujeres, madres de la misma cantidad de desaparecidos, se reunieron en Caracas para exigir a las autoridades nacionales y extranjeras el apoyo necesario para dar con el paradero de sus hijos.Las madres que se reunieron en este plantón en la capital venezolana expresaron a medios locales que los recuerdos que atesoran de la última vez que tuvieron contacto con sus hijos se ha vuelto en una base para persistir y llegar hasta el final de las opciones para encontrar a sus familiares.Un flagelo en la fronteraEl Comité de Madres por la Esperanza, como se llama la organización fundada por 41 familias venezolanas, denunciaron la desaparición de sus hijos conjuntamente luego de que desde antes de la pandemia por covid-19 se comenzaran a denunciar estos sucesos sin una respuesta clara por parte de las autoridades venezolanas y colombianas.De acuerdo con el más reciente informe del Observatorio Venezolano de Violencia, en 2022 se registraron 1.370 casos de desaparecidos. Asimismo, la ONG Provea aseveró que las zonas limítrofes son las más peligrosas en donde las desapariciones se presentan constantemente.De acuerdo con Crónica Uno, Eniasel Job Contreras Zurita le dijo a su madre que quería regresar a Venezuela ya que se encontraba trabajando en las minas de Inírida, Colombia, pero lo le había ido tan bien como esperaba. Contreras, quien tenía 25 años en 2019, llegó hasta Cúcuta para cruzar la frontera, sin embargo, no se supo nada más de él.Luego de no tener noticias del joven durante los días siguientes, Lisbeth, la madre, denunció la desaparición de Contreras ante las autoridades bolivarianas y demás instituciones, entre ellas la Cruz Roja Internacional, y hasta viajó a Colombia para que los agentes nacionales colaboraran en el caso, sin embargo, no ha obtenido respuesta. Esta historia es solo una de las decenas de relatos por los que claman las más de 40 mujeres venezolanas.El peligro de las fronterasPor su parte, Marino Alvarado, aseguró para el medio citado que, durante sus años de experiencia como abogado, puede aseverar que algunos de estos casos de desaparición pueden estar involucrados con guerrillas y grupos paramilitares colombianos, los cuales han operado en Venezuela desde hace más de cinco décadas.El abogado también precisó que tanto el ELN como las disidencias de las Farc mantienen constante presencia en algunos estados venezolanos como Amazonas, Apure y Táchira, y por su parte, los grupos paramilitares se han centrado en Táchira y Zulia.Asimismo, el profesional señaló que varios de los casos relacionados con desaparecidos suelen tener conexiones con la población migrante dada su vulnerabilidad económica y social, por lo que pueden ser fácilmente reclutados por organizaciones criminales.Desde hace más de cuatro años, la situación de los migrantes venezolanos va en declive no solo en Colombia, sino a los demás países a donde llegan miles de bolivarianos huyendo del régimen de Maduro. A pesar de los esfuerzos de las organizaciones internacionales y la buena voluntad de los países de la región, el éxodo venezolano es una de las situaciones sociales, sanitarias y humanitarias más complejas de tratar a nivel continental y mundial.",Nelson David García Pedraza,Semana,Colombia,"Aug 30, 2023"
Defensora de Derechos Humanos de origen venezolano en Colombia asegura que está en condición irregular: su visa fue inadmitida,https://www.semana.com/nacion/articulo/defensora-de-derechos-humanos-de-origen-venezolano-en-colombia-asegura-que-esta-en-condicion-irregular-su-visa-fue-inadmitida/202502/,"La activista venezolana Ligia Bolívar, reconocida por su labor como defensora de Derechos Humanos y coordinadora de la iniciativa Alerta Venezuela, denunció que su visa de tipo M en Colombia fue recientemente rechazada por inadmisión, lo que ha derivado en que ahora se encuentre “en condición irregular”. Tras cuatro años con el mismo estatus migratorio, la activista de nacionalidad venezolana afirma que esta situación ha puesto en peligro tanto su trabajo como su acceso a los servicios de salud del Estado colombiano, incluyendo su tratamiento oncológico. “Desde hoy estoy en condición irregular, con riesgo de perder trabajo y EPS y, por tanto, tratamiento oncológico”, dijo Bolívar en su cuenta de X.Este giro llegó cuando la entidad migratoria colombiana decidió que el trámite de renovación de su visa no era admisible, aduciendo que ella supuestamente desistió del mismo.Desde el año pasado advertimos los riesgos que enfrentaban las personas venezolanas que huyeron a Colombia en el contexto pre y postelectoral y la única respuesta ha sido INADMITIR sus solicitudes de visa y demoras en refugio”, dijo Bolívar.La defensora asegura que, pese a mantener el mismo tipo de contrato laboral y residiendo legalmente en Colombia durante todo ese tiempo, le exigieron aplicar por un tipo de visa diferente, cuyos requisitos no puede cumplir, lo que califica como una manifestación de “inseguridad jurídica”.“Esto no solo me afecta a mí. Significa que muchos que no tienen visibilidad o respaldo institucional quedan completamente en el aire”, le dijo Bolívar a El Espectador.Más allá de su caso individual, Bolívar advierte que esta situación refleja un problema estructural más amplio que afecta a migrantes venezolanos en Colombia: los retrasos, la inadmisión de visas y la carencia de canales adecuados para regularizar su estatus. La noticia llega en un momento en el que diferentes defensores y activistas venezolanos se enfrentan a problemáticas que vulneran su seguridad, no solo por este tipo de procesos, sino por los evidentes riesgos contra su vida, tras el atentado del pasado 13 de octubre contra Luis Alejando Peche y Yendri Velásquez en las calles de Bogotá.",Juan David Cardozo Maglioni,Semana,Colombia,"Nov 03, 2025"
Nueva York pone la lupa en crisis migrante y anuncia miles de empleos disponibles para venezolanos,https://www.semana.com/mundo/noticias-estados-unidos/articulo/nueva-york-pone-la-lupa-en-crisis-migrante-y-anuncia-miles-de-empleos-disponibles-para-venezolanos/202331/,"En medio de la actual crisis que atraviesa Estados Unidos por la masiva llegada de migrantes provenientes de Centro y Sudamérica, las autoridades de Nueva York; una de las principales y más concurridas ciudades de ese país, anunciaron la disposición de 18.000 nuevas plazas de trabajo que estarán orientadas a responder a las necesidades de los foráneos, haciendo un especial énfasis en las poblaciones provenientes de la diáspora venezolana.Dicho anuncio, según destacan medios locales de ese país, se conoce en momentos en que está próximo a darse el programa de la Extensión del Estatus de Protección Temporal; TPS, orientado a la población que huyó del régimen de Nicolás Maduro Moros en Venezuela.El anuncio de esta apertura de miles de empleos estuvo a cargo de la gobernadora del estado homónimo; Nueva York, Kathy Hochul, y hace parte de una creciente preocupación que incluso ha llevado al propio alcalde de la ciudad a programar una gira por América Latina, para abordar con autoridades de la región el tema. En ese caso, se ha anunciado incluso que el alcalde Adams visitará la región de El Darién, en la frontera colombo-panameña.El anuncio de HochulDe acuerdo con la gobernadora del Estado de Nueva York, el anuncio de la apertura de 18.000 plazas laborales se deriva de un estudio adelantado por el Departamento de Trabajo, que incluye ofertas de 400 empleadores, que serán destinados a población migrante que cuente con sus papeles en regla, y que han sido beneficiarios del programa de protección temporal dispuesto por el actual gobierno de Joe Biden.Este anuncio se conoce en vísperas de la apertura de un programa que buscará extender el llamado programa de protección temporal, el cual estará en vigencia hasta mediados del año 2025, y que responde a una ayuda particular extendida por el Gobierno estadounidense a las víctimas del régimen Maduro.De acuerdo con las autoridades estadounidenses, si bien la oferta establece la existencia de 18.000 cupos laborales, se estima que estos cargos apenas corresponden a una pequeña porción de la población que se podría caracterizar como ‘elegible’.Sobre el anuncio, la gobernadora estimó que su objetivo es mitigar la creciente tensión que se vive en la ciudad por cuenta del aumento de la oferta de mano de obra, lo que contrasta con las bajas oportunidades de empleo a las que estos migrantes pueden tener acceso, y lo que ello representa en términos prácticos para la ciudad.Para la mandataria, en declaraciones recogidas por medios locales, la fórmula de solución a la crisis migrante es ‘simple’, advirtiendo que si los migrantes llegaron a su ciudad en búsqueda de un empleo, la solución se deriva de ‘darles trabajo’, respondiendo a su vez a una ‘oportunidad’ para el mismo estado, pues con ello se abre la posibilidad de acceso a ‘mano de obra’ en ese territorio.Para la gobernadora, lo ocurrido es, en pocas palabras, cómo “matar dos pájaros de un tiro”, en tanto, responde a la demanda de empleo, y a la demanda de mano de obra; “Si unes las dos cosas, habrás resuelto el problema”, advirtió la gobernadora en declaraciones recogidas por medios locales.Tras el anuncio, se han escuchado algunas voces de respaldo a este, como las provenientes de algunas instituciones sanitarias consultadas por medios cómo CNN; la New York City Hospitality Alliance &amp; Impact Foundation, que han declarado que este empujón servirá en el camino de recuperación frente a la aún vigente crisis derivada de la epoc del covid.Las declaraciones de la entidad advierten que también es oportunidad de emplear en mejores cargos a mano de obra cualificada en materia de sanidad.Si bien el gobierno de Nueva York ha destacado la importancia de la medida anunciada, la gobernadora ha reiterado la necesidad de que este tipo de iniciativas sean replicadas a nivel nacional, reconociendo que Nueva York no es el único territorio afectado.",Javier Vargas,Semana,Colombia,"Oct 04, 2023"
Así se puede aplicar al subsidio de arrendamiento para migrantes venezolanos en Colombia,https://www.semana.com/finanzas/consumo-inteligente/articulo/asi-se-puede-aplicar-al-subsidio-de-arrendamiento-para-migrantes-venezolanos-en-colombia/202332/,"Desde hace algunos años, Venezuela, que tiene frontera con Colombia, se ha visto afectada por una fuerte crisis económica, lo que llevó a que quebraran diversas industrias y tengan problemas de hiperinflación.Esto llevó a que muchos habitantes de ese país, al notar las malas condiciones económicas, el desabastecimiento en supermercados y la difícil situación para conseguir productos esenciales, decidieran tomar destino hacia otros países.Algunas de las opciones por las que optaron los migrantes venezolanos fueron Estados Unidos, Ecuador, Perú, Argentina, entre otros países, incluido Colombia, en la búsqueda de nuevas oportunidades.En ese sentido, el Fondo Nacional de Vivienda, entidad adscrita al Ministerio de Vivienda, Ciudad y Territorio, tiene un total de 200 subsidios para entregar en Bogotá.La convocatoria va dirigida exclusivamente para los hogares migrantes de origen venezolano que habiten en la capital, y que consideren que cumplen con los requisitos:La inscripción para hacer parte del programa se puede hacer desde el pasado 13 de agosto de 2023, y los interesados tendrán plazo de hacerlo hasta el próximo 13 de octubre.Es importante tener en cuenta que el cumplimiento de las condiciones será verificado por el Fondo Nacional de Vivienda o quien designe, para lo cual se revisará la información y documentos cargados al momento de la postulación. El hogar es responsable de la veracidad y consistencia de la información registrada, estando el Fondo facultado en cualquier momento, para verificar la misma.Subsidio de vivienda para policías y militares: así se puede acceder al beneficioEn Colombia, al igual que en varios países del mundo, existen diversos subsidios destinados, en particular, al personal militar para facilitarles la adquisición de una vivienda o aumentar sus ingresos a través de algún tipo de beneficio en efectivo.Uno de estos es el subsidio de vivienda, que está garantizado a miembros de organizaciones militares y policiales mediante el Decreto 2636 de 2022, que de igual manera establece que el valor en pesos, durante 2023, no será inferior al asignado para 2022.Este subsidio fue creado por el Decreto 353 de 1994, que establece que la caja promotora de Vivienda Militar y de Policía es la responsable de este trámite, lo que facilita la adquisición de vivienda propia.“El Gobierno Nacional apropiará anualmente un valor equivalente al 3 % de la nómina anual del personal vinculado al Ministerio de Defensa Nacional y la Policía Nacional, con carácter de subsidio para vivienda”, precisa la legislación.Con un valor asignado determinado, los miembros pueden comprar vivienda nueva, usada o también iniciar la construcción de una. Pese a ello, existen una serie de requisitos que deben cumplir.¿Cómo acceder al subsidio de vivienda de militares?",Felipe Arteaga,Semana,Colombia,"Oct 05, 2023"
"Toma cultural con arte, gastronomía y deporte realizaron colombianos y migrantes venezolanos en Barranquilla",https://www.semana.com/nacion/barranquilla/articulo/toma-cultural-con-arte-gastronomia-y-deporte-realizaron-colombianos-y-migrantes-venezolanos-en-barranquilla/202323/,"El trabajo por la integración de la población migrante y colombiana retornada, con la población de acogida, sigue siendo un desafío en el principal país receptor de este éxodo masivo forzado, proveniente de Venezuela desde hace siete años.Por ello, a través de una jornada desarrollada por el proyecto Ciudades Sin Borde, una estrategia educomunicativa para promover la integración y el desarrollo de la población migrante venezolana en Colombia, se realizó recientemente en la ciudad de Barranquilla una toma cultural que incluyó arte, bailes, gastronomía, orientación en trámites de servicio y partidos de fútbol.Según detallaron voceros de la organización civil Rostro Caribe, en un comunicado de prensa, asistieron a la actividad más de 100 personas a, 12 organizaciones aliadas y un grupo de emprendedores colombianos y venezolanos.En el encuentro, que se desarrolló recientemente en la institución educativa Carlos Meisel, se realizaron varias actividades culturales, artísticas y deportivas, así como de orientación para acceso a salud, empleo, educación y regularización migratoria.En la jornada también se brindaron servicios como orientación en nutrición, salud mental, salud sexual y reproductiva, orientación a la población LGBTIQ+, rutas para la prevención de Violencias Basadas en Género y asistencia jurídica.La actividad contó con la presencia de entidades y organizaciones aliadas como Migración Colombia, el Centro Intégrate, la Secretaría de Salud de la Alcaldía de Barranquilla, la Fundación De Pana Que Sí, Identidades Diversas, Baúl Polisémico, la Agencia Cultural 7-80, la Fundación Mujeres Sin Fronteras Colombo Venezolanas, el Consultorio Jurídico de la Universidad del Norte, Defensa Civil seccional Atlántico, la organización civil Rostro Caribe y Vokaribe Radio. También se sumaron líderes y lideresas del frente de seguridad comunitaria de los barrios Carlos Meisel y La Manga.Durante más de tres horas en el evento se vivió una verdadera fiesta por la integración y también se generaron ideas para aportar a construir una ciudad diversa, inclusiva y amigable.“Esta toma cultural ha sido una excusa para integrarnos, desde el arte, la cultura, el deporte y hasta la gastronomía. Ha sido una jornada para encontrarnos desde nuestras diferencias y para soñar y generar ideas sobre cómo hacer de Barranquilla un territorio de sueños, donde cada persona, sin importar su nacionalidad, pueda realizar su proyecto de vida y aportar al desarrollo social, cultural y económico de la ciudad. En definitiva, cómo seguir haciendo de Barranquilla un buen vividero para todos y todas”, expresó Giannina Torres, enlace territorial y responsable del proyecto Ciudades Sin Borde en Barranquilla.Por su parte, la representante del colegio Carlos Meisel, Alix Paba, resaltó la importancia de promover la integración en las comunidades abriendo las puertas de la institución educativa a este tipo de actividades.ActividadesLa presentación central estuvo a cargo del maestro del arpa, el zuliano Yorman Morales junto a cuatrista Roger Sulbarán y el cantante Nelson Medina, quienes pusieron a cantar y a bailar a los asistentes con joropo, gaita zuliana y música del caribe colombiano, acompañados por María Paola Maldonado González, bailarina del grupo de Danzas Rosaleda de Maracaibo (Venezuela).Los asistentes bailaron junto al colectivo juvenil de jóvenes venezolanos y colombianos “Club dance”; niños y niñas hicieron volar su imaginación con el teatro Kamishibai de la organización Baúl Polisémico, y con la música y el dibujo promovido por la Escuelita Comunitaria de Arte y Cultura de la Agencia Cultural 7-80.A media mañana las personas disfrutaron de un emocionante partido de fútbol entre la Escuela Comunitaria de Fútbol Real Carlos Meisel y el equipo de la institución educativa Carlos Meisel, donde los jóvenes metieron un gol por la integración.“La Toma Cultural ha sido un éxito rotundo, tuvo acogida y mucha presencia de entidades públicas, pero también de agencias de cooperación y sobre todo con la amplia oferta cultural que se logró desde Ciudades Sin Borde”, dijo emocionada Karla Machado, directora regional Atlántico -Magdalena de Migración Colombia.En el “Muro de la integración” las personas asistentes dejaron mensajes y propuestas para construir el territorio que sueñan, una ciudad sin borde, sin fronteras, diversa e inclusiva. En la toma cultural también se degustaron muestras gastronómicas colombianas y venezolanas con la participación de los emprendedores de Pan de Mi Tierra, Dulce Pasión y Yoi Gur.La conducción del evento estuvo a cargo de la comunicadora social Darcy Virginia del equipo de Rostro Caribe, quien junto a la emisora Vokaribe Radio y su programa La Voz del Migrante promovieron una comunicación comunitaria de integración.Apostado por la integraciónPablo Zuluaga, coordinador del Centro Intégrate de Barranquilla, se mostró contento en participar en esta toma cultural que, sin lugar a dudas, aporta unión, amor y libertad con una serie de actividades artísticas, culturales y recreativas para la población migrante, refugiada y comunidad de acogida.Zuluaga destacó que “su equipo brindó orientación en acceso a educación, afiliación en salud, empleabilidad, atención psicosocial y Migración Colombia se encargó de las solicitudes de entrega de Permiso por Protección Temporal (PPT), realización de trámites biométricos y orientación general sobre documentación para regularización”.“El evento me recordó la importancia de valorar nuestras raíces y mantener viva nuestra identidad a pesar de las distancias. Fue un recordatorio de que, como migrantes, llevamos con nosotros una riqueza cultural inigualable, y que compartir nuestras tradiciones es una forma poderosa de construir puentes entre diferentes culturas”, dijo Isabella Marisela de Blanco, quien es oriunda de Punta Cardón, estado Falcón en Venezuela.Por su parte, los asistentes pudieron acceder a orientación para afiliación en salud, y toda la oferta de salud pública de la Secretaría de Salud Distrital, así como a un espacio de rumbaterapia en el marco de su programa de promoción de hábitos de vida saludables.Proyecto Ciudades Sin BordeLa coordinadora académica de Ciudades Sin Borde por parte de la Universidad de Antioquia, Astrid Carrasquilla, explicó que la Toma Cultural hace parte del proyecto “Ciudades Sin Borde”, una estrategia educomunicativa para la integración de la población migrante de Venezuela en Colombia, impulsada por la Universidad de Antioquia y la Fundación Casa de las Estrategias, como parte de las iniciativas que reciben subvención por parte del Fondo Vivir con Dignidad de la Oficina de las Naciones Unidas de Servicios para Proyectos (UNOPS), que es financiado por la Unión Europea.“A través de acciones pedagógicas, comunicativas de articulación comunitaria, institucional e investigación le apostamos a territorios libres de xenofobia, aporofobia y otras formas de discriminación y a la garantía de derechos de todas las personas independientemente de su nacionalidad”, resaltó Carrasquilla, comunicadora social, magíster en educación y docente de la Universidad de Antioquia.Actualmente, el proyecto se está implementando en seis ciudades de Colombia: Barranquilla, Cali, Bogotá, Medellín, Cúcuta y Apartadó.Añadió que el proyecto “Ciudades Sin Borde” reafirma así su compromiso con el fortalecimiento de lazos entre comunidades, demostrando que a través del trabajo en conjunto y el respeto por la diversidad, es posible construir una sociedad más inclusiva y solidaria.",Milagros Palomares,Semana,Colombia,"Aug 03, 2023"
Caracas acusa a Washington de “secuestrar” a decenas de niños venezolanos en territorio estadounidense,https://www.semana.com/mundo/noticias-estados-unidos/articulo/caracas-acusa-a-washington-de-secuestrar-a-decenas-de-ninos-venezolanos-en-territorio-estadounidense/202524/,"Diosdado Cabello denunció que al menos 78 niños venezolanos se encuentran “secuestrados” en territorio norteamericano, por orden del presidente Donald Trump.Según el Ministro del Interior venezolano, un grupo de niños permanece retenido en Estados Unidos, luego de que sus padres fueran deportados a Venezuela.“Fueron secuestrados en Estados Unidos por el Gobierno de los Estados Unidos, se los arrancaron a sus padres de las manos”, expresó Cabello durante su programa semanal Con el mazo dando, transmitido por el canal estatal Venezolana de Televisión (VTV).¿Qué pruebas presentó Venezuela sobre la retención de los 78 niños?Cabello mostró fotografías en donde se muestran a varios menores que se encuentran, según el funcionario, en el centro de reclusión de inmigrantes en Estados Unidos.Según Cabello, se trata de 47 niñas y 31 niños, quienes habrían quedado bajo custodia en centros de detención migratoria.Aseguró que las familias venezolanas salieron hacia Estados Unidos en busca de un futuro mejor y se fueron “tras el sueño americano”, el cual fue promovido por grandes campañas mediáticas.El conflicto migratorio con VenezuelaLa denuncia se produce en el contexto del acuerdo firmado entre Caracas y Washington en enero pasado para facilitar la deportación controlada de ciudadanos venezolanos, pese a que ambos países carecen de relaciones diplomáticas desde 2019.El 12 de septiembre, Venezuela había anunciado el regreso de cuatro niños que estaban “retenidos” en Estados Unidos y expresó su agradecimiento a la primera dama Melania Trump por su intervención. En esa ocasión, Camilla Fabri, presidenta del programa Vuelta a la Patria, criticó que el país norteamericano solo hubiera enviado a cuatro menores, cuando inicialmente se esperaba la repatriación de nueve.La situación reaviva las tensiones entre Caracas y Washington, evidenciando las presiones que persisten incluso en los acuerdos humanitarios entre ambos gobiernos.Mientras Venezuela insiste en que Estados Unidos obstaculiza la reunificación familiar de sus ciudadanos, las autoridades estadounidenses no han emitido una respuesta oficial sobre las acusaciones planteadas.El caso de los 78 niños podría convertirse en un nuevo punto de fricción diplomática que complique aún más los esfuerzos por normalizar los canales de cooperación bilateral.Se espera que en las próximas horas el gobierno norteamericano se pronuncie sobre el tema y se logre llegar a un acuerdo para que, de ser ciertas las afirmaciones de Cabello, los pequeños venezolanos puedan reencontrarse con sus padres en Venezuela",Margarita Briceño Delgado,Semana,Colombia,"Oct 09, 2025"
Las nuevas normas de deportación que todo migrante debe conocer en Estados Unidos,https://www.semana.com/mundo/noticias-estados-unidos/articulo/las-nuevas-normas-de-deportacion-que-todo-migrante-debe-conocer-en-estados-unidos/202501/,"Miles de migrantes en Estados Unidos enfrentan desde 2025 un panorama más severo: nuevas leyes y decretos endurecen los procesos de deportación, limitan las apelaciones y amplían la detención obligatoria, incluso por faltas menores. Expertos advierten que las reformas impulsadas por la administración de Donald Trump podrían dejar a miles de personas sin derecho a defensa ni tiempo para regularizar su estatus.La Ley de Inmigración y Nacionalidad (INA) y sus reformasEl soporte jurídico de toda política migratoria en EE. UU. es la Ley de Inmigración y Nacionalidad (INA, por sus siglas en inglés), promulgada en 1952, que regula admisión, residencia y expulsión de extranjeros bajo el Título 8 del Código de EE. UU. Con el paso de las décadas, esta ley ha sido modificada repetidamente para adaptarse a cambios políticos, de seguridad y sociales.Para 2025, tres secciones de la INA se tornan especialmente relevantes, de acuerdo a lo que se indica en La Nación:Estos cambios apuntan a acelerar el proceso de expulsión y a reducir las oportunidades que los migrantes tienen de apelar o demorar una orden de deportación.Por otra parte, el gobierno de Trump intentó aplicar la Ley de Enemigos Extranjeros de 1798 para acelerar deportaciones, especialmente de migrantes venezolanos vinculados a grupos criminales. Sin embargo, un tribunal federal bloqueó su uso al considerar que solo puede aplicarse en caso de guerra o invasión formal. La decisión fue celebrada por organizaciones civiles, que advirtieron del riesgo de usar normas bélicas contra migrantes.¿Qué cambia para los migrantes en la práctica?Estos ajustes legales tienen impactos concretos para quienes se encuentran en situación migratoria irregular en EE. UU. en 2025:Los abogados especializados advierten que los migrantes, especialmente quienes tienen cargos menores o antecedentes administrativos, estarán en una posición de vulnerabilidad mayor. La coordinación entre autoridades locales y federales, el uso de tecnologías de rastreo y la creciente presión para aplicar expulsiones rápidas presagian un futuro donde los mecanismos legales tradicionales serán puestos a prueba.",Margarita Briceño Delgado,Semana,Colombia,"Oct 27, 2025"
"Atención, migrantes venezolanos: Gobierno abrió programa para encontrar empleo con pocos requisitos",https://www.semana.com/economia/actualidad/empleo/articulo/atencion-migrantes-venezolanos-gobierno-abrio-programa-para-encontrar-empleo-con-pocos-requisitos/202349/,"La migración venezolana es un fenómeno que ha sido evidente en Colombia y otros países de Latinoamérica. Desde hace más de 4 años, millones de ciudadanos de ese país han llegado escapando de una crisis económica y política que azota a ese país y que ha provocado un desbordamiento en la inflación.Sin embargo, ese fenómeno que no estaba escrito supuso un revés para los diferentes países que empezaron a acoger a venezolanos, al tener que destinar una mayor inversión en programas sociales.Recientemente, se conoció un nuevo programa, impulsado por el Departamento de Prosperidad Social, que ofrece a los migrantes venezolanos la posibilidad de acceder a un empleo formal. Empléate sin fronteras: los requisitos y cómo acceder a la convocatoriaLa convocatoria de la entidad estatal no solo beneficiaría a migrantes, pues en esta también pueden participar colombianos retornados de Venezuela y comunidades de acogida, que son lugares con una alta presencia de población migrante.De acuerdo con la entidad, este programa busca formar, certificar y fortalecer competencias de los aspirantes para que tengan mayores oportunidades en el mercado laboral.La mitad de los beneficiarios será la población migrante (incluidos colombianos retornados) y la otra mitad población de acogida. Es decir, la que está en situación de pobreza y pobreza extrema.“Se busca facilitar la colocación laboral de aproximadamente 1.200 personas, 60% de los cuales como mínimo deben ser mujeres”, precisó la entidad.Los requisitos para inscribirse sonLa entidad precisa que el programa se hará bajo un esquema de pago por resultados, que solo desembolsa dinero al socio implementador en la medida en que los beneficiarios alcancen los resultados de manera efectiva.Para mayor información puede ingresar a este link o directamente al portal de Prosperidad Social.Sí hay empleo: multinacional busca 1.900 profesionales para trabajar en todo el paísEl desempleo y la informalidad son dos condiciones que han venido afectando a la sociedad colombiana durante el último tiempo, sin embargo, a pesar de estos factores de análisis a lo largo de los últimos años, las entidades nacionales siguen buscando soluciones ante esta problemática.Sin embargo, las empresas nacionales y multinacionales, continúan en su esfuerzo de ofertar empleo para los colombianos y que de esta manera puedan solventar estas situaciones, como en el caso de la empresa especializada en Recursos Humanos, Adecco, que actualmente está ofertando 1900 vacantes en espacios de trabajo relacionados con:Las vacantes de trabajo se encuentran ofertadas en más de 70 localidades del país, resaltando Bogotá, que cuenta con 850 de estas. Para quienes estén interesados, podrán dirigirse al sitio web de la empresa, en el apartado de ofertas de empleo, para conocer más detalles respecto a los requerimientos y el proceso de postulación en cada espacio.",Esteban Feria,Semana,Colombia,"Jun 07, 2023"
Trato a migrantes venezolanos desata nuevas críticas de Peñalosa contra el Gobierno Petro: “Muy distinto del que les dió Duque”,https://www.semana.com/politica/articulo/trato-a-migrantes-venezolanos-desata-nuevas-criticas-de-penalosa-contra-el-gobierno-petro-muy-distinto-del-que-les-dio-duque/202316/,"La política migratoria venezolana, que había sido resalta en el pasado por su apoyo a los ciudadanos del vecino país que llegaron Colombia, no está pasando por su mejor momento y ya empieza a recibir críticas desde diferentes sectores.El exalcalde de Bogotá Enrique Peñalosa, fue uno de los que se fue en contra del Gobierno del presidente Gustavo Petro, precisamente por el trato que se le está dando a esta población en varias partes del país, especialmente en la capital de la República.“El desastroso tratamiento que le está dando el gobierno Petro a los inmigrantes venezolanos, muy distinto del que les dió Duque”, señaló el exmandatario distrital al replicar un informe publicado por BBC News.“Respetarlos y apoyarlos es la mejor inversión en unas buenas relaciones con Venezuela más allá de la era Maduro, en los próximos 200 años. Y la gran mayoría son trabajadores y buenos ciudadanos”, replicó Peñalosa sobre el informe.En el artículo periodístico se lee las dificultades que han tenido que enfrentar cientos de venezolanos para regular su estadía en Colombia, a través de la renovación del permiso de permanencia y su formalización en Colombia.La nota de la BBC News señala que una de esas evidencias de las dificultades de los venezolanos se observa en la entrada de Migración Colombia de la calle 100 en Bogotá, todas las mañanas, “con decenas de venezolanos desesperados por su cuestión migratoria”.Fuentes consultadas por el medio calificaron la situación como complicada, ante las trabas que les colocan para realizar los procesos de formalización. Venezolanos en ColombiaEl pasado 5 de julio se conoció el más reciente informé del Departamento Administrativo Nacional de Estadística (Dane), con los resultados de Pulso de la migración, un informe que presenta la situación general de los migrantes venezolanos en territorio colombiano.Entre los datos más destacados que entregó el informe se encuentra que, el 81,7 % de los migrantes desea permanecer en Colombia, mientras que el 2,6 % pretende regresar a Venezuela, el 1,1 % irse a otro país y un 14,6 % no tiene definido ese asunto.Los motivos que responden a los planes de permanecer son las buenas condiciones laborales, de ingresos, estilo de vida, estudio y clima que ofrece Colombia.Otro dato importante es que más de la mitad de los habitantes cuenta con los documentos correspondientes para permanecer en el país. El 56,7 % de los hogares cuenta con el Permiso de Protección Temporal (PPT), siendo tan solo un 4 % el que tiene el Permiso Especial de Permanencia (PEP).También se halló que el 0,3 % cuenta con un salvoconducto y el 0,1 % tiene un Permiso Especial de Permanencia para el Fomento de la Formalización (PEPFF). Adicionalmente, un 37,4 % sostiene no tener ningún documento de este tipo.Con respecto a las razones para no tener documentación, el 27,9 % afirma que tiene un documento de regularización en trámite y otro 26,8 % es colombiano retornado. Entre otros motivos, están la no necesidad de este (17 %), falta de información (8 %), no cumplir los requisitos (6,7 %), desconfianza (0,6 %) y otros (16,4 %).Frente a los motivos para arribar a Colombia, la población migrante señaló que fue principalmente en búsqueda de mejores oportunidades laborales, acceder a los servicios de salud y educación en Colombia, mejores condiciones de seguridad y estar con familiares.Con respecto al ingreso, 54,6 % de los hogares entró por un paso fronterizo oficial, mientras que el 43,8 % lo hizo por senderos no oficiales como trochas.",Javier Molina Castillo,Semana,Colombia,"Jul 16, 2023"
Venezuela normaliza sus relaciones con otro país de Latinoamérica: “Comienzan una nueva etapa”,https://www.semana.com/confidenciales/articulo/venezuela-normaliza-sus-relaciones-con-otro-pais-de-latinoamerica-comienzan-una-nueva-etapa/202649/,"El Gobierno de Chile anunció el jueves que acordó un plan con Venezuela para restablecer sus relaciones bilaterales mediante la apertura de servicios consulares, tras su ruptura en 2024 debido a las tensiones políticas entre los entonces mandatarios Gabriel Boric y Nicolás Maduro.En julio de 2024, el gobierno chavista ordenó el retiro de su personal diplomático de Chile y de otros seis países, luego de que estos solicitaran la “revisión completa de los resultados” de las elecciones en las que se había declarado ganador a Maduro.“Se ha logrado este acuerdo trascendente que nos permite avanzar paso a paso en la normalización de las relaciones (...). A partir de hoy, Chile y Venezuela comienzan una nueva etapa”, dijo el presidente José Antonio Kast desde el palacio presidencial.El acuerdo “nos va a permitir avanzar en los tremendos desafíos que tenemos como países en un mismo continente. Desafíos que hablan de seguridad, de migración y de desarrollo económico”, agregó el mandatario.El quiebre de las relaciones entre ambos países representaba un obstáculo para la política migratoria de Kast, que busca expulsar a la mayoría de los 330.000 migrantes indocumentados que residen en Chile, en su mayoría venezolanos.El mes pasado, Chile envió ayuda humanitaria y equipos de rescate a Venezuela tras los devastadores terremotos que dejaron miles de muertos.Días antes, Perú y Venezuela acordaron iniciar un “proceso progresivo” de “reanudación” de sus relaciones diplomáticas, suspendidas en 2024 luego de que el gobierno peruano calificara de “fraude” la reelección de Nicolás Maduro.“En una primera etapa, ambos países han acordado reactivar las relaciones consulares como paso inicial hacia la reanudación plena de los vínculos bilaterales”, señalaron en un comunicado conjunto.",Juan David Cardozo Maglioni,Semana,Colombia,"Jul 30, 2026"
Denuncian barreras para que migrantes venezolanos puedan obtener el PPT por parte de Migración Colombia,https://www.semana.com/nacion/articulo/denuncian-barreras-para-que-migrantes-venezolanos-puedan-obtener-el-ppt-y-redadas-por-parte-de-migracion-colombia/202356/,"A través de un comunicado a la opinión pública, una serie de organizaciones a nivel nacional informó su preocupación sobre las barreras que podrían tener los migrantes venezolanos para adquirir su Permiso de Protección Temporal (PPT), documento que además de permitir la regularización, también hace que estas personas puedan acceder a diferentes bienes y servicios legalmente en el país.Según denunció la directora de la Fundación Juntos Se Puede, Ana Karina García, en medio del foro De la Regularización a la Integración Social y Económica de la Población Migrante, organizado por la Unión Europea y la Cooperación Alemana, quien acusó a Migración Colombia de hacer redadas en contra de esta población vulnerable, así como negar documentos por multas.“Entendemos que estas medidas hay que corregirlas, pero lo que está sucediendo es que el migrante no tiene ni la menor idea de la existencia de multas por lo cual no hay un debido proceso, por lo que el migrante venezolano no tiene cómo defenderse y en el principio del derecho a nivel internacional, una persona es inocente hasta que se compruebe lo contrario o hasta que esté condenada judicialmente” afirmó García.Es de recalcar que, en medio del foro estas denuncias estaban siendo escuchadas y atendidas por Margarita Bautista, subdirectora de extranjería de Migración Colombia; Tania Niño, Oficial de protección de WFP y Operación de Fortalecimiento de el SISBEN/DNP y, Viviana Araque, Presidenta Ejecutiva de Bancamia, entre otros.Así entonces, la defensora de derechos humanos indicó que desde la entidad colombiana se estaban imponiendo barreras en contra de la población migrantes, y luego de negar permisos, en algunas ocasiones las autoridades aprovechaban la información obtenida para hacer redadas en contra de estos migrantes, espacios en los que las autoridades pedían documentos como el PPT y estas personas no podían presentarlos por anteriores negativas, por “medidas correctivas”, entre otros motivos.“Estas medidas correctivas se convierten en una negativa de los PPT. Eso es hoy una gran preocupación que hay en la sociedad civil”, agregó García, haciendo referencia a la necesidad creciente de investigar las presuntas actuaciones de Migración Colombia con respecto a las denuncias que se han recibido, así como a evitar que la población migrante tenga más barreras para legalizar su situación en el país.“Al final lo que se consigue con la negación del PPT es violar un derecho fundamental y que todo este proceso y este gran trabajo que ha hecho Colombia de integración se retroceda porque no hay unas conversaciones pertinentes para solucionar esto”, agregó García.Entre tanto, también aprovechó su participación en el foro para poner sobre la mesa la discusión sobre las rutas migratorias desde Colombia hasta Estados Unidos, en la que se encuentra el tapón de Darién, la selva que conecta con Panamá, camino en que cientos de personas han perdido la vida por las difíciles condiciones que se presentan en medio del viaje.“Hay que buscar formas para que haya una garantía de derechos fundamentales para los migrantes que está quedando expuestos y vulnerables, los cuales los llevan incluso a tomar la decisión de empezar a caminar a través del Darién y exponerse a una cantidad de peligros hasta llegar a México, continuando así con la odisea de un migrante que quiere cruzar ilegalmente hasta los Estados Unidos”, fueron las palabras de García.Pues bien, en el foro también se elevó la voz para hacer eco en las acciones de las organizaciones civiles, resaltando la importancia de las ONG en cuanto al cuidado de los derechos humanos y la información que se brinda a los migrantes en los diferentes casos que se puedan presentar, para lograr que esta población vulnerable pueda encontrar su destino y una calidad de vida digna.",Debbie Sallete Cardona Gámez,Semana,Colombia,"May 09, 2023"
Repatriados: despega un avión con migrantes venezolanos que estaban varados en la frontera entre Chile y Perú,https://www.semana.com/mundo/articulo/repatriados-despega-un-avion-con-migrantes-venezolanos-que-estaban-varados-en-la-frontera-entre-chile-y-peru/202335/,"Como se tenía previsto, un avión con más de un centenar de migrantes venezolanos despegó este domingo 7 de mayo del norte de Chile, en un vuelo de repatriación de personas que llevaban semanas varadas en la frontera con Perú.Centenares de migrantes, principalmente venezolanos, han permanecido desde hace dos semanas en la frontera norte de Chile con la intención de abandonar el país luego de un endurecimiento de los controles migratorios en el país.Perú, por su parte, les impide el paso alegando falta de documentación y militarizó sus fronteras por 60 días para reforzar la vigilancia y enfrentar la inseguridad asociada a extranjeros, según argumentó la presidenta Dina Boluarte.Y es que con el objetivo de aumentar la seguridad en el país y “enfrentar la ola de violencia” en Perú, el primer ministro de ese país, Alberto Otálora, aseguró el pasado 3 de mayo que las autoridades expulsarán a los migrantes en situación irregular que intenten ingresar desde la frontera con Chile.El primer ministro recordó a cuatro ciudadanos peruanos recientemente fallecidos a manos de migrantes. “Todos estos crímenes fueron de execrable violencia y saña criminal, como nunca antes se han visto en el país”, ha lamentado.Pese a las tensiones entre Chile y Perú por la situación de los migrantes varados en la frontera, el ministro de exteriores de Chile, Alberto Van Klaveren, ha calificado de “crisis humanitaria” la situación en la frontera de Chile con Perú, donde cientos de migrantes llevan varias semanas pidiendo cruzar para llegar a pie hasta su país.“Como Cancillería, hemos mantenido conversaciones al más alto nivel, tanto con Perú como con Venezuela. Se trata de buscar una solución concreta”, ha afirmado a través de un comunicado, donde también ha insistido en que no hay “tensiones diplomáticas” con ninguno de estos estados.El vuelo de este domingo que llevó a los migrantes hacia Venezuela partiendo desde la ciudad de Arica, unos 2.000 km al norte de Santiago, fue realizado con una aerolínea privada, y no con la pública venezolana Conviasa. Forma parte del programa Retorno a la Patria que impulsa el gobierno de Nicolás Maduro.“Lo que ha ocurrido en este momento obedece a la coordinación de los distintos sectores”, les dijo a periodistas el delegado del gobierno chileno Ricardo Sanzana, en Arica, al confirmar que el avión había partido cerca de las 5:40 a. m. hora local.A la aeronave subieron 115 venezolanos que aguardaban desde hace más de dos semanas en el paso fronterizo de Chacalluta, en la frontera de Chile con Perú. Horas antes de embarcar fueron trasladados a albergues en Arica.“Las leyes de Chile se pusieron un poco fuertes para nosotros y tuvimos que tomar la decisión de regresar”, dijo David Molina, de 32 años, uno de los migrantes que tomó el vuelo.“Me quiero ir a mi país, está bueno ya”, aseguró por su parte Gerardo, de 30 años, quien prefirió no dar su apellido. “No salgo más de mi país más nunca en la vida”, prometió antes de abordar el avión.Las autoridades chilenas afirmaron que se trata de un primer vuelo de repatriación. Otros aviones deberían salir próximamente, aunque no necesariamente desde Arica.“Hay una firme determinación del gobierno del presidente Gabriel Boric para hacerse cargo de la migración en todos sus sentidos, de una manera ordenada y segura”, agregó el delegado presidencial, Ricardo Sanzana. “No va a haber otros vuelos que probablemente salgan de acá, y si los hay, van a salir de los lugares donde las personas estén hoy día radicadas”, agregó.Chile ya había militarizado su frontera norte, en un intento de controlar el ingreso irregular de migrantes. Adicionalmente, el Congreso aprobó leyes que endurecen el control migratorio, como una que ordena la detención de quien no porte su documentación y otra que extiende el plazo de detención para poder gestionar la expulsión.Con información de Europa Press y AFP*",Juan David Cardozo Maglioni,Semana,Colombia,"May 07, 2023"
"Colombia registra una de las mayores caídas en migración, según la Ocde. Esta es la cifra",https://www.semana.com/confidenciales/articulo/colombia-registra-una-de-las-mayores-caidas-en-migracion-segun-la-ocde-esta-es-la-cifra/202654/,"Pese al avance de los movimientos antiinmigrantes, los flujos de personas entre países no se detienen, menos aún en medio de los conflictos que persisten en el mundo. Datos de la Ocde, recopilados por Visual Capitalist, muestran que entre 2019 y 2024 Polonia fue el país del grupo con el mayor aumento de inmigración permanente: 129 por ciento, impulsado por un mercado laboral fuerte y su cercanía con Ucrania. Lituania, México y España también registraron alzas significativas.En contraste, destinos tradicionales como Canadá, Estados Unidos y Australia siguieron atrayendo migrantes, aunque a menor ritmo. Colombia sobresale entre los países con caídas, con una reducción de 73 por ciento en los migrantes, atribuida a la estabilización tras la ola récord de llegadas de venezolanos, que alcanzó su pico alrededor de 2019. Aun así, el país sigue albergando la mayor población migrante de América Latina, la cual podría volver a crecer tras el terremoto que azotó a Venezuela.",Semana.Com,Semana,Colombia,"Jul 11, 2026"
Santos firmará decreto para “regularizar” más de 400.000 migrantes venezolanos,https://www.semana.com/santos-firmara-decreto-para-regularizar-mas-venezolanos-en-colombia/260386/,"En una de las que ser&aacute;n sus &uacute;ltimas acciones como presidente de Colombia, Juan Manuel Santos&nbsp;firmar&aacute; el lunes un decreto para entregarle el Permiso Especial de Permanencia (PEP) a los 442.462 venezolanos que llegaron al pa&iacute;s sin papeles o por las diferentes trochas de la frontera y que se presentaron al Registro Administrativo de Migrantes Venezolanos (RAM).Esta ser&iacute;a la tercera ola de expedici&oacute;n de documentos PEP del Gobierno Santos desde la crisis migratoria del vecino pa&iacute;s y que dejar&iacute;a un total de 824.197 venezolanos con permiso especial en Colombia, lo que les permite acceder a empleo formal en el pa&iacute;s.De acuerdo con los registros de Migraci&oacute;n Colombia, el pa&iacute;s pas&oacute; de reportar casi 120.000 extranjeros viviendo en su territorio en 2014 a recibir un total de 870.093 venezolanos con corte al 30 de junio de este a&ntilde;o. Cada mes, ingresan entre 40.000 y 50.000 migrantes provenientes del vecino pa&iacute;s por lo que al final de este a&ntilde;o se superar&iacute;a el mill&oacute;n de venezolanos que llegaron a Colombia para instalarse.Recomendado:&nbsp;Juez de la m&aacute;xima corte de Venezuela, designado presidente del Banco CentralChristian Kr&uuml;ger, director de Migraci&oacute;n Colombia, explic&oacute; que los migrantes venezolanos est&aacute;n distribuidos en cuatro categor&iacute;as:El primer tipo de migraci&oacute;n es la de retorno, es decir aquellas familias de los cerca de 950.000 colombianos que hace algunas d&eacute;cadas se establecieron en Venezuela y all&iacute; conformaron sus hogares. El fen&oacute;meno ha incrementado considerablemente las solicitudes de nacionalidad por herencia sangu&iacute;nea ante las registradur&iacute;as.En segundo lugar est&aacute;n los cerca de 1,6 millones de venezolanos que tienen la Tarjeta de Movilidad Fronteriza (TMF) y que cada d&iacute;a entran y salen del pa&iacute;s, pues siguen radicados en Venezuela pero cruzan la frontera a Colombia para trabajar, acceder a servicios gratuitos como vacunaci&oacute;n, vender mercanc&iacute;a o comprar todo tipo de productos que no encuentran en su pa&iacute;s.En tercer lugar est&aacute;n los migrantes de tr&aacute;nsito, es decir aquellos que al no tener pasaportes o recursos para un tiquete a&eacute;reo utilizan el territorio colombiano para llegar a otros pa&iacute;ses de destino. En esta categor&iacute;a, los puestos migratorios hab&iacute;an reportado la salida de 517.562 salidas de venezolanos hasta el 22 de julio de este a&ntilde;o.Foto: Los venezolanos que no tienen recursos utilizan el territorio colombiano para llegar a otros pa&iacute;ses. Getty Images.Lea tambi&eacute;n:&nbsp;Venezuela tardar&iacute;a 10 a&ntilde;os en recuperarseY en cuarto lugar est&aacute;n los migrantes de destino, aquellos que llegan a Colombia para iniciar una nueva vida. En esta categor&iacute;a, para el final del primer semestre del a&ntilde;o se calculaba la presencia de 870.093 venezolanos de los cuales 381.735 tienen regularizada su situaci&oacute;n migratoria, otros 442.462 estar&aacute;n regularizados con la nueva ola del PEP y se calcula que hay otros 45.896 venezolanos irregulares en el pa&iacute;s.Para ellos, y en respuesta a la crisis migratoria del vecino pa&iacute;s que Kr&uuml;ger explica como una estrategia de expulsi&oacute;n del mismo gobierno venezolano, Colombia ha flexibilizado sus normas migratorias pues el pa&iacute;s entendi&oacute; que dicho movimiento poblacional debe ser organizado y se debe evitar al m&iacute;nimo situaciones de abuso o competencia desleal en el mercado laboral. En ese sentido, el pa&iacute;s ya ha sancionado a m&aacute;s de 700 empresas por contratar venezolanos bajo condiciones irregulares. El director de Migraci&oacute;n destac&oacute; que Colombia debe entender este evento como una oportunidad de crecimiento econ&oacute;mico, pues tal como sucede en otros pa&iacute;ses como Estados Unidos, estos migrantes pueden convertirse en una fuerza laboral que los mismos colombianos ya no quieren ejercer en el pa&iacute;s.Estos nuevos habitantes de Colombia se han distribuido principalmente en las grandes capitales. De acuerdo con las cifras de migraci&oacute;n, Bogot&aacute; es la mayor receptora con el 41% de esta poblaci&oacute;n, seguida de Antioquia con 14,3% y Atl&aacute;ntico con el 8,4%.Kr&uuml;ger a&ntilde;adi&oacute; que aunque la migraci&oacute;n desde Venezuela inici&oacute; en 2015 con el cierre de la frontera con Colombia y la expulsi&oacute;n de los colombianos que habitaban en el estado de T&aacute;chira, dicho fen&oacute;meno apenas est&aacute; empezando por lo que ser&aacute; tambi&eacute;n uno de los retos de los siguientes gobiernos, especialmente en atenci&oacute;n de salud, educaci&oacute;n, seguridad, documentaci&oacute;n e inclusi&oacute;n financiera y laboral.Puede interesarle:&nbsp;Maduro reelecto hasta 2025 en comicios desconocidos por oposici&oacute;n",Angélica María Benavides Gómez,Semana,Colombia,"Jul 25, 2018"
Santos firmará decreto para “regularizar” más de 400.000 migrantes venezolanos,https://www.semana.com/internacional/articulo/santos-firmara-decreto-para-regularizar-mas-venezolanos-en-colombia/260386/,"En una de las que ser&aacute;n sus &uacute;ltimas acciones como presidente de Colombia, Juan Manuel Santos&nbsp;firmar&aacute; el lunes un decreto para entregarle el Permiso Especial de Permanencia (PEP) a los 442.462 venezolanos que llegaron al pa&iacute;s sin papeles o por las diferentes trochas de la frontera y que se presentaron al Registro Administrativo de Migrantes Venezolanos (RAM).Esta ser&iacute;a la tercera ola de expedici&oacute;n de documentos PEP del Gobierno Santos desde la crisis migratoria del vecino pa&iacute;s y que dejar&iacute;a un total de 824.197 venezolanos con permiso especial en Colombia, lo que les permite acceder a empleo formal en el pa&iacute;s.De acuerdo con los registros de Migraci&oacute;n Colombia, el pa&iacute;s pas&oacute; de reportar casi 120.000 extranjeros viviendo en su territorio en 2014 a recibir un total de 870.093 venezolanos con corte al 30 de junio de este a&ntilde;o. Cada mes, ingresan entre 40.000 y 50.000 migrantes provenientes del vecino pa&iacute;s por lo que al final de este a&ntilde;o se superar&iacute;a el mill&oacute;n de venezolanos que llegaron a Colombia para instalarse.Recomendado:&nbsp;Juez de la m&aacute;xima corte de Venezuela, designado presidente del Banco CentralChristian Kr&uuml;ger, director de Migraci&oacute;n Colombia, explic&oacute; que los migrantes venezolanos est&aacute;n distribuidos en cuatro categor&iacute;as:El primer tipo de migraci&oacute;n es la de retorno, es decir aquellas familias de los cerca de 950.000 colombianos que hace algunas d&eacute;cadas se establecieron en Venezuela y all&iacute; conformaron sus hogares. El fen&oacute;meno ha incrementado considerablemente las solicitudes de nacionalidad por herencia sangu&iacute;nea ante las registradur&iacute;as.En segundo lugar est&aacute;n los cerca de 1,6 millones de venezolanos que tienen la Tarjeta de Movilidad Fronteriza (TMF) y que cada d&iacute;a entran y salen del pa&iacute;s, pues siguen radicados en Venezuela pero cruzan la frontera a Colombia para trabajar, acceder a servicios gratuitos como vacunaci&oacute;n, vender mercanc&iacute;a o comprar todo tipo de productos que no encuentran en su pa&iacute;s.En tercer lugar est&aacute;n los migrantes de tr&aacute;nsito, es decir aquellos que al no tener pasaportes o recursos para un tiquete a&eacute;reo utilizan el territorio colombiano para llegar a otros pa&iacute;ses de destino. En esta categor&iacute;a, los puestos migratorios hab&iacute;an reportado la salida de 517.562 salidas de venezolanos hasta el 22 de julio de este a&ntilde;o.Foto: Los venezolanos que no tienen recursos utilizan el territorio colombiano para llegar a otros pa&iacute;ses. Getty Images.Lea tambi&eacute;n:&nbsp;Venezuela tardar&iacute;a 10 a&ntilde;os en recuperarseY en cuarto lugar est&aacute;n los migrantes de destino, aquellos que llegan a Colombia para iniciar una nueva vida. En esta categor&iacute;a, para el final del primer semestre del a&ntilde;o se calculaba la presencia de 870.093 venezolanos de los cuales 381.735 tienen regularizada su situaci&oacute;n migratoria, otros 442.462 estar&aacute;n regularizados con la nueva ola del PEP y se calcula que hay otros 45.896 venezolanos irregulares en el pa&iacute;s.Para ellos, y en respuesta a la crisis migratoria del vecino pa&iacute;s que Kr&uuml;ger explica como una estrategia de expulsi&oacute;n del mismo gobierno venezolano, Colombia ha flexibilizado sus normas migratorias pues el pa&iacute;s entendi&oacute; que dicho movimiento poblacional debe ser organizado y se debe evitar al m&iacute;nimo situaciones de abuso o competencia desleal en el mercado laboral. En ese sentido, el pa&iacute;s ya ha sancionado a m&aacute;s de 700 empresas por contratar venezolanos bajo condiciones irregulares. El director de Migraci&oacute;n destac&oacute; que Colombia debe entender este evento como una oportunidad de crecimiento econ&oacute;mico, pues tal como sucede en otros pa&iacute;ses como Estados Unidos, estos migrantes pueden convertirse en una fuerza laboral que los mismos colombianos ya no quieren ejercer en el pa&iacute;s.Estos nuevos habitantes de Colombia se han distribuido principalmente en las grandes capitales. De acuerdo con las cifras de migraci&oacute;n, Bogot&aacute; es la mayor receptora con el 41% de esta poblaci&oacute;n, seguida de Antioquia con 14,3% y Atl&aacute;ntico con el 8,4%.Kr&uuml;ger a&ntilde;adi&oacute; que aunque la migraci&oacute;n desde Venezuela inici&oacute; en 2015 con el cierre de la frontera con Colombia y la expulsi&oacute;n de los colombianos que habitaban en el estado de T&aacute;chira, dicho fen&oacute;meno apenas est&aacute; empezando por lo que ser&aacute; tambi&eacute;n uno de los retos de los siguientes gobiernos, especialmente en atenci&oacute;n de salud, educaci&oacute;n, seguridad, documentaci&oacute;n e inclusi&oacute;n financiera y laboral.Puede interesarle:&nbsp;Maduro reelecto hasta 2025 en comicios desconocidos por oposici&oacute;n",Angélica María Benavides Gómez,Semana,Colombia,"Jul 25, 2018"
María Corina Machado le pide al presidente Petro “investigación urgente” tras atentado contra activistas venezolanos en Bogotá,https://www.semana.com/mundo/articulo/maria-corina-machado-le-pide-al-presidente-petro-investigacion-urgente-tras-atentado-contra-activistas-venezolanos-en-bogota/202502/,"Este lunes, 13 de octubre, Luis Alejandro Peche y Yendri Omar Velásquez, venezolanos que viven en Colombia, se encontraban en el norte de Bogotá cuando fueron alcanzados por sicarios que les dispararon en repetidas oportunidades.Al respecto, la líder opositora y premio Nobel de Paz, María Corina Machado, envió un mensaje en su cuenta de X.“Denuncio y condeno el atentado perpetrado este lunes 13 de octubre en Bogotá, Colombia, contra los activistas venezolanos de derechos humanos”, dijo Machado.“Este ataque constituye una grave agresión no solo contra ellos, sino contra toda la labor de protección y promoción de los derechos humanos en la región”, denunció la líder opositora. “Le pedimos a las autoridades colombianas y al gobierno del presidente Gustavo Petro una investigación exhaustiva, transparente y urgente que permita esclarecer los hechos, identificar a los responsables y garantizar justicia”, agregó Machado.Por su parte, la Defensoría del Pueblo rechazó el atentado ocurrido este lunes en el norte de Bogotá contra los dos ciudadanos venezolanos, solicitantes de refugio en Colombia.“El pueblo venezolano merece vivir en paz y democracia. Mientras se encuentren en territorio colombiano, las personas migrantes y refugiadas deben contar con el respaldo y acompañamiento de las autoridades, en garantía de sus derechos”, dice el comunicado de la Defensoría.“Instamos a la Fiscalía General de la Nación a adelantar una investigación pronta y exhaustiva que permita esclarecer los hechos y adoptar medidas urgentes de protección para las víctimas”, agregó el organismo del Estado.La Defensoría del Pueblo aseguró que Yendri, al igual que muchos otros líderes y lideresas sociales, acudieron a la entidad “en busca de acompañamiento para el trámite de su solicitud de protección internacional, luego de haber tenido que huir de su país de origen por persecución derivada de su labor en defensa de los derechos humanos”.El presidente Gustavo Petro también se pronunció al respecto en su cuenta de X y rechazó el atentado contra los dos venezolanos en la capital del país. “Toda la ciudadanía venezolana que quiera asilarse en Colombia, independiente de sus ideas, es bien recibida, como se ha demostrado en estos años. Nadie puede decir que el Gobierno los ha molestado cualesquiera sean sus ideas. Se han expresado libremente y así continuará”, dijo Petro.“La UNP ampliará la protección de los activistas de derechos humanos de cualquier país del mundo en Colombia. Sabemos qué buscan los violentos en este caso. Sabemos de la reunión en Cúcuta de las mafias coordinadas. A quienes quieran la paz, se les dará la mano, los demás, serán enfrentados con contundencia”, agregó el mandatario. Finalmente, el presidente electo de Venezuela, Edmundo González, también aprovechó para denunciar el hecho en su red social.“Ambos huyeron de la persecución buscando refugio y protección en Colombia, pero la violencia transnacional los alcanzó en el exilio. Yendri solicitó refugio y aún no ha recibido respuesta”, señaló González.Por otro lado, la Plataforma Unitaria se sumó al rechazo por el atentado contra los activistas y refugiados venezolanos Luis Peche Arteaga y Yendri Velásquez.“Ningún acto de violencia o intimidación logrará silenciar la voz de quienes luchan por la libertad, la justicia y los derechos humanos”, dice la carta.",Juan David Cardozo Maglioni,Semana,Colombia,"Oct 13, 2025"
Expresidente Uribe pide “determinación en seguridad” tras atentado contra activistas venezolanos en Bogotá,https://www.semana.com/confidenciales/articulo/expresidente-uribe-pide-determinacion-en-seguridad-tras-atentado-contra-activistas-venezolanos-en-bogota/202516/,"El expresidente Álvaro Uribe Vélez se pronunció este martes, 14 de octubre, sobre el atentado ocurrido en Bogotá contra los activistas venezolanos Luis Alejandro Peche y Yendri Omar Velásquez, quienes denunciaron persecución por parte del régimen de Nicolás Maduro.“A los venezolanos víctimas del atentado en Bogotá, nuestra solidaridad. Para ellos y cada uno de los que huyeron a Colombia por persecución del régimen, se necesita toda la determinación en seguridad para que la fuerza de su voz y sus denuncias se escuchen, incluso, en cada rincón del país hermano”, escribió Uribe en su cuenta de X.El mensaje del exmandatario surge luego de que la activista Ana Karina García, directora de la organización Juntos se Puede, afirmara que el ataque fue “totalmente político” y “coordinado con el gobierno de Maduro”. García también cuestionó lo que calificó como una “narrativa de odio” del presidente Gustavo Petro hacia la oposición venezolana, al asegurar que ese discurso ha generado un ambiente hostil contra quienes se exiliaron en Colombia.Los dos activistas, que habían solicitado refugio ante las autoridades colombianas, resultaron heridos tras ser atacados a bala en el norte de Bogotá. Ambos trabajan en defensa de los derechos humanos y de la comunidad migrante venezolana.",Johnathan Alexander Toro Romero,Semana,Colombia,"Oct 14, 2025"
